source,state,generation,year,month
solar,Andaman and Nicobar Islands,1.17,2015-16,April
solar,Andaman and Nicobar Islands,0.83,2015-16,August
solar,Andaman and Nicobar Islands,0.84,2015-16,December
solar,Andaman and Nicobar Islands,1.37,2015-16,February
solar,Andaman and Nicobar Islands,1.35,2015-16,January
solar,Andaman and Nicobar Islands,0.98,2015-16,July
solar,Andaman and Nicobar Islands,1.01,2015-16,June
solar,Andaman and Nicobar Islands,1.43,2015-16,March
solar,Andaman and Nicobar Islands,1.16,2015-16,May
solar,Andaman and Nicobar Islands,0.84,2015-16,November
solar,Andaman and Nicobar Islands,0.88,2015-16,October
solar,Andaman and Nicobar Islands,0.71,2015-16,September
solar,Andaman and Nicobar Islands,1.38,2016-17,April
solar,Andaman and Nicobar Islands,1.1,2016-17,August
solar,Andaman and Nicobar Islands,1.06,2016-17,December
solar,Andaman and Nicobar Islands,0.94,2016-17,February
solar,Andaman and Nicobar Islands,0.96,2016-17,January
solar,Andaman and Nicobar Islands,0.96,2016-17,July
solar,Andaman and Nicobar Islands,1.05,2016-17,June
solar,Andaman and Nicobar Islands,1.13,2016-17,March
solar,Andaman and Nicobar Islands,1.22,2016-17,May
solar,Andaman and Nicobar Islands,1.13,2016-17,November
solar,Andaman and Nicobar Islands,1.04,2016-17,October
solar,Andaman and Nicobar Islands,0.83,2016-17,September
solar,Andaman and Nicobar Islands,1.21,2017-18,April
solar,Andaman and Nicobar Islands,0.91,2017-18,August
solar,Andaman and Nicobar Islands,1.19,2017-18,December
solar,Andaman and Nicobar Islands,1.22,2017-18,February
solar,Andaman and Nicobar Islands,1.3,2017-18,January
solar,Andaman and Nicobar Islands,0.88,2017-18,July
solar,Andaman and Nicobar Islands,0.99,2017-18,June
solar,Andaman and Nicobar Islands,1.44,2017-18,March
solar,Andaman and Nicobar Islands,1.12,2017-18,May
solar,Andaman and Nicobar Islands,1.15,2017-18,November
solar,Andaman and Nicobar Islands,1.09,2017-18,October
solar,Andaman and Nicobar Islands,1.03,2017-18,September
solar,Andaman and Nicobar Islands,1.3,2018-19,April
solar,Andaman and Nicobar Islands,0.89,2018-19,August
solar,Andaman and Nicobar Islands,1.16,2018-19,December
solar,Andaman and Nicobar Islands,1.74,2018-19,February
solar,Andaman and Nicobar Islands,1.4,2018-19,January
solar,Andaman and Nicobar Islands,0.81,2018-19,July
solar,Andaman and Nicobar Islands,0.8,2018-19,June
solar,Andaman and Nicobar Islands,2.01,2018-19,March
solar,Andaman and Nicobar Islands,1.16,2018-19,May
solar,Andaman and Nicobar Islands,1.16,2018-19,November
solar,Andaman and Nicobar Islands,1.12,2018-19,October
solar,Andaman and Nicobar Islands,1.04,2018-19,September
solar,Andaman and Nicobar Islands,1.94,2019-20,April
solar,Andaman and Nicobar Islands,0.46,2019-20,August
solar,Andaman and Nicobar Islands,0.75,2019-20,December
solar,Andaman and Nicobar Islands,0.86,2019-20,February
solar,Andaman and Nicobar Islands,0.9,2019-20,January
solar,Andaman and Nicobar Islands,1.01,2019-20,July
solar,Andaman and Nicobar Islands,1.17,2019-20,June
solar,Andaman and Nicobar Islands,0.86,2019-20,March
solar,Andaman and Nicobar Islands,1.65,2019-20,May
solar,Andaman and Nicobar Islands,0.61,2019-20,November
solar,Andaman and Nicobar Islands,0.8,2019-20,October
solar,Andaman and Nicobar Islands,0.58,2019-20,September
solar,Andaman and Nicobar Islands,0.86,2020-21,April
solar,Andaman and Nicobar Islands,1.41,2020-21,August
solar,Andaman and Nicobar Islands,1.97,2020-21,December
solar,Andaman and Nicobar Islands,1.87,2020-21,February
solar,Andaman and Nicobar Islands,2.12,2020-21,January
solar,Andaman and Nicobar Islands,1.39,2020-21,July
solar,Andaman and Nicobar Islands,1.01,2020-21,June
solar,Andaman and Nicobar Islands,2.84,2020-21,March
solar,Andaman and Nicobar Islands,0.93,2020-21,May
solar,Andaman and Nicobar Islands,1.41,2020-21,November
solar,Andaman and Nicobar Islands,1.41,2020-21,October
solar,Andaman and Nicobar Islands,7.61,2020-21,September
solar,Andaman and Nicobar Islands,2.49,2021-22,April
solar,Andaman and Nicobar Islands,1.34,2021-22,August
solar,Andaman and Nicobar Islands,2.14,2021-22,December
solar,Andaman and Nicobar Islands,1.8,2021-22,February
solar,Andaman and Nicobar Islands,1.89,2021-22,January
solar,Andaman and Nicobar Islands,1.15,2021-22,July
solar,Andaman and Nicobar Islands,1.82,2021-22,June
solar,Andaman and Nicobar Islands,2.21,2021-22,March
solar,Andaman and Nicobar Islands,1.6,2021-22,May
solar,Andaman and Nicobar Islands,1.88,2021-22,November
solar,Andaman and Nicobar Islands,1.86,2021-22,October
solar,Andaman and Nicobar Islands,1.34,2021-22,September
solar,Andaman and Nicobar Islands,2.69,2022-23,April
solar,Andaman and Nicobar Islands,1.9,2022-23,August
solar,Andaman and Nicobar Islands,1.56,2022-23,December
solar,Andaman and Nicobar Islands,1.94,2022-23,February
solar,Andaman and Nicobar Islands,1.92,2022-23,January
solar,Andaman and Nicobar Islands,1.64,2022-23,July
solar,Andaman and Nicobar Islands,1.66,2022-23,June
solar,Andaman and Nicobar Islands,2.51,2022-23,March
solar,Andaman and Nicobar Islands,2.69,2022-23,May
solar,Andaman and Nicobar Islands,1.83,2022-23,November
solar,Andaman and Nicobar Islands,1.66,2022-23,October
solar,Andaman and Nicobar Islands,1.94,2022-23,September
solar,Andaman and Nicobar Islands,2.81,2023-24,April
solar,Andaman and Nicobar Islands,1.86,2023-24,August
solar,Andaman and Nicobar Islands,2.61,2023-24,December
solar,Andaman and Nicobar Islands,2.97,2023-24,February
solar,Andaman and Nicobar Islands,2.87,2023-24,January
solar,Andaman and Nicobar Islands,1.62,2023-24,July
solar,Andaman and Nicobar Islands,1.85,2023-24,June
solar,Andaman and Nicobar Islands,3.56,2023-24,March
solar,Andaman and Nicobar Islands,2.86,2023-24,May
solar,Andaman and Nicobar Islands,1.9,2023-24,November
solar,Andaman and Nicobar Islands,1.51,2023-24,October
solar,Andaman and Nicobar Islands,1.08,2023-24,September
solar,Andaman and Nicobar Islands,3.07,2024-25,April
solar,Andaman and Nicobar Islands,1.77,2024-25,August
solar,Andaman and Nicobar Islands,2.03,2024-25,December
solar,Andaman and Nicobar Islands,1.92,2024-25,February
solar,Andaman and Nicobar Islands,1.71,2024-25,January
solar,Andaman and Nicobar Islands,1.82,2024-25,July
solar,Andaman and Nicobar Islands,1.67,2024-25,June
solar,Andaman and Nicobar Islands,2.83,2024-25,March
solar,Andaman and Nicobar Islands,2.09,2024-25,May
solar,Andaman and Nicobar Islands,2.03,2024-25,November
solar,Andaman and Nicobar Islands,2.03,2024-25,October
solar,Andaman and Nicobar Islands,1.62,2024-25,September
solar,Andaman and Nicobar Islands,1.53,2025-26,April
solar,Andaman and Nicobar Islands,1.45,2025-26,August
solar,Andaman and Nicobar Islands,1.55,2025-26,December
solar,Andaman and Nicobar Islands,1.55,2025-26,February
solar,Andaman and Nicobar Islands,1.55,2025-26,January
solar,Andaman and Nicobar Islands,1.37,2025-26,July
solar,Andaman and Nicobar Islands,1.0,2025-26,June
solar,Andaman and Nicobar Islands,1.55,2025-26,March
solar,Andaman and Nicobar Islands,1.33,2025-26,May
solar,Andaman and Nicobar Islands,1.55,2025-26,November
solar,Andaman and Nicobar Islands,1.25,2025-26,October
solar,Andaman and Nicobar Islands,1.25,2025-26,September
solar,Andaman and Nicobar Islands,1.55,2026-27,April
solar,Andaman and Nicobar Islands,0.0,2026-27,August
solar,Andaman and Nicobar Islands,0.0,2026-27,December
solar,Andaman and Nicobar Islands,0.0,2026-27,February
solar,Andaman and Nicobar Islands,0.0,2026-27,January
solar,Andaman and Nicobar Islands,0.0,2026-27,July
solar,Andaman and Nicobar Islands,1.55,2026-27,June
solar,Andaman and Nicobar Islands,0.0,2026-27,March
solar,Andaman and Nicobar Islands,1.55,2026-27,May
solar,Andaman and Nicobar Islands,0.0,2026-27,November
solar,Andaman and Nicobar Islands,0.0,2026-27,October
solar,Andaman and Nicobar Islands,0.0,2026-27,September
solar,Andhra Pradesh,15.44,2015-16,April
solar,Andhra Pradesh,12.15,2015-16,August
solar,Andhra Pradesh,31.29,2015-16,December
solar,Andhra Pradesh,40.32,2015-16,February
solar,Andhra Pradesh,35.3,2015-16,January
solar,Andhra Pradesh,12.03,2015-16,July
solar,Andhra Pradesh,10.76,2015-16,June
solar,Andhra Pradesh,51.64,2015-16,March
solar,Andhra Pradesh,13.35,2015-16,May
solar,Andhra Pradesh,28.29,2015-16,November
solar,Andhra Pradesh,18.65,2015-16,October
solar,Andhra Pradesh,13.45,2015-16,September
solar,Andhra Pradesh,76.12,2016-17,April
solar,Andhra Pradesh,162.12,2016-17,August
solar,Andhra Pradesh,179.13,2016-17,December
solar,Andhra Pradesh,202.57,2016-17,February
solar,Andhra Pradesh,188.79,2016-17,January
solar,Andhra Pradesh,116.48,2016-17,July
solar,Andhra Pradesh,124.78,2016-17,June
solar,Andhra Pradesh,247.49,2016-17,March
solar,Andhra Pradesh,116.41,2016-17,May
solar,Andhra Pradesh,189.3,2016-17,November
solar,Andhra Pradesh,189.79,2016-17,October
solar,Andhra Pradesh,144.9,2016-17,September
solar,Andhra Pradesh,266.7,2017-18,April
solar,Andhra Pradesh,307.53,2017-18,August
solar,Andhra Pradesh,368.89,2017-18,December
solar,Andhra Pradesh,402.11,2017-18,February
solar,Andhra Pradesh,370.68,2017-18,January
solar,Andhra Pradesh,321.2,2017-18,July
solar,Andhra Pradesh,304.46,2017-18,June
solar,Andhra Pradesh,440.67,2017-18,March
solar,Andhra Pradesh,332.09,2017-18,May
solar,Andhra Pradesh,317.28,2017-18,November
solar,Andhra Pradesh,323.8,2017-18,October
solar,Andhra Pradesh,314.14,2017-18,September
solar,Andhra Pradesh,434.1,2018-19,April
solar,Andhra Pradesh,372.51,2018-19,August
solar,Andhra Pradesh,335.81,2018-19,December
solar,Andhra Pradesh,391.36,2018-19,February
solar,Andhra Pradesh,394.6,2018-19,January
solar,Andhra Pradesh,354.27,2018-19,July
solar,Andhra Pradesh,378.13,2018-19,June
solar,Andhra Pradesh,593.12,2018-19,March
solar,Andhra Pradesh,435.41,2018-19,May
solar,Andhra Pradesh,361.79,2018-19,November
solar,Andhra Pradesh,431.43,2018-19,October
solar,Andhra Pradesh,441.46,2018-19,September
solar,Andhra Pradesh,547.62,2019-20,April
solar,Andhra Pradesh,423.71,2019-20,August
solar,Andhra Pradesh,375.45,2019-20,December
solar,Andhra Pradesh,579.23,2019-20,February
solar,Andhra Pradesh,506.42,2019-20,January
solar,Andhra Pradesh,451.4,2019-20,July
solar,Andhra Pradesh,532.35,2019-20,June
solar,Andhra Pradesh,644.84,2019-20,March
solar,Andhra Pradesh,579.58,2019-20,May
solar,Andhra Pradesh,461.65,2019-20,November
solar,Andhra Pradesh,349.13,2019-20,October
solar,Andhra Pradesh,403.74,2019-20,September
solar,Andhra Pradesh,601.54,2020-21,April
solar,Andhra Pradesh,492.56,2020-21,August
solar,Andhra Pradesh,555.55,2020-21,December
solar,Andhra Pradesh,689.28,2020-21,February
solar,Andhra Pradesh,636.57,2020-21,January
solar,Andhra Pradesh,528.22,2020-21,July
solar,Andhra Pradesh,519.57,2020-21,June
solar,Andhra Pradesh,794.43,2020-21,March
solar,Andhra Pradesh,670.65,2020-21,May
solar,Andhra Pradesh,476.96,2020-21,November
solar,Andhra Pradesh,511.4,2020-21,October
solar,Andhra Pradesh,479.37,2020-21,September
solar,Andhra Pradesh,740.65,2021-22,April
solar,Andhra Pradesh,604.15,2021-22,August
solar,Andhra Pradesh,631.85,2021-22,December
solar,Andhra Pradesh,732.32,2021-22,February
solar,Andhra Pradesh,691.03,2021-22,January
solar,Andhra Pradesh,546.56,2021-22,July
solar,Andhra Pradesh,731.04,2021-22,June
solar,Andhra Pradesh,764.52,2021-22,March
solar,Andhra Pradesh,738.28,2021-22,May
solar,Andhra Pradesh,410.68,2021-22,November
solar,Andhra Pradesh,632.52,2021-22,October
solar,Andhra Pradesh,608.91,2021-22,September
solar,Andhra Pradesh,786.31,2022-23,April
solar,Andhra Pradesh,639.37,2022-23,August
solar,Andhra Pradesh,617.09,2022-23,December
solar,Andhra Pradesh,754.85,2022-23,February
solar,Andhra Pradesh,773.33,2022-23,January
solar,Andhra Pradesh,571.47,2022-23,July
solar,Andhra Pradesh,710.95,2022-23,June
solar,Andhra Pradesh,784.13,2022-23,March
solar,Andhra Pradesh,673.6,2022-23,May
solar,Andhra Pradesh,573.19,2022-23,November
solar,Andhra Pradesh,634.24,2022-23,October
solar,Andhra Pradesh,622.19,2022-23,September
solar,Andhra Pradesh,800.19,2023-24,April
solar,Andhra Pradesh,696.33,2023-24,August
solar,Andhra Pradesh,578.54,2023-24,December
solar,Andhra Pradesh,823.87,2023-24,February
solar,Andhra Pradesh,693.16,2023-24,January
solar,Andhra Pradesh,538.3,2023-24,July
solar,Andhra Pradesh,684.04,2023-24,June
solar,Andhra Pradesh,792.1,2023-24,March
solar,Andhra Pradesh,768.36,2023-24,May
solar,Andhra Pradesh,565.85,2023-24,November
solar,Andhra Pradesh,730.8,2023-24,October
solar,Andhra Pradesh,628.49,2023-24,September
solar,Andhra Pradesh,791.54,2024-25,April
solar,Andhra Pradesh,614.75,2024-25,August
solar,Andhra Pradesh,514.99,2024-25,December
solar,Andhra Pradesh,758.41,2024-25,February
solar,Andhra Pradesh,714.51,2024-25,January
solar,Andhra Pradesh,580.95,2024-25,July
solar,Andhra Pradesh,621.11,2024-25,June
solar,Andhra Pradesh,851.2,2024-25,March
solar,Andhra Pradesh,738.3,2024-25,May
solar,Andhra Pradesh,559.41,2024-25,November
solar,Andhra Pradesh,618.85,2024-25,October
solar,Andhra Pradesh,629.47,2024-25,September
solar,Andhra Pradesh,826.88,2025-26,April
solar,Andhra Pradesh,610.33,2025-26,August
solar,Andhra Pradesh,718.41,2025-26,December
solar,Andhra Pradesh,953.91,2025-26,February
solar,Andhra Pradesh,789.37,2025-26,January
solar,Andhra Pradesh,596.25,2025-26,July
solar,Andhra Pradesh,689.15,2025-26,June
solar,Andhra Pradesh,1129.15,2025-26,March
solar,Andhra Pradesh,689.57,2025-26,May
solar,Andhra Pradesh,625.76,2025-26,November
solar,Andhra Pradesh,570.36,2025-26,October
solar,Andhra Pradesh,573.92,2025-26,September
solar,Andhra Pradesh,1156.62,2026-27,April
solar,Andhra Pradesh,0.0,2026-27,August
solar,Andhra Pradesh,0.0,2026-27,December
solar,Andhra Pradesh,0.0,2026-27,February
solar,Andhra Pradesh,0.0,2026-27,January
solar,Andhra Pradesh,943.92,2026-27,July
solar,Andhra Pradesh,985.19,2026-27,June
solar,Andhra Pradesh,0.0,2026-27,March
solar,Andhra Pradesh,1056.61,2026-27,May
solar,Andhra Pradesh,0.0,2026-27,November
solar,Andhra Pradesh,0.0,2026-27,October
solar,Andhra Pradesh,0.0,2026-27,September
solar,Arunachal Pradesh,0.02,2015-16,April
solar,Arunachal Pradesh,0.02,2015-16,August
solar,Arunachal Pradesh,0.02,2015-16,December
solar,Arunachal Pradesh,0.02,2015-16,February
solar,Arunachal Pradesh,0.02,2015-16,January
solar,Arunachal Pradesh,0.02,2015-16,July
solar,Arunachal Pradesh,0.02,2015-16,June
solar,Arunachal Pradesh,0.02,2015-16,March
solar,Arunachal Pradesh,0.02,2015-16,May
solar,Arunachal Pradesh,0.02,2015-16,November
solar,Arunachal Pradesh,0.02,2015-16,October
solar,Arunachal Pradesh,0.02,2015-16,September
solar,Arunachal Pradesh,0.01,2016-17,April
solar,Arunachal Pradesh,0.01,2016-17,August
solar,Arunachal Pradesh,0.01,2016-17,December
solar,Arunachal Pradesh,0.01,2016-17,February
solar,Arunachal Pradesh,0.01,2016-17,January
solar,Arunachal Pradesh,0.01,2016-17,July
solar,Arunachal Pradesh,0.01,2016-17,June
solar,Arunachal Pradesh,0.01,2016-17,March
solar,Arunachal Pradesh,0.0,2016-17,May
solar,Arunachal Pradesh,0.01,2016-17,November
solar,Arunachal Pradesh,0.01,2016-17,October
solar,Arunachal Pradesh,0.01,2016-17,September
solar,Arunachal Pradesh,0.01,2017-18,April
solar,Arunachal Pradesh,0.01,2017-18,August
solar,Arunachal Pradesh,0.08,2017-18,December
solar,Arunachal Pradesh,0.01,2017-18,February
solar,Arunachal Pradesh,0.06,2017-18,January
solar,Arunachal Pradesh,0.01,2017-18,July
solar,Arunachal Pradesh,0.01,2017-18,June
solar,Arunachal Pradesh,0.01,2017-18,March
solar,Arunachal Pradesh,0.01,2017-18,May
solar,Arunachal Pradesh,0.01,2017-18,November
solar,Arunachal Pradesh,0.01,2017-18,October
solar,Arunachal Pradesh,0.01,2017-18,September
solar,Arunachal Pradesh,0.09,2018-19,April
solar,Arunachal Pradesh,0.1,2018-19,August
solar,Arunachal Pradesh,0.1,2018-19,December
solar,Arunachal Pradesh,0.1,2018-19,February
solar,Arunachal Pradesh,0.12,2018-19,January
solar,Arunachal Pradesh,0.09,2018-19,July
solar,Arunachal Pradesh,0.08,2018-19,June
solar,Arunachal Pradesh,0.1,2018-19,March
solar,Arunachal Pradesh,0.11,2018-19,May
solar,Arunachal Pradesh,0.1,2018-19,November
solar,Arunachal Pradesh,0.12,2018-19,October
solar,Arunachal Pradesh,0.09,2018-19,September
solar,Arunachal Pradesh,0.11,2019-20,April
solar,Arunachal Pradesh,0.15,2019-20,August
solar,Arunachal Pradesh,0.18,2019-20,December
solar,Arunachal Pradesh,0.17,2019-20,February
solar,Arunachal Pradesh,0.16,2019-20,January
solar,Arunachal Pradesh,0.11,2019-20,July
solar,Arunachal Pradesh,0.02,2019-20,June
solar,Arunachal Pradesh,0.17,2019-20,March
solar,Arunachal Pradesh,0.09,2019-20,May
solar,Arunachal Pradesh,0.17,2019-20,November
solar,Arunachal Pradesh,0.14,2019-20,October
solar,Arunachal Pradesh,0.12,2019-20,September
solar,Arunachal Pradesh,0.17,2020-21,April
solar,Arunachal Pradesh,0.11,2020-21,August
solar,Arunachal Pradesh,0.12,2020-21,December
solar,Arunachal Pradesh,0.15,2020-21,February
solar,Arunachal Pradesh,0.12,2020-21,January
solar,Arunachal Pradesh,0.1,2020-21,July
solar,Arunachal Pradesh,0.15,2020-21,June
solar,Arunachal Pradesh,0.15,2020-21,March
solar,Arunachal Pradesh,0.15,2020-21,May
solar,Arunachal Pradesh,0.12,2020-21,November
solar,Arunachal Pradesh,0.12,2020-21,October
solar,Arunachal Pradesh,0.1,2020-21,September
solar,Arunachal Pradesh,0.15,2021-22,April
solar,Arunachal Pradesh,0.13,2021-22,August
solar,Arunachal Pradesh,0.13,2021-22,December
solar,Arunachal Pradesh,0.14,2021-22,February
solar,Arunachal Pradesh,0.13,2021-22,January
solar,Arunachal Pradesh,0.16,2021-22,July
solar,Arunachal Pradesh,0.16,2021-22,June
solar,Arunachal Pradesh,0.19,2021-22,March
solar,Arunachal Pradesh,0.17,2021-22,May
solar,Arunachal Pradesh,0.13,2021-22,November
solar,Arunachal Pradesh,0.13,2021-22,October
solar,Arunachal Pradesh,0.13,2021-22,September
solar,Arunachal Pradesh,4.19,2022-23,April
solar,Arunachal Pradesh,4.19,2022-23,August
solar,Arunachal Pradesh,0.19,2022-23,December
solar,Arunachal Pradesh,0.16,2022-23,February
solar,Arunachal Pradesh,0.19,2022-23,January
solar,Arunachal Pradesh,0.19,2022-23,July
solar,Arunachal Pradesh,4.19,2022-23,June
solar,Arunachal Pradesh,0.19,2022-23,March
solar,Arunachal Pradesh,4.19,2022-23,May
solar,Arunachal Pradesh,0.22,2022-23,November
solar,Arunachal Pradesh,0.19,2022-23,October
solar,Arunachal Pradesh,4.19,2022-23,September
solar,Arunachal Pradesh,0.19,2023-24,April
solar,Arunachal Pradesh,0.19,2023-24,August
solar,Arunachal Pradesh,0.1,2023-24,December
solar,Arunachal Pradesh,0.09,2023-24,February
solar,Arunachal Pradesh,0.13,2023-24,January
solar,Arunachal Pradesh,0.19,2023-24,July
solar,Arunachal Pradesh,0.19,2023-24,June
solar,Arunachal Pradesh,0.08,2023-24,March
solar,Arunachal Pradesh,0.2,2023-24,May
solar,Arunachal Pradesh,0.19,2023-24,November
solar,Arunachal Pradesh,0.19,2023-24,October
solar,Arunachal Pradesh,0.19,2023-24,September
solar,Arunachal Pradesh,0.09,2024-25,April
solar,Arunachal Pradesh,0.08,2024-25,August
solar,Arunachal Pradesh,0.12,2024-25,December
solar,Arunachal Pradesh,0.12,2024-25,February
solar,Arunachal Pradesh,0.12,2024-25,January
solar,Arunachal Pradesh,0.06,2024-25,July
solar,Arunachal Pradesh,0.06,2024-25,June
solar,Arunachal Pradesh,0.17,2024-25,March
solar,Arunachal Pradesh,0.1,2024-25,May
solar,Arunachal Pradesh,0.12,2024-25,November
solar,Arunachal Pradesh,0.12,2024-25,October
solar,Arunachal Pradesh,0.12,2024-25,September
solar,Arunachal Pradesh,0.21,2025-26,April
solar,Arunachal Pradesh,0.15,2025-26,August
solar,Arunachal Pradesh,0.13,2025-26,December
solar,Arunachal Pradesh,0.08,2025-26,February
solar,Arunachal Pradesh,0.09,2025-26,January
solar,Arunachal Pradesh,0.15,2025-26,July
solar,Arunachal Pradesh,0.17,2025-26,June
solar,Arunachal Pradesh,0.08,2025-26,March
solar,Arunachal Pradesh,0.94,2025-26,May
solar,Arunachal Pradesh,0.13,2025-26,November
solar,Arunachal Pradesh,0.13,2025-26,October
solar,Arunachal Pradesh,0.13,2025-26,September
solar,Arunachal Pradesh,0.06,2026-27,April
solar,Arunachal Pradesh,0.0,2026-27,August
solar,Arunachal Pradesh,0.0,2026-27,December
solar,Arunachal Pradesh,0.0,2026-27,February
solar,Arunachal Pradesh,0.0,2026-27,January
solar,Arunachal Pradesh,0.0,2026-27,July
solar,Arunachal Pradesh,0.07,2026-27,June
solar,Arunachal Pradesh,0.0,2026-27,March
solar,Arunachal Pradesh,0.07,2026-27,May
solar,Arunachal Pradesh,0.0,2026-27,November
solar,Arunachal Pradesh,0.0,2026-27,October
solar,Arunachal Pradesh,0.0,2026-27,September
solar,Assam,0.71,2015-16,April
solar,Assam,3.09,2015-16,August
solar,Assam,3.41,2015-16,December
solar,Assam,4.14,2015-16,February
solar,Assam,3.65,2015-16,January
solar,Assam,2.35,2015-16,July
solar,Assam,2.98,2015-16,June
solar,Assam,4.51,2015-16,March
solar,Assam,0.67,2015-16,May
solar,Assam,0.0,2015-16,November
solar,Assam,3.09,2015-16,October
solar,Assam,2.99,2015-16,September
solar,Assam,44.79,2016-17,April
solar,Assam,4.39,2016-17,August
solar,Assam,1.84,2016-17,December
solar,Assam,0.0,2016-17,February
solar,Assam,2.85,2016-17,January
solar,Assam,4.29,2016-17,July
solar,Assam,4.32,2016-17,June
solar,Assam,0.0,2016-17,March
solar,Assam,4.53,2016-17,May
solar,Assam,4.32,2016-17,November
solar,Assam,4.21,2016-17,October
solar,Assam,4.32,2016-17,September
solar,Assam,0.45,2017-18,April
solar,Assam,0.66,2017-18,August
solar,Assam,2.68,2017-18,December
solar,Assam,0.43,2017-18,February
solar,Assam,0.51,2017-18,January
solar,Assam,0.54,2017-18,July
solar,Assam,0.42,2017-18,June
solar,Assam,0.59,2017-18,March
solar,Assam,0.54,2017-18,May
solar,Assam,0.64,2017-18,November
solar,Assam,0.48,2017-18,October
solar,Assam,0.44,2017-18,September
solar,Assam,0.53,2018-19,April
solar,Assam,0.53,2018-19,August
solar,Assam,0.63,2018-19,December
solar,Assam,0.51,2018-19,February
solar,Assam,0.66,2018-19,January
solar,Assam,0.47,2018-19,July
solar,Assam,0.48,2018-19,June
solar,Assam,0.6,2018-19,March
solar,Assam,0.55,2018-19,May
solar,Assam,0.61,2018-19,November
solar,Assam,0.63,2018-19,October
solar,Assam,0.53,2018-19,September
solar,Assam,0.49,2019-20,April
solar,Assam,0.58,2019-20,August
solar,Assam,0.68,2019-20,December
solar,Assam,0.5,2019-20,February
solar,Assam,0.48,2019-20,January
solar,Assam,0.38,2019-20,July
solar,Assam,0.43,2019-20,June
solar,Assam,0.56,2019-20,March
solar,Assam,0.38,2019-20,May
solar,Assam,0.66,2019-20,November
solar,Assam,0.54,2019-20,October
solar,Assam,0.47,2019-20,September
solar,Assam,0.56,2020-21,April
solar,Assam,0.51,2020-21,August
solar,Assam,0.57,2020-21,December
solar,Assam,3.98,2020-21,February
solar,Assam,0.57,2020-21,January
solar,Assam,0.38,2020-21,July
solar,Assam,0.41,2020-21,June
solar,Assam,4.65,2020-21,March
solar,Assam,0.16,2020-21,May
solar,Assam,0.58,2020-21,November
solar,Assam,0.56,2020-21,October
solar,Assam,0.44,2020-21,September
solar,Assam,5.19,2021-22,April
solar,Assam,5.48,2021-22,August
solar,Assam,7.19,2021-22,December
solar,Assam,9.37,2021-22,February
solar,Assam,7.89,2021-22,January
solar,Assam,5.34,2021-22,July
solar,Assam,5.07,2021-22,June
solar,Assam,11.54,2021-22,March
solar,Assam,4.19,2021-22,May
solar,Assam,7.45,2021-22,November
solar,Assam,7.45,2021-22,October
solar,Assam,5.48,2021-22,September
solar,Assam,9.28,2022-23,April
solar,Assam,21.34,2022-23,August
solar,Assam,20.76,2022-23,December
solar,Assam,18.26,2022-23,February
solar,Assam,22.03,2022-23,January
solar,Assam,11.33,2022-23,July
solar,Assam,12.44,2022-23,June
solar,Assam,23.89,2022-23,March
solar,Assam,16.81,2022-23,May
solar,Assam,20.07,2022-23,November
solar,Assam,20.07,2022-23,October
solar,Assam,20.07,2022-23,September
solar,Assam,27.51,2023-24,April
solar,Assam,23.66,2023-24,August
solar,Assam,27.15,2023-24,December
solar,Assam,23.71,2023-24,February
solar,Assam,26.47,2023-24,January
solar,Assam,25.54,2023-24,July
solar,Assam,23.97,2023-24,June
solar,Assam,27.66,2023-24,March
solar,Assam,27.51,2023-24,May
solar,Assam,27.67,2023-24,November
solar,Assam,27.67,2023-24,October
solar,Assam,27.78,2023-24,September
solar,Assam,28.6,2024-25,April
solar,Assam,25.73,2024-25,August
solar,Assam,26.76,2024-25,December
solar,Assam,23.62,2024-25,February
solar,Assam,24.84,2024-25,January
solar,Assam,25.91,2024-25,July
solar,Assam,20.62,2024-25,June
solar,Assam,27.99,2024-25,March
solar,Assam,27.27,2024-25,May
solar,Assam,26.76,2024-25,November
solar,Assam,19.57,2024-25,October
solar,Assam,27.86,2024-25,September
solar,Assam,25.03,2025-26,April
solar,Assam,27.54,2025-26,August
solar,Assam,28.68,2025-26,December
solar,Assam,28.68,2025-26,February
solar,Assam,28.68,2025-26,January
solar,Assam,27.54,2025-26,July
solar,Assam,25.22,2025-26,June
solar,Assam,32.31,2025-26,March
solar,Assam,22.66,2025-26,May
solar,Assam,28.68,2025-26,November
solar,Assam,27.54,2025-26,October
solar,Assam,27.54,2025-26,September
solar,Assam,28.68,2026-27,April
solar,Assam,0.0,2026-27,August
solar,Assam,0.0,2026-27,December
solar,Assam,0.0,2026-27,February
solar,Assam,0.0,2026-27,January
solar,Assam,36.42,2026-27,July
solar,Assam,32.32,2026-27,June
solar,Assam,0.0,2026-27,March
solar,Assam,36.62,2026-27,May
solar,Assam,0.0,2026-27,November
solar,Assam,0.0,2026-27,October
solar,Assam,0.0,2026-27,September
solar,Bihar,0.0,2015-16,April
solar,Bihar,0.0,2015-16,August
solar,Bihar,1.41,2015-16,December
solar,Bihar,1.57,2015-16,February
solar,Bihar,1.5,2015-16,January
solar,Bihar,0.0,2015-16,July
solar,Bihar,0.0,2015-16,June
solar,Bihar,1.91,2015-16,March
solar,Bihar,0.0,2015-16,May
solar,Bihar,0.0,2015-16,November
solar,Bihar,0.0,2015-16,October
solar,Bihar,0.0,2015-16,September
solar,Bihar,1.93,2016-17,April
solar,Bihar,4.52,2016-17,August
solar,Bihar,8.19,2016-17,December
solar,Bihar,11.86,2016-17,February
solar,Bihar,9.31,2016-17,January
solar,Bihar,1.64,2016-17,July
solar,Bihar,1.95,2016-17,June
solar,Bihar,13.79,2016-17,March
solar,Bihar,2.12,2016-17,May
solar,Bihar,39.75,2016-17,November
solar,Bihar,8.34,2016-17,October
solar,Bihar,5.26,2016-17,September
solar,Bihar,12.59,2017-18,April
solar,Bihar,10.14,2017-18,August
solar,Bihar,9.8,2017-18,December
solar,Bihar,12.37,2017-18,February
solar,Bihar,12.1,2017-18,January
solar,Bihar,10.29,2017-18,July
solar,Bihar,13.37,2017-18,June
solar,Bihar,20.83,2017-18,March
solar,Bihar,11.83,2017-18,May
solar,Bihar,6.15,2017-18,November
solar,Bihar,9.59,2017-18,October
solar,Bihar,10.25,2017-18,September
solar,Bihar,19.22,2018-19,April
solar,Bihar,14.01,2018-19,August
solar,Bihar,13.84,2018-19,December
solar,Bihar,15.41,2018-19,February
solar,Bihar,15.41,2018-19,January
solar,Bihar,11.59,2018-19,July
solar,Bihar,0.0,2018-19,June
solar,Bihar,22.42,2018-19,March
solar,Bihar,17.91,2018-19,May
solar,Bihar,16.11,2018-19,November
solar,Bihar,17.45,2018-19,October
solar,Bihar,15.64,2018-19,September
solar,Bihar,17.86,2019-20,April
solar,Bihar,14.11,2019-20,August
solar,Bihar,10.79,2019-20,December
solar,Bihar,12.92,2019-20,February
solar,Bihar,10.79,2019-20,January
solar,Bihar,14.11,2019-20,July
solar,Bihar,17.36,2019-20,June
solar,Bihar,16.99,2019-20,March
solar,Bihar,2.73,2019-20,May
solar,Bihar,14.95,2019-20,November
solar,Bihar,13.78,2019-20,October
solar,Bihar,13.78,2019-20,September
solar,Bihar,16.26,2020-21,April
solar,Bihar,12.53,2020-21,August
solar,Bihar,11.55,2020-21,December
solar,Bihar,11.55,2020-21,February
solar,Bihar,11.55,2020-21,January
solar,Bihar,11.6,2020-21,July
solar,Bihar,16.31,2020-21,June
solar,Bihar,11.55,2020-21,March
solar,Bihar,20.17,2020-21,May
solar,Bihar,12.53,2020-21,November
solar,Bihar,12.53,2020-21,October
solar,Bihar,12.53,2020-21,September
solar,Bihar,11.55,2021-22,April
solar,Bihar,16.2,2021-22,August
solar,Bihar,11.92,2021-22,December
solar,Bihar,14.71,2021-22,February
solar,Bihar,11.43,2021-22,January
solar,Bihar,12.21,2021-22,July
solar,Bihar,12.44,2021-22,June
solar,Bihar,18.17,2021-22,March
solar,Bihar,14.59,2021-22,May
solar,Bihar,12.92,2021-22,November
solar,Bihar,14.18,2021-22,October
solar,Bihar,12.77,2021-22,September
solar,Bihar,15.85,2022-23,April
solar,Bihar,15.28,2022-23,August
solar,Bihar,12.29,2022-23,December
solar,Bihar,14.21,2022-23,February
solar,Bihar,12.61,2022-23,January
solar,Bihar,15.28,2022-23,July
solar,Bihar,13.93,2022-23,June
solar,Bihar,15.79,2022-23,March
solar,Bihar,16.43,2022-23,May
solar,Bihar,12.99,2022-23,November
solar,Bihar,14.89,2022-23,October
solar,Bihar,9.98,2022-23,September
solar,Bihar,16.37,2023-24,April
solar,Bihar,13.34,2023-24,August
solar,Bihar,14.96,2023-24,December
solar,Bihar,15.9,2023-24,February
solar,Bihar,15.9,2023-24,January
solar,Bihar,17.59,2023-24,July
solar,Bihar,16.37,2023-24,June
solar,Bihar,22.73,2023-24,March
solar,Bihar,16.37,2023-24,May
solar,Bihar,16.21,2023-24,November
solar,Bihar,19.19,2023-24,October
solar,Bihar,10.24,2023-24,September
solar,Bihar,22.28,2024-25,April
solar,Bihar,28.48,2024-25,August
solar,Bihar,25.39,2024-25,December
solar,Bihar,26.07,2024-25,February
solar,Bihar,26.07,2024-25,January
solar,Bihar,28.72,2024-25,July
solar,Bihar,31.64,2024-25,June
solar,Bihar,35.1,2024-25,March
solar,Bihar,24.08,2024-25,May
solar,Bihar,24.7,2024-25,November
solar,Bihar,25.16,2024-25,October
solar,Bihar,28.17,2024-25,September
solar,Bihar,31.04,2025-26,April
solar,Bihar,24.06,2025-26,August
solar,Bihar,21.32,2025-26,December
solar,Bihar,30.39,2025-26,February
solar,Bihar,27.27,2025-26,January
solar,Bihar,20.93,2025-26,July
solar,Bihar,25.88,2025-26,June
solar,Bihar,33.71,2025-26,March
solar,Bihar,32.04,2025-26,May
solar,Bihar,24.65,2025-26,November
solar,Bihar,25.13,2025-26,October
solar,Bihar,31.29,2025-26,September
solar,Bihar,31.69,2026-27,April
solar,Bihar,0.0,2026-27,August
solar,Bihar,0.0,2026-27,December
solar,Bihar,0.0,2026-27,February
solar,Bihar,0.0,2026-27,January
solar,Bihar,46.2,2026-27,July
solar,Bihar,29.6,2026-27,June
solar,Bihar,0.0,2026-27,March
solar,Bihar,34.3,2026-27,May
solar,Bihar,0.0,2026-27,November
solar,Bihar,0.0,2026-27,October
solar,Bihar,0.0,2026-27,September
solar,Chandigarh,0.29,2015-16,April
solar,Chandigarh,0.3,2015-16,August
solar,Chandigarh,0.18,2015-16,December
solar,Chandigarh,0.26,2015-16,February
solar,Chandigarh,0.19,2015-16,January
solar,Chandigarh,0.29,2015-16,July
solar,Chandigarh,0.34,2015-16,June
solar,Chandigarh,0.29,2015-16,March
solar,Chandigarh,0.37,2015-16,May
solar,Chandigarh,0.25,2015-16,November
solar,Chandigarh,0.32,2015-16,October
solar,Chandigarh,0.32,2015-16,September
solar,Chandigarh,0.35,2016-17,April
solar,Chandigarh,0.44,2016-17,August
solar,Chandigarh,0.36,2016-17,December
solar,Chandigarh,0.45,2016-17,February
solar,Chandigarh,0.22,2016-17,January
solar,Chandigarh,0.3,2016-17,July
solar,Chandigarh,0.35,2016-17,June
solar,Chandigarh,0.34,2016-17,March
solar,Chandigarh,0.36,2016-17,May
solar,Chandigarh,0.25,2016-17,November
solar,Chandigarh,0.44,2016-17,October
solar,Chandigarh,0.31,2016-17,September
solar,Chandigarh,1.87,2017-18,April
solar,Chandigarh,1.06,2017-18,August
solar,Chandigarh,0.82,2017-18,December
solar,Chandigarh,1.25,2017-18,February
solar,Chandigarh,0.22,2017-18,January
solar,Chandigarh,0.29,2017-18,July
solar,Chandigarh,0.75,2017-18,June
solar,Chandigarh,0.27,2017-18,March
solar,Chandigarh,0.33,2017-18,May
solar,Chandigarh,0.22,2017-18,November
solar,Chandigarh,0.47,2017-18,October
solar,Chandigarh,0.32,2017-18,September
solar,Chandigarh,1.69,2018-19,April
solar,Chandigarh,3.49,2018-19,August
solar,Chandigarh,1.41,2018-19,December
solar,Chandigarh,1.46,2018-19,February
solar,Chandigarh,0.23,2018-19,January
solar,Chandigarh,0.26,2018-19,July
solar,Chandigarh,3.05,2018-19,June
solar,Chandigarh,0.26,2018-19,March
solar,Chandigarh,0.27,2018-19,May
solar,Chandigarh,0.66,2018-19,November
solar,Chandigarh,0.47,2018-19,October
solar,Chandigarh,0.26,2018-19,September
solar,Chandigarh,2.32,2019-20,April
solar,Chandigarh,1.48,2019-20,August
solar,Chandigarh,1.78,2019-20,December
solar,Chandigarh,1.56,2019-20,February
solar,Chandigarh,0.18,2019-20,January
solar,Chandigarh,0.23,2019-20,July
solar,Chandigarh,2.21,2019-20,June
solar,Chandigarh,1.56,2019-20,March
solar,Chandigarh,0.34,2019-20,May
solar,Chandigarh,0.24,2019-20,November
solar,Chandigarh,1.28,2019-20,October
solar,Chandigarh,0.16,2019-20,September
solar,Chandigarh,2.67,2020-21,April
solar,Chandigarh,0.28,2020-21,August
solar,Chandigarh,0.29,2020-21,December
solar,Chandigarh,1.71,2020-21,February
solar,Chandigarh,0.17,2020-21,January
solar,Chandigarh,0.28,2020-21,July
solar,Chandigarh,1.96,2020-21,June
solar,Chandigarh,1.71,2020-21,March
solar,Chandigarh,0.21,2020-21,May
solar,Chandigarh,0.29,2020-21,November
solar,Chandigarh,0.29,2020-21,October
solar,Chandigarh,0.29,2020-21,September
solar,Chandigarh,1.71,2021-22,April
solar,Chandigarh,2.53,2021-22,August
solar,Chandigarh,1.68,2021-22,December
solar,Chandigarh,0.99,2021-22,February
solar,Chandigarh,0.99,2021-22,January
solar,Chandigarh,0.24,2021-22,July
solar,Chandigarh,2.31,2021-22,June
solar,Chandigarh,0.99,2021-22,March
solar,Chandigarh,0.27,2021-22,May
solar,Chandigarh,0.22,2021-22,November
solar,Chandigarh,2.04,2021-22,October
solar,Chandigarh,0.22,2021-22,September
solar,Chandigarh,2.81,2022-23,April
solar,Chandigarh,2.16,2022-23,August
solar,Chandigarh,1.0,2022-23,December
solar,Chandigarh,1.43,2022-23,February
solar,Chandigarh,0.72,2022-23,January
solar,Chandigarh,0.2,2022-23,July
solar,Chandigarh,0.23,2022-23,June
solar,Chandigarh,1.43,2022-23,March
solar,Chandigarh,0.23,2022-23,May
solar,Chandigarh,0.2,2022-23,November
solar,Chandigarh,2.01,2022-23,October
solar,Chandigarh,0.19,2022-23,September
solar,Chandigarh,2.2,2023-24,April
solar,Chandigarh,1.24,2023-24,August
solar,Chandigarh,0.63,2023-24,December
solar,Chandigarh,0.63,2023-24,February
solar,Chandigarh,0.45,2023-24,January
solar,Chandigarh,0.59,2023-24,July
solar,Chandigarh,1.98,2023-24,June
solar,Chandigarh,0.63,2023-24,March
solar,Chandigarh,0.75,2023-24,May
solar,Chandigarh,0.63,2023-24,November
solar,Chandigarh,1.19,2023-24,October
solar,Chandigarh,0.78,2023-24,September
solar,Chandigarh,1.02,2024-25,April
solar,Chandigarh,1.27,2024-25,August
solar,Chandigarh,0.66,2024-25,December
solar,Chandigarh,0.4,2024-25,February
solar,Chandigarh,0.4,2024-25,January
solar,Chandigarh,0.68,2024-25,July
solar,Chandigarh,0.85,2024-25,June
solar,Chandigarh,0.4,2024-25,March
solar,Chandigarh,1.07,2024-25,May
solar,Chandigarh,0.44,2024-25,November
solar,Chandigarh,1.0,2024-25,October
solar,Chandigarh,0.6,2024-25,September
solar,Chandigarh,0.4,2025-26,April
solar,Chandigarh,0.83,2025-26,August
solar,Chandigarh,0.67,2025-26,December
solar,Chandigarh,0.67,2025-26,February
solar,Chandigarh,0.67,2025-26,January
solar,Chandigarh,0.63,2025-26,July
solar,Chandigarh,0.66,2025-26,June
solar,Chandigarh,0.67,2025-26,March
solar,Chandigarh,0.66,2025-26,May
solar,Chandigarh,0.42,2025-26,November
solar,Chandigarh,0.83,2025-26,October
solar,Chandigarh,0.83,2025-26,September
solar,Chandigarh,0.67,2026-27,April
solar,Chandigarh,0.0,2026-27,August
solar,Chandigarh,0.0,2026-27,December
solar,Chandigarh,0.0,2026-27,February
solar,Chandigarh,0.0,2026-27,January
solar,Chandigarh,0.0,2026-27,July
solar,Chandigarh,1.36,2026-27,June
solar,Chandigarh,0.0,2026-27,March
solar,Chandigarh,0.67,2026-27,May
solar,Chandigarh,0.0,2026-27,November
solar,Chandigarh,0.0,2026-27,October
solar,Chandigarh,0.0,2026-27,September
solar,Chhattisgarh,1.38,2015-16,April
solar,Chhattisgarh,1.11,2015-16,August
solar,Chhattisgarh,4.44,2015-16,December
solar,Chhattisgarh,7.0,2015-16,February
solar,Chhattisgarh,7.13,2015-16,January
solar,Chhattisgarh,3.15,2015-16,July
solar,Chhattisgarh,2.33,2015-16,June
solar,Chhattisgarh,10.69,2015-16,March
solar,Chhattisgarh,1.33,2015-16,May
solar,Chhattisgarh,4.57,2015-16,November
solar,Chhattisgarh,4.81,2015-16,October
solar,Chhattisgarh,4.76,2015-16,September
solar,Chhattisgarh,11.04,2016-17,April
solar,Chhattisgarh,7.39,2016-17,August
solar,Chhattisgarh,10.69,2016-17,December
solar,Chhattisgarh,11.19,2016-17,February
solar,Chhattisgarh,10.83,2016-17,January
solar,Chhattisgarh,7.41,2016-17,July
solar,Chhattisgarh,0.0,2016-17,June
solar,Chhattisgarh,12.06,2016-17,March
solar,Chhattisgarh,11.52,2016-17,May
solar,Chhattisgarh,10.55,2016-17,November
solar,Chhattisgarh,10.68,2016-17,October
solar,Chhattisgarh,7.57,2016-17,September
solar,Chhattisgarh,11.91,2017-18,April
solar,Chhattisgarh,8.16,2017-18,August
solar,Chhattisgarh,10.63,2017-18,December
solar,Chhattisgarh,10.28,2017-18,February
solar,Chhattisgarh,10.64,2017-18,January
solar,Chhattisgarh,7.77,2017-18,July
solar,Chhattisgarh,8.83,2017-18,June
solar,Chhattisgarh,29.78,2017-18,March
solar,Chhattisgarh,10.2,2017-18,May
solar,Chhattisgarh,9.53,2017-18,November
solar,Chhattisgarh,9.84,2017-18,October
solar,Chhattisgarh,8.97,2017-18,September
solar,Chhattisgarh,31.71,2018-19,April
solar,Chhattisgarh,17.91,2018-19,August
solar,Chhattisgarh,23.06,2018-19,December
solar,Chhattisgarh,31.17,2018-19,February
solar,Chhattisgarh,29.55,2018-19,January
solar,Chhattisgarh,19.83,2018-19,July
solar,Chhattisgarh,28.25,2018-19,June
solar,Chhattisgarh,31.47,2018-19,March
solar,Chhattisgarh,32.1,2018-19,May
solar,Chhattisgarh,30.3,2018-19,November
solar,Chhattisgarh,32.54,2018-19,October
solar,Chhattisgarh,27.26,2018-19,September
solar,Chhattisgarh,34.81,2019-20,April
solar,Chhattisgarh,24.0,2019-20,August
solar,Chhattisgarh,27.81,2019-20,December
solar,Chhattisgarh,29.42,2019-20,February
solar,Chhattisgarh,30.38,2019-20,January
solar,Chhattisgarh,24.58,2019-20,July
solar,Chhattisgarh,30.86,2019-20,June
solar,Chhattisgarh,33.28,2019-20,March
solar,Chhattisgarh,11.63,2019-20,May
solar,Chhattisgarh,30.61,2019-20,November
solar,Chhattisgarh,28.39,2019-20,October
solar,Chhattisgarh,20.65,2019-20,September
solar,Chhattisgarh,33.14,2020-21,April
solar,Chhattisgarh,21.96,2020-21,August
solar,Chhattisgarh,33.28,2020-21,December
solar,Chhattisgarh,34.95,2020-21,February
solar,Chhattisgarh,33.08,2020-21,January
solar,Chhattisgarh,27.28,2020-21,July
solar,Chhattisgarh,24.91,2020-21,June
solar,Chhattisgarh,34.95,2020-21,March
solar,Chhattisgarh,35.18,2020-21,May
solar,Chhattisgarh,32.95,2020-21,November
solar,Chhattisgarh,29.86,2020-21,October
solar,Chhattisgarh,29.23,2020-21,September
solar,Chhattisgarh,29.53,2021-22,April
solar,Chhattisgarh,35.53,2021-22,August
solar,Chhattisgarh,37.22,2021-22,December
solar,Chhattisgarh,44.13,2021-22,February
solar,Chhattisgarh,36.53,2021-22,January
solar,Chhattisgarh,26.37,2021-22,July
solar,Chhattisgarh,29.12,2021-22,June
solar,Chhattisgarh,48.89,2021-22,March
solar,Chhattisgarh,37.46,2021-22,May
solar,Chhattisgarh,35.41,2021-22,November
solar,Chhattisgarh,43.4,2021-22,October
solar,Chhattisgarh,32.96,2021-22,September
solar,Chhattisgarh,43.5,2022-23,April
solar,Chhattisgarh,39.54,2022-23,August
solar,Chhattisgarh,60.37,2022-23,December
solar,Chhattisgarh,77.82,2022-23,February
solar,Chhattisgarh,71.54,2022-23,January
solar,Chhattisgarh,30.73,2022-23,July
solar,Chhattisgarh,39.36,2022-23,June
solar,Chhattisgarh,74.63,2022-23,March
solar,Chhattisgarh,46.1,2022-23,May
solar,Chhattisgarh,52.21,2022-23,November
solar,Chhattisgarh,55.64,2022-23,October
solar,Chhattisgarh,43.98,2022-23,September
solar,Chhattisgarh,72.1,2023-24,April
solar,Chhattisgarh,58.49,2023-24,August
solar,Chhattisgarh,84.92,2023-24,December
solar,Chhattisgarh,111.53,2023-24,February
solar,Chhattisgarh,78.92,2023-24,January
solar,Chhattisgarh,57.22,2023-24,July
solar,Chhattisgarh,64.26,2023-24,June
solar,Chhattisgarh,131.0,2023-24,March
solar,Chhattisgarh,40.36,2023-24,May
solar,Chhattisgarh,57.75,2023-24,November
solar,Chhattisgarh,93.03,2023-24,October
solar,Chhattisgarh,94.17,2023-24,September
solar,Chhattisgarh,136.83,2024-25,April
solar,Chhattisgarh,98.3,2024-25,August
solar,Chhattisgarh,123.88,2024-25,December
solar,Chhattisgarh,154.08,2024-25,February
solar,Chhattisgarh,128.63,2024-25,January
solar,Chhattisgarh,86.79,2024-25,July
solar,Chhattisgarh,122.75,2024-25,June
solar,Chhattisgarh,155.01,2024-25,March
solar,Chhattisgarh,153.53,2024-25,May
solar,Chhattisgarh,114.47,2024-25,November
solar,Chhattisgarh,127.78,2024-25,October
solar,Chhattisgarh,121.23,2024-25,September
solar,Chhattisgarh,163.87,2025-26,April
solar,Chhattisgarh,93.59,2025-26,August
solar,Chhattisgarh,186.41,2025-26,December
solar,Chhattisgarh,199.63,2025-26,February
solar,Chhattisgarh,193.15,2025-26,January
solar,Chhattisgarh,91.9,2025-26,July
solar,Chhattisgarh,139.96,2025-26,June
solar,Chhattisgarh,241.25,2025-26,March
solar,Chhattisgarh,152.92,2025-26,May
solar,Chhattisgarh,170.32,2025-26,November
solar,Chhattisgarh,127.55,2025-26,October
solar,Chhattisgarh,152.62,2025-26,September
solar,Chhattisgarh,228.01,2026-27,April
solar,Chhattisgarh,0.0,2026-27,August
solar,Chhattisgarh,0.0,2026-27,December
solar,Chhattisgarh,0.0,2026-27,February
solar,Chhattisgarh,0.0,2026-27,January
solar,Chhattisgarh,99.31,2026-27,July
solar,Chhattisgarh,222.16,2026-27,June
solar,Chhattisgarh,0.0,2026-27,March
solar,Chhattisgarh,241.36,2026-27,May
solar,Chhattisgarh,0.0,2026-27,November
solar,Chhattisgarh,0.0,2026-27,October
solar,Chhattisgarh,0.0,2026-27,September
solar,Dadra and Nagar Haveli and Daman and Diu,0.1,2015-16,April
solar,Dadra and Nagar Haveli and Daman and Diu,0.28,2015-16,August
solar,Dadra and Nagar Haveli and Daman and Diu,0.53,2015-16,December
solar,Dadra and Nagar Haveli and Daman and Diu,0.68,2015-16,February
solar,Dadra and Nagar Haveli and Daman and Diu,0.63,2015-16,January
solar,Dadra and Nagar Haveli and Daman and Diu,0.28,2015-16,July
solar,Dadra and Nagar Haveli and Daman and Diu,0.19,2015-16,June
solar,Dadra and Nagar Haveli and Daman and Diu,0.7,2015-16,March
solar,Dadra and Nagar Haveli and Daman and Diu,0.11,2015-16,May
solar,Dadra and Nagar Haveli and Daman and Diu,0.52,2015-16,November
solar,Dadra and Nagar Haveli and Daman and Diu,0.37,2015-16,October
solar,Dadra and Nagar Haveli and Daman and Diu,0.36,2015-16,September
solar,Dadra and Nagar Haveli and Daman and Diu,1.05,2016-17,April
solar,Dadra and Nagar Haveli and Daman and Diu,0.99,2016-17,August
solar,Dadra and Nagar Haveli and Daman and Diu,1.63,2016-17,December
solar,Dadra and Nagar Haveli and Daman and Diu,1.75,2016-17,February
solar,Dadra and Nagar Haveli and Daman and Diu,1.65,2016-17,January
solar,Dadra and Nagar Haveli and Daman and Diu,0.92,2016-17,July
solar,Dadra and Nagar Haveli and Daman and Diu,0.61,2016-17,June
solar,Dadra and Nagar Haveli and Daman and Diu,2.08,2016-17,March
solar,Dadra and Nagar Haveli and Daman and Diu,0.6,2016-17,May
solar,Dadra and Nagar Haveli and Daman and Diu,1.64,2016-17,November
solar,Dadra and Nagar Haveli and Daman and Diu,1.4,2016-17,October
solar,Dadra and Nagar Haveli and Daman and Diu,1.4,2016-17,September
solar,Dadra and Nagar Haveli and Daman and Diu,2.25,2017-18,April
solar,Dadra and Nagar Haveli and Daman and Diu,1.62,2017-18,August
solar,Dadra and Nagar Haveli and Daman and Diu,1.75,2017-18,December
solar,Dadra and Nagar Haveli and Daman and Diu,2.32,2017-18,February
solar,Dadra and Nagar Haveli and Daman and Diu,2.1,2017-18,January
solar,Dadra and Nagar Haveli and Daman and Diu,1.32,2017-18,July
solar,Dadra and Nagar Haveli and Daman and Diu,1.84,2017-18,June
solar,Dadra and Nagar Haveli and Daman and Diu,2.49,2017-18,March
solar,Dadra and Nagar Haveli and Daman and Diu,2.37,2017-18,May
solar,Dadra and Nagar Haveli and Daman and Diu,2.07,2017-18,November
solar,Dadra and Nagar Haveli and Daman and Diu,2.1,2017-18,October
solar,Dadra and Nagar Haveli and Daman and Diu,1.84,2017-18,September
solar,Dadra and Nagar Haveli and Daman and Diu,2.56,2018-19,April
solar,Dadra and Nagar Haveli and Daman and Diu,1.38,2018-19,August
solar,Dadra and Nagar Haveli and Daman and Diu,1.97,2018-19,December
solar,Dadra and Nagar Haveli and Daman and Diu,2.43,2018-19,February
solar,Dadra and Nagar Haveli and Daman and Diu,2.33,2018-19,January
solar,Dadra and Nagar Haveli and Daman and Diu,0.81,2018-19,July
solar,Dadra and Nagar Haveli and Daman and Diu,1.8,2018-19,June
solar,Dadra and Nagar Haveli and Daman and Diu,2.95,2018-19,March
solar,Dadra and Nagar Haveli and Daman and Diu,2.36,2018-19,May
solar,Dadra and Nagar Haveli and Daman and Diu,1.98,2018-19,November
solar,Dadra and Nagar Haveli and Daman and Diu,2.12,2018-19,October
solar,Dadra and Nagar Haveli and Daman and Diu,2.01,2018-19,September
solar,Dadra and Nagar Haveli and Daman and Diu,2.82,2019-20,April
solar,Dadra and Nagar Haveli and Daman and Diu,1.71,2019-20,August
solar,Dadra and Nagar Haveli and Daman and Diu,2.7,2019-20,December
solar,Dadra and Nagar Haveli and Daman and Diu,2.69,2019-20,February
solar,Dadra and Nagar Haveli and Daman and Diu,2.57,2019-20,January
solar,Dadra and Nagar Haveli and Daman and Diu,1.73,2019-20,July
solar,Dadra and Nagar Haveli and Daman and Diu,1.84,2019-20,June
solar,Dadra and Nagar Haveli and Daman and Diu,2.79,2019-20,March
solar,Dadra and Nagar Haveli and Daman and Diu,2.78,2019-20,May
solar,Dadra and Nagar Haveli and Daman and Diu,2.29,2019-20,November
solar,Dadra and Nagar Haveli and Daman and Diu,2.42,2019-20,October
solar,Dadra and Nagar Haveli and Daman and Diu,1.69,2019-20,September
solar,Dadra and Nagar Haveli and Daman and Diu,3.21,2020-21,April
solar,Dadra and Nagar Haveli and Daman and Diu,1.85,2020-21,August
solar,Dadra and Nagar Haveli and Daman and Diu,2.95,2020-21,December
solar,Dadra and Nagar Haveli and Daman and Diu,6.72,2020-21,February
solar,Dadra and Nagar Haveli and Daman and Diu,6.09,2020-21,January
solar,Dadra and Nagar Haveli and Daman and Diu,2.09,2020-21,July
solar,Dadra and Nagar Haveli and Daman and Diu,2.23,2020-21,June
solar,Dadra and Nagar Haveli and Daman and Diu,5.34,2020-21,March
solar,Dadra and Nagar Haveli and Daman and Diu,2.92,2020-21,May
solar,Dadra and Nagar Haveli and Daman and Diu,2.93,2020-21,November
solar,Dadra and Nagar Haveli and Daman and Diu,2.8,2020-21,October
solar,Dadra and Nagar Haveli and Daman and Diu,2.33,2020-21,September
solar,Dadra and Nagar Haveli and Daman and Diu,4.24,2021-22,April
solar,Dadra and Nagar Haveli and Daman and Diu,5.1,2021-22,August
solar,Dadra and Nagar Haveli and Daman and Diu,8.16,2021-22,December
solar,Dadra and Nagar Haveli and Daman and Diu,7.74,2021-22,February
solar,Dadra and Nagar Haveli and Daman and Diu,7.37,2021-22,January
solar,Dadra and Nagar Haveli and Daman and Diu,7.38,2021-22,July
solar,Dadra and Nagar Haveli and Daman and Diu,8.33,2021-22,June
solar,Dadra and Nagar Haveli and Daman and Diu,9.01,2021-22,March
solar,Dadra and Nagar Haveli and Daman and Diu,7.47,2021-22,May
solar,Dadra and Nagar Haveli and Daman and Diu,7.73,2021-22,November
solar,Dadra and Nagar Haveli and Daman and Diu,6.96,2021-22,October
solar,Dadra and Nagar Haveli and Daman and Diu,5.01,2021-22,September
solar,Dadra and Nagar Haveli and Daman and Diu,6.72,2022-23,April
solar,Dadra and Nagar Haveli and Daman and Diu,1.0,2022-23,August
solar,Dadra and Nagar Haveli and Daman and Diu,1.26,2022-23,December
solar,Dadra and Nagar Haveli and Daman and Diu,1.44,2022-23,February
solar,Dadra and Nagar Haveli and Daman and Diu,1.29,2022-23,January
solar,Dadra and Nagar Haveli and Daman and Diu,2.26,2022-23,July
solar,Dadra and Nagar Haveli and Daman and Diu,4.63,2022-23,June
solar,Dadra and Nagar Haveli and Daman and Diu,1.51,2022-23,March
solar,Dadra and Nagar Haveli and Daman and Diu,4.87,2022-23,May
solar,Dadra and Nagar Haveli and Daman and Diu,1.36,2022-23,November
solar,Dadra and Nagar Haveli and Daman and Diu,1.36,2022-23,October
solar,Dadra and Nagar Haveli and Daman and Diu,1.25,2022-23,September
solar,Dadra and Nagar Haveli and Daman and Diu,1.64,2023-24,April
solar,Dadra and Nagar Haveli and Daman and Diu,1.06,2023-24,August
solar,Dadra and Nagar Haveli and Daman and Diu,1.14,2023-24,December
solar,Dadra and Nagar Haveli and Daman and Diu,1.49,2023-24,February
solar,Dadra and Nagar Haveli and Daman and Diu,1.39,2023-24,January
solar,Dadra and Nagar Haveli and Daman and Diu,0.65,2023-24,July
solar,Dadra and Nagar Haveli and Daman and Diu,1.16,2023-24,June
solar,Dadra and Nagar Haveli and Daman and Diu,1.76,2023-24,March
solar,Dadra and Nagar Haveli and Daman and Diu,1.6,2023-24,May
solar,Dadra and Nagar Haveli and Daman and Diu,1.28,2023-24,November
solar,Dadra and Nagar Haveli and Daman and Diu,1.42,2023-24,October
solar,Dadra and Nagar Haveli and Daman and Diu,1.16,2023-24,September
solar,Dadra and Nagar Haveli and Daman and Diu,1.79,2024-25,April
solar,Dadra and Nagar Haveli and Daman and Diu,0.94,2024-25,August
solar,Dadra and Nagar Haveli and Daman and Diu,1.37,2024-25,December
solar,Dadra and Nagar Haveli and Daman and Diu,1.58,2024-25,February
solar,Dadra and Nagar Haveli and Daman and Diu,1.37,2024-25,January
solar,Dadra and Nagar Haveli and Daman and Diu,0.7,2024-25,July
solar,Dadra and Nagar Haveli and Daman and Diu,1.25,2024-25,June
solar,Dadra and Nagar Haveli and Daman and Diu,1.58,2024-25,March
solar,Dadra and Nagar Haveli and Daman and Diu,1.69,2024-25,May
solar,Dadra and Nagar Haveli and Daman and Diu,1.23,2024-25,November
solar,Dadra and Nagar Haveli and Daman and Diu,1.23,2024-25,October
solar,Dadra and Nagar Haveli and Daman and Diu,1.14,2024-25,September
solar,Dadra and Nagar Haveli and Daman and Diu,1.58,2025-26,April
solar,Dadra and Nagar Haveli and Daman and Diu,1.69,2025-26,August
solar,Dadra and Nagar Haveli and Daman and Diu,1.69,2025-26,December
solar,Dadra and Nagar Haveli and Daman and Diu,1.69,2025-26,February
solar,Dadra and Nagar Haveli and Daman and Diu,4.76,2025-26,January
solar,Dadra and Nagar Haveli and Daman and Diu,1.69,2025-26,July
solar,Dadra and Nagar Haveli and Daman and Diu,1.69,2025-26,June
solar,Dadra and Nagar Haveli and Daman and Diu,1.69,2025-26,March
solar,Dadra and Nagar Haveli and Daman and Diu,1.69,2025-26,May
solar,Dadra and Nagar Haveli and Daman and Diu,1.69,2025-26,November
solar,Dadra and Nagar Haveli and Daman and Diu,1.69,2025-26,October
solar,Dadra and Nagar Haveli and Daman and Diu,1.69,2025-26,September
solar,Dadra and Nagar Haveli and Daman and Diu,1.69,2026-27,April
solar,Dadra and Nagar Haveli and Daman and Diu,0.0,2026-27,August
solar,Dadra and Nagar Haveli and Daman and Diu,0.0,2026-27,December
solar,Dadra and Nagar Haveli and Daman and Diu,0.0,2026-27,February
solar,Dadra and Nagar Haveli and Daman and Diu,0.0,2026-27,January
solar,Dadra and Nagar Haveli and Daman and Diu,0.0,2026-27,July
solar,Dadra and Nagar Haveli and Daman and Diu,1.69,2026-27,June
solar,Dadra and Nagar Haveli and Daman and Diu,0.0,2026-27,March
solar,Dadra and Nagar Haveli and Daman and Diu,1.69,2026-27,May
solar,Dadra and Nagar Haveli and Daman and Diu,0.0,2026-27,November
solar,Dadra and Nagar Haveli and Daman and Diu,0.0,2026-27,October
solar,Dadra and Nagar Haveli and Daman and Diu,0.0,2026-27,September
solar,Delhi,0.83,2015-16,April
solar,Delhi,0.19,2015-16,August
solar,Delhi,0.1,2015-16,December
solar,Delhi,0.47,2015-16,February
solar,Delhi,0.14,2015-16,January
solar,Delhi,0.2,2015-16,July
solar,Delhi,0.25,2015-16,June
solar,Delhi,0.31,2015-16,March
solar,Delhi,0.6,2015-16,May
solar,Delhi,0.47,2015-16,November
solar,Delhi,0.25,2015-16,October
solar,Delhi,0.31,2015-16,September
solar,Delhi,0.35,2016-17,April
solar,Delhi,0.24,2016-17,August
solar,Delhi,0.66,2016-17,December
solar,Delhi,0.26,2016-17,February
solar,Delhi,0.63,2016-17,January
solar,Delhi,0.19,2016-17,July
solar,Delhi,0.24,2016-17,June
solar,Delhi,1.42,2016-17,March
solar,Delhi,0.28,2016-17,May
solar,Delhi,0.96,2016-17,November
solar,Delhi,0.23,2016-17,October
solar,Delhi,0.22,2016-17,September
solar,Delhi,1.33,2017-18,April
solar,Delhi,1.07,2017-18,August
solar,Delhi,0.87,2017-18,December
solar,Delhi,1.19,2017-18,February
solar,Delhi,0.96,2017-18,January
solar,Delhi,1.19,2017-18,July
solar,Delhi,1.53,2017-18,June
solar,Delhi,1.19,2017-18,March
solar,Delhi,1.11,2017-18,May
solar,Delhi,0.77,2017-18,November
solar,Delhi,1.08,2017-18,October
solar,Delhi,1.11,2017-18,September
solar,Delhi,1.25,2018-19,April
solar,Delhi,1.04,2018-19,August
solar,Delhi,0.51,2018-19,December
solar,Delhi,0.4,2018-19,February
solar,Delhi,0.48,2018-19,January
solar,Delhi,1.12,2018-19,July
solar,Delhi,1.26,2018-19,June
solar,Delhi,0.63,2018-19,March
solar,Delhi,1.29,2018-19,May
solar,Delhi,0.85,2018-19,November
solar,Delhi,1.02,2018-19,October
solar,Delhi,0.97,2018-19,September
solar,Delhi,0.78,2019-20,April
solar,Delhi,1.04,2019-20,August
solar,Delhi,7.09,2019-20,December
solar,Delhi,11.08,2019-20,February
solar,Delhi,7.09,2019-20,January
solar,Delhi,0.88,2019-20,July
solar,Delhi,0.96,2019-20,June
solar,Delhi,8.46,2019-20,March
solar,Delhi,1.06,2019-20,May
solar,Delhi,8.73,2019-20,November
solar,Delhi,12.74,2019-20,October
solar,Delhi,12.74,2019-20,September
solar,Delhi,14.6,2020-21,April
solar,Delhi,14.53,2020-21,August
solar,Delhi,12.22,2020-21,December
solar,Delhi,11.74,2020-21,February
solar,Delhi,12.22,2020-21,January
solar,Delhi,17.16,2020-21,July
solar,Delhi,18.78,2020-21,June
solar,Delhi,15.16,2020-21,March
solar,Delhi,21.79,2020-21,May
solar,Delhi,17.32,2020-21,November
solar,Delhi,17.32,2020-21,October
solar,Delhi,17.16,2020-21,September
solar,Delhi,15.16,2021-22,April
solar,Delhi,20.04,2021-22,August
solar,Delhi,20.04,2021-22,December
solar,Delhi,20.04,2021-22,February
solar,Delhi,20.04,2021-22,January
solar,Delhi,20.04,2021-22,July
solar,Delhi,15.16,2021-22,June
solar,Delhi,20.04,2021-22,March
solar,Delhi,15.16,2021-22,May
solar,Delhi,20.04,2021-22,November
solar,Delhi,20.04,2021-22,October
solar,Delhi,20.04,2021-22,September
solar,Delhi,20.04,2022-23,April
solar,Delhi,22.64,2022-23,August
solar,Delhi,17.08,2022-23,December
solar,Delhi,17.21,2022-23,February
solar,Delhi,17.21,2022-23,January
solar,Delhi,22.64,2022-23,July
solar,Delhi,22.64,2022-23,June
solar,Delhi,17.21,2022-23,March
solar,Delhi,22.64,2022-23,May
solar,Delhi,17.08,2022-23,November
solar,Delhi,17.08,2022-23,October
solar,Delhi,22.64,2022-23,September
solar,Delhi,17.21,2023-24,April
solar,Delhi,17.21,2023-24,August
solar,Delhi,17.21,2023-24,December
solar,Delhi,17.21,2023-24,February
solar,Delhi,17.21,2023-24,January
solar,Delhi,17.21,2023-24,July
solar,Delhi,17.21,2023-24,June
solar,Delhi,17.21,2023-24,March
solar,Delhi,17.21,2023-24,May
solar,Delhi,17.21,2023-24,November
solar,Delhi,17.21,2023-24,October
solar,Delhi,17.21,2023-24,September
solar,Delhi,17.21,2024-25,April
solar,Delhi,17.21,2024-25,August
solar,Delhi,17.21,2024-25,December
solar,Delhi,17.21,2024-25,February
solar,Delhi,17.21,2024-25,January
solar,Delhi,17.21,2024-25,July
solar,Delhi,17.21,2024-25,June
solar,Delhi,17.21,2024-25,March
solar,Delhi,17.21,2024-25,May
solar,Delhi,17.21,2024-25,November
solar,Delhi,17.21,2024-25,October
solar,Delhi,17.21,2024-25,September
solar,Delhi,17.21,2025-26,April
solar,Delhi,17.21,2025-26,August
solar,Delhi,17.21,2025-26,December
solar,Delhi,17.21,2025-26,February
solar,Delhi,17.21,2025-26,January
solar,Delhi,17.21,2025-26,July
solar,Delhi,17.21,2025-26,June
solar,Delhi,17.21,2025-26,March
solar,Delhi,17.21,2025-26,May
solar,Delhi,17.21,2025-26,November
solar,Delhi,17.21,2025-26,October
solar,Delhi,17.21,2025-26,September
solar,Delhi,17.21,2026-27,April
solar,Delhi,0.0,2026-27,August
solar,Delhi,0.0,2026-27,December
solar,Delhi,0.0,2026-27,February
solar,Delhi,0.0,2026-27,January
solar,Delhi,0.0,2026-27,July
solar,Delhi,17.21,2026-27,June
solar,Delhi,0.0,2026-27,March
solar,Delhi,17.21,2026-27,May
solar,Delhi,0.0,2026-27,November
solar,Delhi,0.0,2026-27,October
solar,Delhi,0.0,2026-27,September
solar,Goa,0.0,2015-16,April
solar,Goa,0.0,2015-16,August
solar,Goa,0.0,2015-16,December
solar,Goa,0.0,2015-16,February
solar,Goa,0.0,2015-16,January
solar,Goa,0.0,2015-16,July
solar,Goa,0.0,2015-16,June
solar,Goa,0.0,2015-16,March
solar,Goa,0.0,2015-16,May
solar,Goa,0.0,2015-16,November
solar,Goa,0.0,2015-16,October
solar,Goa,0.0,2015-16,September
solar,Goa,0.0,2016-17,April
solar,Goa,0.0,2016-17,August
solar,Goa,0.0,2016-17,December
solar,Goa,0.0,2016-17,February
solar,Goa,0.0,2016-17,January
solar,Goa,0.0,2016-17,July
solar,Goa,0.0,2016-17,June
solar,Goa,0.0,2016-17,March
solar,Goa,0.0,2016-17,May
solar,Goa,0.0,2016-17,November
solar,Goa,0.0,2016-17,October
solar,Goa,0.0,2016-17,September
solar,Goa,0.0,2017-18,April
solar,Goa,0.0,2017-18,August
solar,Goa,0.0,2017-18,December
solar,Goa,0.0,2017-18,February
solar,Goa,0.0,2017-18,January
solar,Goa,0.0,2017-18,July
solar,Goa,0.0,2017-18,June
solar,Goa,0.0,2017-18,March
solar,Goa,0.0,2017-18,May
solar,Goa,0.0,2017-18,November
solar,Goa,0.0,2017-18,October
solar,Goa,0.0,2017-18,September
solar,Goa,0.0,2018-19,April
solar,Goa,0.0,2018-19,August
solar,Goa,0.0,2018-19,December
solar,Goa,0.0,2018-19,February
solar,Goa,0.0,2018-19,January
solar,Goa,0.0,2018-19,July
solar,Goa,0.0,2018-19,June
solar,Goa,0.0,2018-19,March
solar,Goa,0.0,2018-19,May
solar,Goa,0.0,2018-19,November
solar,Goa,0.0,2018-19,October
solar,Goa,0.0,2018-19,September
solar,Goa,0.0,2019-20,April
solar,Goa,0.0,2019-20,August
solar,Goa,0.14,2019-20,December
solar,Goa,0.15,2019-20,February
solar,Goa,0.14,2019-20,January
solar,Goa,0.0,2019-20,July
solar,Goa,0.0,2019-20,June
solar,Goa,0.13,2019-20,March
solar,Goa,0.0,2019-20,May
solar,Goa,0.14,2019-20,November
solar,Goa,0.12,2019-20,October
solar,Goa,0.0,2019-20,September
solar,Goa,0.15,2020-21,April
solar,Goa,0.09,2020-21,August
solar,Goa,0.14,2020-21,December
solar,Goa,0.1,2020-21,February
solar,Goa,0.14,2020-21,January
solar,Goa,0.09,2020-21,July
solar,Goa,0.09,2020-21,June
solar,Goa,0.15,2020-21,March
solar,Goa,0.15,2020-21,May
solar,Goa,0.14,2020-21,November
solar,Goa,0.12,2020-21,October
solar,Goa,0.1,2020-21,September
solar,Goa,0.15,2021-22,April
solar,Goa,0.11,2021-22,August
solar,Goa,1.34,2021-22,December
solar,Goa,1.83,2021-22,February
solar,Goa,1.51,2021-22,January
solar,Goa,0.08,2021-22,July
solar,Goa,0.1,2021-22,June
solar,Goa,2.3,2021-22,March
solar,Goa,0.1,2021-22,May
solar,Goa,0.11,2021-22,November
solar,Goa,0.1,2021-22,October
solar,Goa,0.1,2021-22,September
solar,Goa,0.42,2022-23,April
solar,Goa,1.51,2022-23,August
solar,Goa,1.51,2022-23,December
solar,Goa,1.51,2022-23,February
solar,Goa,1.51,2022-23,January
solar,Goa,0.0,2022-23,July
solar,Goa,0.42,2022-23,June
solar,Goa,1.51,2022-23,March
solar,Goa,0.42,2022-23,May
solar,Goa,1.51,2022-23,November
solar,Goa,1.51,2022-23,October
solar,Goa,1.51,2022-23,September
solar,Goa,1.51,2023-24,April
solar,Goa,6.29,2023-24,August
solar,Goa,4.76,2023-24,December
solar,Goa,4.76,2023-24,February
solar,Goa,4.76,2023-24,January
solar,Goa,6.29,2023-24,July
solar,Goa,6.29,2023-24,June
solar,Goa,4.76,2023-24,March
solar,Goa,6.29,2023-24,May
solar,Goa,4.76,2023-24,November
solar,Goa,4.76,2023-24,October
solar,Goa,4.76,2023-24,September
solar,Goa,4.76,2024-25,April
solar,Goa,4.76,2024-25,August
solar,Goa,4.76,2024-25,December
solar,Goa,4.76,2024-25,February
solar,Goa,4.76,2024-25,January
solar,Goa,4.76,2024-25,July
solar,Goa,4.76,2024-25,June
solar,Goa,4.76,2024-25,March
solar,Goa,4.76,2024-25,May
solar,Goa,4.76,2024-25,November
solar,Goa,4.76,2024-25,October
solar,Goa,4.76,2024-25,September
solar,Goa,4.76,2025-26,April
solar,Goa,4.76,2025-26,August
solar,Goa,4.76,2025-26,December
solar,Goa,4.76,2025-26,February
solar,Goa,1.69,2025-26,January
solar,Goa,4.76,2025-26,July
solar,Goa,4.76,2025-26,June
solar,Goa,4.76,2025-26,March
solar,Goa,4.76,2025-26,May
solar,Goa,4.76,2025-26,November
solar,Goa,4.76,2025-26,October
solar,Goa,4.76,2025-26,September
solar,Goa,4.76,2026-27,April
solar,Goa,0.0,2026-27,August
solar,Goa,0.0,2026-27,December
solar,Goa,0.0,2026-27,February
solar,Goa,0.0,2026-27,January
solar,Goa,0.0,2026-27,July
solar,Goa,3.35,2026-27,June
solar,Goa,0.0,2026-27,March
solar,Goa,4.76,2026-27,May
solar,Goa,0.0,2026-27,November
solar,Goa,0.0,2026-27,October
solar,Goa,0.0,2026-27,September
solar,Gujarat,152.45,2015-16,April
solar,Gujarat,103.89,2015-16,August
solar,Gujarat,138.69,2015-16,December
solar,Gujarat,143.23,2015-16,February
solar,Gujarat,0.0,2015-16,January
solar,Gujarat,95.12,2015-16,July
solar,Gujarat,125.86,2015-16,June
solar,Gujarat,169.93,2015-16,March
solar,Gujarat,160.88,2015-16,May
solar,Gujarat,127.39,2015-16,November
solar,Gujarat,149.79,2015-16,October
solar,Gujarat,130.37,2015-16,September
solar,Gujarat,170.97,2016-17,April
solar,Gujarat,95.03,2016-17,August
solar,Gujarat,151.17,2016-17,December
solar,Gujarat,152.19,2016-17,February
solar,Gujarat,148.96,2016-17,January
solar,Gujarat,103.35,2016-17,July
solar,Gujarat,138.71,2016-17,June
solar,Gujarat,176.44,2016-17,March
solar,Gujarat,165.63,2016-17,May
solar,Gujarat,147.56,2016-17,November
solar,Gujarat,147.39,2016-17,October
solar,Gujarat,140.88,2016-17,September
solar,Gujarat,186.25,2017-18,April
solar,Gujarat,131.04,2017-18,August
solar,Gujarat,161.68,2017-18,December
solar,Gujarat,182.95,2017-18,February
solar,Gujarat,195.43,2017-18,January
solar,Gujarat,90.24,2017-18,July
solar,Gujarat,153.78,2017-18,June
solar,Gujarat,230.67,2017-18,March
solar,Gujarat,186.8,2017-18,May
solar,Gujarat,167.67,2017-18,November
solar,Gujarat,192.54,2017-18,October
solar,Gujarat,169.35,2017-18,September
solar,Gujarat,220.5,2018-19,April
solar,Gujarat,120.47,2018-19,August
solar,Gujarat,208.49,2018-19,December
solar,Gujarat,236.82,2018-19,February
solar,Gujarat,233.43,2018-19,January
solar,Gujarat,126.27,2018-19,July
solar,Gujarat,173.97,2018-19,June
solar,Gujarat,304.2,2018-19,March
solar,Gujarat,216.23,2018-19,May
solar,Gujarat,199.86,2018-19,November
solar,Gujarat,200.4,2018-19,October
solar,Gujarat,169.68,2018-19,September
solar,Gujarat,308.85,2019-20,April
solar,Gujarat,227.26,2019-20,August
solar,Gujarat,328.26,2019-20,December
solar,Gujarat,366.42,2019-20,February
solar,Gujarat,356.69,2019-20,January
solar,Gujarat,285.85,2019-20,July
solar,Gujarat,264.17,2019-20,June
solar,Gujarat,403.69,2019-20,March
solar,Gujarat,323.61,2019-20,May
solar,Gujarat,275.84,2019-20,November
solar,Gujarat,285.67,2019-20,October
solar,Gujarat,205.55,2019-20,September
solar,Gujarat,405.77,2020-21,April
solar,Gujarat,250.53,2020-21,August
solar,Gujarat,408.32,2020-21,December
solar,Gujarat,438.28,2020-21,February
solar,Gujarat,456.31,2020-21,January
solar,Gujarat,328.54,2020-21,July
solar,Gujarat,341.17,2020-21,June
solar,Gujarat,531.71,2020-21,March
solar,Gujarat,439.5,2020-21,May
solar,Gujarat,374.32,2020-21,November
solar,Gujarat,355.86,2020-21,October
solar,Gujarat,303.51,2020-21,September
solar,Gujarat,524.22,2021-22,April
solar,Gujarat,475.77,2021-22,August
solar,Gujarat,594.8,2021-22,December
solar,Gujarat,668.61,2021-22,February
solar,Gujarat,653.29,2021-22,January
solar,Gujarat,471.44,2021-22,July
solar,Gujarat,529.38,2021-22,June
solar,Gujarat,760.42,2021-22,March
solar,Gujarat,570.46,2021-22,May
solar,Gujarat,575.19,2021-22,November
solar,Gujarat,569.86,2021-22,October
solar,Gujarat,381.07,2021-22,September
solar,Gujarat,841.65,2022-23,April
solar,Gujarat,648.12,2022-23,August
solar,Gujarat,835.69,2022-23,December
solar,Gujarat,1052.57,2022-23,February
solar,Gujarat,1005.16,2022-23,January
solar,Gujarat,633.18,2022-23,July
solar,Gujarat,838.77,2022-23,June
solar,Gujarat,1066.91,2022-23,March
solar,Gujarat,925.93,2022-23,May
solar,Gujarat,821.67,2022-23,November
solar,Gujarat,890.54,2022-23,October
solar,Gujarat,775.12,2022-23,September
solar,Gujarat,1147.51,2023-24,April
solar,Gujarat,924.51,2023-24,August
solar,Gujarat,1065.84,2023-24,December
solar,Gujarat,1210.11,2023-24,February
solar,Gujarat,1226.22,2023-24,January
solar,Gujarat,779.54,2023-24,July
solar,Gujarat,907.11,2023-24,June
solar,Gujarat,1532.85,2023-24,March
solar,Gujarat,1428.45,2023-24,May
solar,Gujarat,1020.28,2023-24,November
solar,Gujarat,1221.38,2023-24,October
solar,Gujarat,1005.11,2023-24,September
solar,Gujarat,1574.4,2024-25,April
solar,Gujarat,1235.26,2024-25,August
solar,Gujarat,1448.86,2024-25,December
solar,Gujarat,1745.9,2024-25,February
solar,Gujarat,1822.79,2024-25,January
solar,Gujarat,1185.52,2024-25,July
solar,Gujarat,1470.71,2024-25,June
solar,Gujarat,3245.6,2024-25,March
solar,Gujarat,1752.88,2024-25,May
solar,Gujarat,1632.4,2024-25,November
solar,Gujarat,1614.24,2024-25,October
solar,Gujarat,1490.92,2024-25,September
solar,Gujarat,2371.73,2025-26,April
solar,Gujarat,1644.06,2025-26,August
solar,Gujarat,2195.09,2025-26,December
solar,Gujarat,3444.02,2025-26,February
solar,Gujarat,2940.89,2025-26,January
solar,Gujarat,1488.69,2025-26,July
solar,Gujarat,1559.77,2025-26,June
solar,Gujarat,4134.51,2025-26,March
solar,Gujarat,1995.33,2025-26,May
solar,Gujarat,2044.68,2025-26,November
solar,Gujarat,1865.45,2025-26,October
solar,Gujarat,1695.42,2025-26,September
solar,Gujarat,4806.12,2026-27,April
solar,Gujarat,0.0,2026-27,August
solar,Gujarat,0.0,2026-27,December
solar,Gujarat,0.0,2026-27,February
solar,Gujarat,0.0,2026-27,January
solar,Gujarat,3246.51,2026-27,July
solar,Gujarat,4550.16,2026-27,June
solar,Gujarat,0.0,2026-27,March
solar,Gujarat,4962.88,2026-27,May
solar,Gujarat,0.0,2026-27,November
solar,Gujarat,0.0,2026-27,October
solar,Gujarat,0.0,2026-27,September
solar,Haryana,2.02,2015-16,April
solar,Haryana,1.32,2015-16,August
solar,Haryana,1.15,2015-16,December
solar,Haryana,1.18,2015-16,February
solar,Haryana,1.15,2015-16,January
solar,Haryana,1.31,2015-16,July
solar,Haryana,1.62,2015-16,June
solar,Haryana,1.42,2015-16,March
solar,Haryana,2.23,2015-16,May
solar,Haryana,1.18,2015-16,November
solar,Haryana,1.4,2015-16,October
solar,Haryana,1.39,2015-16,September
solar,Haryana,1.51,2016-17,April
solar,Haryana,1.77,2016-17,August
solar,Haryana,1.58,2016-17,December
solar,Haryana,3.26,2016-17,February
solar,Haryana,1.5,2016-17,January
solar,Haryana,1.46,2016-17,July
solar,Haryana,2.03,2016-17,June
solar,Haryana,4.15,2016-17,March
solar,Haryana,1.52,2016-17,May
solar,Haryana,1.59,2016-17,November
solar,Haryana,1.93,2016-17,October
solar,Haryana,1.96,2016-17,September
solar,Haryana,4.51,2017-18,April
solar,Haryana,6.1,2017-18,August
solar,Haryana,5.29,2017-18,December
solar,Haryana,6.28,2017-18,February
solar,Haryana,5.53,2017-18,January
solar,Haryana,6.46,2017-18,July
solar,Haryana,6.44,2017-18,June
solar,Haryana,7.93,2017-18,March
solar,Haryana,6.69,2017-18,May
solar,Haryana,4.71,2017-18,November
solar,Haryana,6.46,2017-18,October
solar,Haryana,6.29,2017-18,September
solar,Haryana,7.26,2018-19,April
solar,Haryana,5.96,2018-19,August
solar,Haryana,5.8,2018-19,December
solar,Haryana,5.29,2018-19,February
solar,Haryana,5.16,2018-19,January
solar,Haryana,5.73,2018-19,July
solar,Haryana,6.09,2018-19,June
solar,Haryana,7.65,2018-19,March
solar,Haryana,7.27,2018-19,May
solar,Haryana,5.45,2018-19,November
solar,Haryana,6.63,2018-19,October
solar,Haryana,6.09,2018-19,September
solar,Haryana,7.18,2019-20,April
solar,Haryana,6.26,2019-20,August
solar,Haryana,14.77,2019-20,December
solar,Haryana,5.58,2019-20,February
solar,Haryana,15.85,2019-20,January
solar,Haryana,5.57,2019-20,July
solar,Haryana,6.4,2019-20,June
solar,Haryana,6.36,2019-20,March
solar,Haryana,7.64,2019-20,May
solar,Haryana,14.01,2019-20,November
solar,Haryana,18.04,2019-20,October
solar,Haryana,17.48,2019-20,September
solar,Haryana,6.45,2020-21,April
solar,Haryana,7.08,2020-21,August
solar,Haryana,9.34,2020-21,December
solar,Haryana,34.78,2020-21,February
solar,Haryana,27.68,2020-21,January
solar,Haryana,7.44,2020-21,July
solar,Haryana,5.84,2020-21,June
solar,Haryana,34.78,2020-21,March
solar,Haryana,5.77,2020-21,May
solar,Haryana,7.43,2020-21,November
solar,Haryana,8.9,2020-21,October
solar,Haryana,7.49,2020-21,September
solar,Haryana,39.72,2021-22,April
solar,Haryana,41.88,2021-22,August
solar,Haryana,57.37,2021-22,December
solar,Haryana,62.87,2021-22,February
solar,Haryana,54.17,2021-22,January
solar,Haryana,30.77,2021-22,July
solar,Haryana,33.66,2021-22,June
solar,Haryana,63.04,2021-22,March
solar,Haryana,36.5,2021-22,May
solar,Haryana,49.26,2021-22,November
solar,Haryana,53.04,2021-22,October
solar,Haryana,50.57,2021-22,September
solar,Haryana,63.04,2022-23,April
solar,Haryana,63.04,2022-23,August
solar,Haryana,19.64,2022-23,December
solar,Haryana,45.23,2022-23,February
solar,Haryana,12.02,2022-23,January
solar,Haryana,63.04,2022-23,July
solar,Haryana,63.04,2022-23,June
solar,Haryana,49.3,2022-23,March
solar,Haryana,63.04,2022-23,May
solar,Haryana,26.07,2022-23,November
solar,Haryana,24.7,2022-23,October
solar,Haryana,63.04,2022-23,September
solar,Haryana,57.14,2023-24,April
solar,Haryana,60.08,2023-24,August
solar,Haryana,96.9,2023-24,December
solar,Haryana,96.9,2023-24,February
solar,Haryana,96.9,2023-24,January
solar,Haryana,60.08,2023-24,July
solar,Haryana,60.08,2023-24,June
solar,Haryana,97.49,2023-24,March
solar,Haryana,57.14,2023-24,May
solar,Haryana,96.9,2023-24,November
solar,Haryana,114.02,2023-24,October
solar,Haryana,99.28,2023-24,September
solar,Haryana,118.98,2024-25,April
solar,Haryana,118.98,2024-25,August
solar,Haryana,122.22,2024-25,December
solar,Haryana,122.22,2024-25,February
solar,Haryana,122.22,2024-25,January
solar,Haryana,118.98,2024-25,July
solar,Haryana,118.98,2024-25,June
solar,Haryana,122.22,2024-25,March
solar,Haryana,118.98,2024-25,May
solar,Haryana,122.22,2024-25,November
solar,Haryana,135.36,2024-25,October
solar,Haryana,128.66,2024-25,September
solar,Haryana,122.22,2025-26,April
solar,Haryana,118.98,2025-26,August
solar,Haryana,164.31,2025-26,December
solar,Haryana,164.31,2025-26,February
solar,Haryana,164.31,2025-26,January
solar,Haryana,118.98,2025-26,July
solar,Haryana,118.98,2025-26,June
solar,Haryana,164.31,2025-26,March
solar,Haryana,118.98,2025-26,May
solar,Haryana,118.98,2025-26,November
solar,Haryana,118.98,2025-26,October
solar,Haryana,118.98,2025-26,September
solar,Haryana,164.31,2026-27,April
solar,Haryana,0.0,2026-27,August
solar,Haryana,0.0,2026-27,December
solar,Haryana,0.0,2026-27,February
solar,Haryana,0.0,2026-27,January
solar,Haryana,35.96,2026-27,July
solar,Haryana,164.31,2026-27,June
solar,Haryana,0.0,2026-27,March
solar,Haryana,164.31,2026-27,May
solar,Haryana,0.0,2026-27,November
solar,Haryana,0.0,2026-27,October
solar,Haryana,0.0,2026-27,September
solar,Himachal Pradesh,0.0,2015-16,April
solar,Himachal Pradesh,0.0,2015-16,August
solar,Himachal Pradesh,0.0,2015-16,December
solar,Himachal Pradesh,0.0,2015-16,February
solar,Himachal Pradesh,0.0,2015-16,January
solar,Himachal Pradesh,0.0,2015-16,July
solar,Himachal Pradesh,0.0,2015-16,June
solar,Himachal Pradesh,0.0,2015-16,March
solar,Himachal Pradesh,0.0,2015-16,May
solar,Himachal Pradesh,0.0,2015-16,November
solar,Himachal Pradesh,0.0,2015-16,October
solar,Himachal Pradesh,0.0,2015-16,September
solar,Himachal Pradesh,0.0,2016-17,April
solar,Himachal Pradesh,0.0,2016-17,August
solar,Himachal Pradesh,0.0,2016-17,December
solar,Himachal Pradesh,0.0,2016-17,February
solar,Himachal Pradesh,0.0,2016-17,January
solar,Himachal Pradesh,0.0,2016-17,July
solar,Himachal Pradesh,0.0,2016-17,June
solar,Himachal Pradesh,0.0,2016-17,March
solar,Himachal Pradesh,0.0,2016-17,May
solar,Himachal Pradesh,0.0,2016-17,November
solar,Himachal Pradesh,0.0,2016-17,October
solar,Himachal Pradesh,0.0,2016-17,September
solar,Himachal Pradesh,0.0,2017-18,April
solar,Himachal Pradesh,0.0,2017-18,August
solar,Himachal Pradesh,0.0,2017-18,December
solar,Himachal Pradesh,0.0,2017-18,February
solar,Himachal Pradesh,0.0,2017-18,January
solar,Himachal Pradesh,0.0,2017-18,July
solar,Himachal Pradesh,0.0,2017-18,June
solar,Himachal Pradesh,0.0,2017-18,March
solar,Himachal Pradesh,0.0,2017-18,May
solar,Himachal Pradesh,0.0,2017-18,November
solar,Himachal Pradesh,0.0,2017-18,October
solar,Himachal Pradesh,0.0,2017-18,September
solar,Himachal Pradesh,0.0,2018-19,April
solar,Himachal Pradesh,0.0,2018-19,August
solar,Himachal Pradesh,0.0,2018-19,December
solar,Himachal Pradesh,0.0,2018-19,February
solar,Himachal Pradesh,0.0,2018-19,January
solar,Himachal Pradesh,0.0,2018-19,July
solar,Himachal Pradesh,0.0,2018-19,June
solar,Himachal Pradesh,0.0,2018-19,March
solar,Himachal Pradesh,0.0,2018-19,May
solar,Himachal Pradesh,0.0,2018-19,November
solar,Himachal Pradesh,0.0,2018-19,October
solar,Himachal Pradesh,0.0,2018-19,September
solar,Himachal Pradesh,0.0,2019-20,April
solar,Himachal Pradesh,0.0,2019-20,August
solar,Himachal Pradesh,2.03,2019-20,December
solar,Himachal Pradesh,1.98,2019-20,February
solar,Himachal Pradesh,1.92,2019-20,January
solar,Himachal Pradesh,0.0,2019-20,July
solar,Himachal Pradesh,0.0,2019-20,June
solar,Himachal Pradesh,2.92,2019-20,March
solar,Himachal Pradesh,0.0,2019-20,May
solar,Himachal Pradesh,2.81,2019-20,November
solar,Himachal Pradesh,0.0,2019-20,October
solar,Himachal Pradesh,0.0,2019-20,September
solar,Himachal Pradesh,3.33,2020-21,April
solar,Himachal Pradesh,2.72,2020-21,August
solar,Himachal Pradesh,3.06,2020-21,December
solar,Himachal Pradesh,2.78,2020-21,February
solar,Himachal Pradesh,2.78,2020-21,January
solar,Himachal Pradesh,3.32,2020-21,July
solar,Himachal Pradesh,3.12,2020-21,June
solar,Himachal Pradesh,3.2,2020-21,March
solar,Himachal Pradesh,3.12,2020-21,May
solar,Himachal Pradesh,3.66,2020-21,November
solar,Himachal Pradesh,3.14,2020-21,October
solar,Himachal Pradesh,2.3,2020-21,September
solar,Himachal Pradesh,3.93,2021-22,April
solar,Himachal Pradesh,3.2,2021-22,August
solar,Himachal Pradesh,4.08,2021-22,December
solar,Himachal Pradesh,2.8,2021-22,February
solar,Himachal Pradesh,3.31,2021-22,January
solar,Himachal Pradesh,3.88,2021-22,July
solar,Himachal Pradesh,4.03,2021-22,June
solar,Himachal Pradesh,4.4,2021-22,March
solar,Himachal Pradesh,3.91,2021-22,May
solar,Himachal Pradesh,4.1,2021-22,November
solar,Himachal Pradesh,3.25,2021-22,October
solar,Himachal Pradesh,3.41,2021-22,September
solar,Himachal Pradesh,6.57,2022-23,April
solar,Himachal Pradesh,5.76,2022-23,August
solar,Himachal Pradesh,4.23,2022-23,December
solar,Himachal Pradesh,3.45,2022-23,February
solar,Himachal Pradesh,4.1,2022-23,January
solar,Himachal Pradesh,4.91,2022-23,July
solar,Himachal Pradesh,4.81,2022-23,June
solar,Himachal Pradesh,4.62,2022-23,March
solar,Himachal Pradesh,5.09,2022-23,May
solar,Himachal Pradesh,4.4,2022-23,November
solar,Himachal Pradesh,4.4,2022-23,October
solar,Himachal Pradesh,6.42,2022-23,September
solar,Himachal Pradesh,5.11,2023-24,April
solar,Himachal Pradesh,3.8,2023-24,August
solar,Himachal Pradesh,4.76,2023-24,December
solar,Himachal Pradesh,4.22,2023-24,February
solar,Himachal Pradesh,4.45,2023-24,January
solar,Himachal Pradesh,5.18,2023-24,July
solar,Himachal Pradesh,5.71,2023-24,June
solar,Himachal Pradesh,5.93,2023-24,March
solar,Himachal Pradesh,5.71,2023-24,May
solar,Himachal Pradesh,5.79,2023-24,November
solar,Himachal Pradesh,4.77,2023-24,October
solar,Himachal Pradesh,4.11,2023-24,September
solar,Himachal Pradesh,6.16,2024-25,April
solar,Himachal Pradesh,7.22,2024-25,August
solar,Himachal Pradesh,8.24,2024-25,December
solar,Himachal Pradesh,12.98,2024-25,February
solar,Himachal Pradesh,8.33,2024-25,January
solar,Himachal Pradesh,7.63,2024-25,July
solar,Himachal Pradesh,7.76,2024-25,June
solar,Himachal Pradesh,16.39,2024-25,March
solar,Himachal Pradesh,8.46,2024-25,May
solar,Himachal Pradesh,9.91,2024-25,November
solar,Himachal Pradesh,7.72,2024-25,October
solar,Himachal Pradesh,6.44,2024-25,September
solar,Himachal Pradesh,20.88,2025-26,April
solar,Himachal Pradesh,10.99,2025-26,August
solar,Himachal Pradesh,17.3,2025-26,December
solar,Himachal Pradesh,17.57,2025-26,February
solar,Himachal Pradesh,15.54,2025-26,January
solar,Himachal Pradesh,15.77,2025-26,July
solar,Himachal Pradesh,19.89,2025-26,June
solar,Himachal Pradesh,22.34,2025-26,March
solar,Himachal Pradesh,21.35,2025-26,May
solar,Himachal Pradesh,17.55,2025-26,November
solar,Himachal Pradesh,12.54,2025-26,October
solar,Himachal Pradesh,9.81,2025-26,September
solar,Himachal Pradesh,24.55,2026-27,April
solar,Himachal Pradesh,0.0,2026-27,August
solar,Himachal Pradesh,0.0,2026-27,December
solar,Himachal Pradesh,0.0,2026-27,February
solar,Himachal Pradesh,0.0,2026-27,January
solar,Himachal Pradesh,11.79,2026-27,July
solar,Himachal Pradesh,30.8,2026-27,June
solar,Himachal Pradesh,0.0,2026-27,March
solar,Himachal Pradesh,24.55,2026-27,May
solar,Himachal Pradesh,0.0,2026-27,November
solar,Himachal Pradesh,0.0,2026-27,October
solar,Himachal Pradesh,0.0,2026-27,September
solar,Jammu and Kashmir,0.0,2015-16,April
solar,Jammu and Kashmir,0.0,2015-16,August
solar,Jammu and Kashmir,0.0,2015-16,December
solar,Jammu and Kashmir,0.0,2015-16,February
solar,Jammu and Kashmir,0.0,2015-16,January
solar,Jammu and Kashmir,0.0,2015-16,July
solar,Jammu and Kashmir,0.0,2015-16,June
solar,Jammu and Kashmir,0.0,2015-16,March
solar,Jammu and Kashmir,0.0,2015-16,May
solar,Jammu and Kashmir,0.0,2015-16,November
solar,Jammu and Kashmir,0.0,2015-16,October
solar,Jammu and Kashmir,0.0,2015-16,September
solar,Jammu and Kashmir,0.0,2016-17,April
solar,Jammu and Kashmir,0.0,2016-17,August
solar,Jammu and Kashmir,0.0,2016-17,December
solar,Jammu and Kashmir,0.0,2016-17,February
solar,Jammu and Kashmir,0.0,2016-17,January
solar,Jammu and Kashmir,0.0,2016-17,July
solar,Jammu and Kashmir,0.0,2016-17,June
solar,Jammu and Kashmir,0.0,2016-17,March
solar,Jammu and Kashmir,0.0,2016-17,May
solar,Jammu and Kashmir,0.0,2016-17,November
solar,Jammu and Kashmir,0.0,2016-17,October
solar,Jammu and Kashmir,0.0,2016-17,September
solar,Jammu and Kashmir,0.0,2017-18,April
solar,Jammu and Kashmir,0.0,2017-18,August
solar,Jammu and Kashmir,0.0,2017-18,December
solar,Jammu and Kashmir,0.0,2017-18,February
solar,Jammu and Kashmir,0.0,2017-18,January
solar,Jammu and Kashmir,0.0,2017-18,July
solar,Jammu and Kashmir,0.0,2017-18,June
solar,Jammu and Kashmir,0.0,2017-18,March
solar,Jammu and Kashmir,0.0,2017-18,May
solar,Jammu and Kashmir,0.0,2017-18,November
solar,Jammu and Kashmir,0.0,2017-18,October
solar,Jammu and Kashmir,0.0,2017-18,September
solar,Jammu and Kashmir,0.0,2018-19,April
solar,Jammu and Kashmir,0.0,2018-19,August
solar,Jammu and Kashmir,0.0,2018-19,December
solar,Jammu and Kashmir,0.0,2018-19,February
solar,Jammu and Kashmir,0.0,2018-19,January
solar,Jammu and Kashmir,0.0,2018-19,July
solar,Jammu and Kashmir,0.0,2018-19,June
solar,Jammu and Kashmir,0.0,2018-19,March
solar,Jammu and Kashmir,0.0,2018-19,May
solar,Jammu and Kashmir,0.0,2018-19,November
solar,Jammu and Kashmir,0.0,2018-19,October
solar,Jammu and Kashmir,0.0,2018-19,September
solar,Jammu and Kashmir,0.0,2019-20,April
solar,Jammu and Kashmir,0.0,2019-20,August
solar,Jammu and Kashmir,0.0,2019-20,December
solar,Jammu and Kashmir,0.0,2019-20,February
solar,Jammu and Kashmir,0.0,2019-20,January
solar,Jammu and Kashmir,0.0,2019-20,July
solar,Jammu and Kashmir,0.0,2019-20,June
solar,Jammu and Kashmir,0.0,2019-20,March
solar,Jammu and Kashmir,0.0,2019-20,May
solar,Jammu and Kashmir,0.0,2019-20,November
solar,Jammu and Kashmir,0.0,2019-20,October
solar,Jammu and Kashmir,0.0,2019-20,September
solar,Jammu and Kashmir,0.0,2020-21,April
solar,Jammu and Kashmir,0.97,2020-21,August
solar,Jammu and Kashmir,1.23,2020-21,December
solar,Jammu and Kashmir,1.23,2020-21,February
solar,Jammu and Kashmir,1.23,2020-21,January
solar,Jammu and Kashmir,0.95,2020-21,July
solar,Jammu and Kashmir,0.0,2020-21,June
solar,Jammu and Kashmir,1.59,2020-21,March
solar,Jammu and Kashmir,0.0,2020-21,May
solar,Jammu and Kashmir,1.2,2020-21,November
solar,Jammu and Kashmir,0.0,2020-21,October
solar,Jammu and Kashmir,1.02,2020-21,September
solar,Jammu and Kashmir,1.71,2021-22,April
solar,Jammu and Kashmir,0.0,2021-22,August
solar,Jammu and Kashmir,0.0,2021-22,December
solar,Jammu and Kashmir,0.0,2021-22,February
solar,Jammu and Kashmir,0.0,2021-22,January
solar,Jammu and Kashmir,0.0,2021-22,July
solar,Jammu and Kashmir,0.0,2021-22,June
solar,Jammu and Kashmir,0.0,2021-22,March
solar,Jammu and Kashmir,0.0,2021-22,May
solar,Jammu and Kashmir,0.0,2021-22,November
solar,Jammu and Kashmir,0.0,2021-22,October
solar,Jammu and Kashmir,0.0,2021-22,September
solar,Jammu and Kashmir,0.0,2022-23,April
solar,Jammu and Kashmir,0.0,2022-23,August
solar,Jammu and Kashmir,0.0,2022-23,December
solar,Jammu and Kashmir,0.0,2022-23,February
solar,Jammu and Kashmir,0.0,2022-23,January
solar,Jammu and Kashmir,0.0,2022-23,July
solar,Jammu and Kashmir,0.0,2022-23,June
solar,Jammu and Kashmir,0.0,2022-23,March
solar,Jammu and Kashmir,0.0,2022-23,May
solar,Jammu and Kashmir,0.0,2022-23,November
solar,Jammu and Kashmir,0.0,2022-23,October
solar,Jammu and Kashmir,0.0,2022-23,September
solar,Jammu and Kashmir,0.0,2023-24,April
solar,Jammu and Kashmir,0.0,2023-24,August
solar,Jammu and Kashmir,0.0,2023-24,December
solar,Jammu and Kashmir,0.0,2023-24,February
solar,Jammu and Kashmir,0.0,2023-24,January
solar,Jammu and Kashmir,0.0,2023-24,July
solar,Jammu and Kashmir,0.0,2023-24,June
solar,Jammu and Kashmir,0.0,2023-24,March
solar,Jammu and Kashmir,0.0,2023-24,May
solar,Jammu and Kashmir,0.0,2023-24,November
solar,Jammu and Kashmir,0.0,2023-24,October
solar,Jammu and Kashmir,0.0,2023-24,September
solar,Jammu and Kashmir,0.0,2024-25,April
solar,Jammu and Kashmir,0.0,2024-25,August
solar,Jammu and Kashmir,0.0,2024-25,December
solar,Jammu and Kashmir,0.0,2024-25,February
solar,Jammu and Kashmir,0.0,2024-25,January
solar,Jammu and Kashmir,0.0,2024-25,July
solar,Jammu and Kashmir,0.0,2024-25,June
solar,Jammu and Kashmir,0.0,2024-25,March
solar,Jammu and Kashmir,0.0,2024-25,May
solar,Jammu and Kashmir,0.0,2024-25,November
solar,Jammu and Kashmir,0.0,2024-25,October
solar,Jammu and Kashmir,0.0,2024-25,September
solar,Jammu and Kashmir,0.0,2025-26,April
solar,Jammu and Kashmir,0.0,2025-26,August
solar,Jammu and Kashmir,0.0,2025-26,December
solar,Jammu and Kashmir,0.0,2025-26,February
solar,Jammu and Kashmir,0.0,2025-26,January
solar,Jammu and Kashmir,0.0,2025-26,July
solar,Jammu and Kashmir,0.0,2025-26,June
solar,Jammu and Kashmir,0.0,2025-26,March
solar,Jammu and Kashmir,0.0,2025-26,May
solar,Jammu and Kashmir,0.0,2025-26,November
solar,Jammu and Kashmir,0.0,2025-26,October
solar,Jammu and Kashmir,0.0,2025-26,September
solar,Jammu and Kashmir,0.0,2026-27,April
solar,Jammu and Kashmir,0.0,2026-27,August
solar,Jammu and Kashmir,0.0,2026-27,December
solar,Jammu and Kashmir,0.0,2026-27,February
solar,Jammu and Kashmir,0.0,2026-27,January
solar,Jammu and Kashmir,0.0,2026-27,July
solar,Jammu and Kashmir,0.0,2026-27,June
solar,Jammu and Kashmir,0.0,2026-27,March
solar,Jammu and Kashmir,0.0,2026-27,May
solar,Jammu and Kashmir,0.0,2026-27,November
solar,Jammu and Kashmir,0.0,2026-27,October
solar,Jammu and Kashmir,0.0,2026-27,September
solar,Jharkhand,1.66,2015-16,April
solar,Jharkhand,1.39,2015-16,August
solar,Jharkhand,1.21,2015-16,December
solar,Jharkhand,1.39,2015-16,February
solar,Jharkhand,1.33,2015-16,January
solar,Jharkhand,1.11,2015-16,July
solar,Jharkhand,1.48,2015-16,June
solar,Jharkhand,3.63,2015-16,March
solar,Jharkhand,1.74,2015-16,May
solar,Jharkhand,1.49,2015-16,November
solar,Jharkhand,1.75,2015-16,October
solar,Jharkhand,1.6,2015-16,September
solar,Jharkhand,1.94,2016-17,April
solar,Jharkhand,3.12,2016-17,August
solar,Jharkhand,2.93,2016-17,December
solar,Jharkhand,3.25,2016-17,February
solar,Jharkhand,3.31,2016-17,January
solar,Jharkhand,4.29,2016-17,July
solar,Jharkhand,3.19,2016-17,June
solar,Jharkhand,3.59,2016-17,March
solar,Jharkhand,3.4,2016-17,May
solar,Jharkhand,1.56,2016-17,November
solar,Jharkhand,3.41,2016-17,October
solar,Jharkhand,2.93,2016-17,September
solar,Jharkhand,1.91,2017-18,April
solar,Jharkhand,1.63,2017-18,August
solar,Jharkhand,1.43,2017-18,December
solar,Jharkhand,1.66,2017-18,February
solar,Jharkhand,1.71,2017-18,January
solar,Jharkhand,1.16,2017-18,July
solar,Jharkhand,2.22,2017-18,June
solar,Jharkhand,2.04,2017-18,March
solar,Jharkhand,1.79,2017-18,May
solar,Jharkhand,1.63,2017-18,November
solar,Jharkhand,1.5,2017-18,October
solar,Jharkhand,1.59,2017-18,September
solar,Jharkhand,1.94,2018-19,April
solar,Jharkhand,1.38,2018-19,August
solar,Jharkhand,1.4,2018-19,December
solar,Jharkhand,1.56,2018-19,February
solar,Jharkhand,1.56,2018-19,January
solar,Jharkhand,1.24,2018-19,July
solar,Jharkhand,1.47,2018-19,June
solar,Jharkhand,2.07,2018-19,March
solar,Jharkhand,1.56,2018-19,May
solar,Jharkhand,1.56,2018-19,November
solar,Jharkhand,1.79,2018-19,October
solar,Jharkhand,1.59,2018-19,September
solar,Jharkhand,1.85,2019-20,April
solar,Jharkhand,1.3,2019-20,August
solar,Jharkhand,1.22,2019-20,December
solar,Jharkhand,1.16,2019-20,February
solar,Jharkhand,1.31,2019-20,January
solar,Jharkhand,1.31,2019-20,July
solar,Jharkhand,1.51,2019-20,June
solar,Jharkhand,2.78,2019-20,March
solar,Jharkhand,1.58,2019-20,May
solar,Jharkhand,1.22,2019-20,November
solar,Jharkhand,1.2,2019-20,October
solar,Jharkhand,1.04,2019-20,September
solar,Jharkhand,1.44,2020-21,April
solar,Jharkhand,1.28,2020-21,August
solar,Jharkhand,1.36,2020-21,December
solar,Jharkhand,1.62,2020-21,February
solar,Jharkhand,1.55,2020-21,January
solar,Jharkhand,0.96,2020-21,July
solar,Jharkhand,1.23,2020-21,June
solar,Jharkhand,1.62,2020-21,March
solar,Jharkhand,1.41,2020-21,May
solar,Jharkhand,1.66,2020-21,November
solar,Jharkhand,1.75,2020-21,October
solar,Jharkhand,1.28,2020-21,September
solar,Jharkhand,1.62,2021-22,April
solar,Jharkhand,1.39,2021-22,August
solar,Jharkhand,1.4,2021-22,December
solar,Jharkhand,1.67,2021-22,February
solar,Jharkhand,1.4,2021-22,January
solar,Jharkhand,1.38,2021-22,July
solar,Jharkhand,1.59,2021-22,June
solar,Jharkhand,2.04,2021-22,March
solar,Jharkhand,1.59,2021-22,May
solar,Jharkhand,1.48,2021-22,November
solar,Jharkhand,1.3,2021-22,October
solar,Jharkhand,1.34,2021-22,September
solar,Jharkhand,1.86,2022-23,April
solar,Jharkhand,1.86,2022-23,August
solar,Jharkhand,1.47,2022-23,December
solar,Jharkhand,1.47,2022-23,February
solar,Jharkhand,1.47,2022-23,January
solar,Jharkhand,1.86,2022-23,July
solar,Jharkhand,1.86,2022-23,June
solar,Jharkhand,1.47,2022-23,March
solar,Jharkhand,1.86,2022-23,May
solar,Jharkhand,1.57,2022-23,November
solar,Jharkhand,1.68,2022-23,October
solar,Jharkhand,1.25,2022-23,September
solar,Jharkhand,1.47,2023-24,April
solar,Jharkhand,1.47,2023-24,August
solar,Jharkhand,1.47,2023-24,December
solar,Jharkhand,1.47,2023-24,February
solar,Jharkhand,1.47,2023-24,January
solar,Jharkhand,1.47,2023-24,July
solar,Jharkhand,1.47,2023-24,June
solar,Jharkhand,1.47,2023-24,March
solar,Jharkhand,1.47,2023-24,May
solar,Jharkhand,1.47,2023-24,November
solar,Jharkhand,1.47,2023-24,October
solar,Jharkhand,1.47,2023-24,September
solar,Jharkhand,1.47,2024-25,April
solar,Jharkhand,1.47,2024-25,August
solar,Jharkhand,1.47,2024-25,December
solar,Jharkhand,1.47,2024-25,February
solar,Jharkhand,1.47,2024-25,January
solar,Jharkhand,1.47,2024-25,July
solar,Jharkhand,1.47,2024-25,June
solar,Jharkhand,1.47,2024-25,March
solar,Jharkhand,1.47,2024-25,May
solar,Jharkhand,1.47,2024-25,November
solar,Jharkhand,1.47,2024-25,October
solar,Jharkhand,1.47,2024-25,September
solar,Jharkhand,1.47,2025-26,April
solar,Jharkhand,1.47,2025-26,August
solar,Jharkhand,1.47,2025-26,December
solar,Jharkhand,1.47,2025-26,February
solar,Jharkhand,1.47,2025-26,January
solar,Jharkhand,1.47,2025-26,July
solar,Jharkhand,1.47,2025-26,June
solar,Jharkhand,1.47,2025-26,March
solar,Jharkhand,1.47,2025-26,May
solar,Jharkhand,1.47,2025-26,November
solar,Jharkhand,1.47,2025-26,October
solar,Jharkhand,1.47,2025-26,September
solar,Jharkhand,1.47,2026-27,April
solar,Jharkhand,0.0,2026-27,August
solar,Jharkhand,0.0,2026-27,December
solar,Jharkhand,0.0,2026-27,February
solar,Jharkhand,0.0,2026-27,January
solar,Jharkhand,0.0,2026-27,July
solar,Jharkhand,1.47,2026-27,June
solar,Jharkhand,0.0,2026-27,March
solar,Jharkhand,1.47,2026-27,May
solar,Jharkhand,0.0,2026-27,November
solar,Jharkhand,0.0,2026-27,October
solar,Jharkhand,0.0,2026-27,September
solar,Karnataka,12.81,2015-16,April
solar,Karnataka,14.28,2015-16,August
solar,Karnataka,17.89,2015-16,December
solar,Karnataka,18.43,2015-16,February
solar,Karnataka,18.58,2015-16,January
solar,Karnataka,13.32,2015-16,July
solar,Karnataka,10.5,2015-16,June
solar,Karnataka,20.66,2015-16,March
solar,Karnataka,12.13,2015-16,May
solar,Karnataka,13.96,2015-16,November
solar,Karnataka,18.49,2015-16,October
solar,Karnataka,16.64,2015-16,September
solar,Karnataka,22.36,2016-17,April
solar,Karnataka,28.04,2016-17,August
solar,Karnataka,47.74,2016-17,December
solar,Karnataka,82.78,2016-17,February
solar,Karnataka,64.57,2016-17,January
solar,Karnataka,19.53,2016-17,July
solar,Karnataka,18.35,2016-17,June
solar,Karnataka,98.43,2016-17,March
solar,Karnataka,23.46,2016-17,May
solar,Karnataka,43.1,2016-17,November
solar,Karnataka,45.55,2016-17,October
solar,Karnataka,30.78,2016-17,September
solar,Karnataka,124.8,2017-18,April
solar,Karnataka,16.63,2017-18,August
solar,Karnataka,223.71,2017-18,December
solar,Karnataka,311.44,2017-18,February
solar,Karnataka,264.86,2017-18,January
solar,Karnataka,136.63,2017-18,July
solar,Karnataka,133.92,2017-18,June
solar,Karnataka,552.37,2017-18,March
solar,Karnataka,149.31,2017-18,May
solar,Karnataka,165.1,2017-18,November
solar,Karnataka,168.77,2017-18,October
solar,Karnataka,144.2,2017-18,September
solar,Karnataka,507.37,2018-19,April
solar,Karnataka,501.15,2018-19,August
solar,Karnataka,648.58,2018-19,December
solar,Karnataka,745.46,2018-19,February
solar,Karnataka,759.16,2018-19,January
solar,Karnataka,457.42,2018-19,July
solar,Karnataka,534.43,2018-19,June
solar,Karnataka,840.54,2018-19,March
solar,Karnataka,548.5,2018-19,May
solar,Karnataka,673.36,2018-19,November
solar,Karnataka,709.95,2018-19,October
solar,Karnataka,649.92,2018-19,September
solar,Karnataka,791.54,2019-20,April
solar,Karnataka,810.13,2019-20,August
solar,Karnataka,995.77,2019-20,December
solar,Karnataka,1259.99,2019-20,February
solar,Karnataka,1221.55,2019-20,January
solar,Karnataka,592.18,2019-20,July
solar,Karnataka,667.29,2019-20,June
solar,Karnataka,1347.02,2019-20,March
solar,Karnataka,822.23,2019-20,May
solar,Karnataka,995.84,2019-20,November
solar,Karnataka,896.69,2019-20,October
solar,Karnataka,820.98,2019-20,September
solar,Karnataka,1226.38,2020-21,April
solar,Karnataka,1008.36,2020-21,August
solar,Karnataka,1060.68,2020-21,December
solar,Karnataka,1141.88,2020-21,February
solar,Karnataka,1018.72,2020-21,January
solar,Karnataka,980.62,2020-21,July
solar,Karnataka,1014.0,2020-21,June
solar,Karnataka,1307.01,2020-21,March
solar,Karnataka,1237.04,2020-21,May
solar,Karnataka,1089.44,2020-21,November
solar,Karnataka,1152.08,2020-21,October
solar,Karnataka,1002.65,2020-21,September
solar,Karnataka,1279.47,2021-22,April
solar,Karnataka,940.64,2021-22,August
solar,Karnataka,1102.02,2021-22,December
solar,Karnataka,1250.99,2021-22,February
solar,Karnataka,1181.3,2021-22,January
solar,Karnataka,933.85,2021-22,July
solar,Karnataka,1170.75,2021-22,June
solar,Karnataka,1305.3,2021-22,March
solar,Karnataka,1145.81,2021-22,May
solar,Karnataka,785.91,2021-22,November
solar,Karnataka,1022.38,2021-22,October
solar,Karnataka,1051.03,2021-22,September
solar,Karnataka,1229.97,2022-23,April
solar,Karnataka,1014.75,2022-23,August
solar,Karnataka,1149.15,2022-23,December
solar,Karnataka,1331.63,2022-23,February
solar,Karnataka,1379.44,2022-23,January
solar,Karnataka,925.97,2022-23,July
solar,Karnataka,1133.93,2022-23,June
solar,Karnataka,1459.07,2022-23,March
solar,Karnataka,1321.06,2022-23,May
solar,Karnataka,1042.55,2022-23,November
solar,Karnataka,1120.74,2022-23,October
solar,Karnataka,1045.53,2022-23,September
solar,Karnataka,1405.5,2023-24,April
solar,Karnataka,1290.57,2023-24,August
solar,Karnataka,1181.2,2023-24,December
solar,Karnataka,1464.92,2023-24,February
solar,Karnataka,1314.57,2023-24,January
solar,Karnataka,1017.41,2023-24,July
solar,Karnataka,1259.32,2023-24,June
solar,Karnataka,1505.44,2023-24,March
solar,Karnataka,1401.19,2023-24,May
solar,Karnataka,1095.0,2023-24,November
solar,Karnataka,1334.01,2023-24,October
solar,Karnataka,1134.95,2023-24,September
solar,Karnataka,1436.88,2024-25,April
solar,Karnataka,1148.76,2024-25,August
solar,Karnataka,1084.01,2024-25,December
solar,Karnataka,1494.59,2024-25,February
solar,Karnataka,1455.99,2024-25,January
solar,Karnataka,1006.3,2024-25,July
solar,Karnataka,1173.58,2024-25,June
solar,Karnataka,1636.04,2024-25,March
solar,Karnataka,1385.87,2024-25,May
solar,Karnataka,1258.45,2024-25,November
solar,Karnataka,1402.96,2024-25,October
solar,Karnataka,1216.2,2024-25,September
solar,Karnataka,1542.56,2025-26,April
solar,Karnataka,1162.37,2025-26,August
solar,Karnataka,2036.04,2025-26,December
solar,Karnataka,1696.22,2025-26,February
solar,Karnataka,1678.06,2025-26,January
solar,Karnataka,1138.75,2025-26,July
solar,Karnataka,1191.49,2025-26,June
solar,Karnataka,1806.92,2025-26,March
solar,Karnataka,1365.69,2025-26,May
solar,Karnataka,1309.04,2025-26,November
solar,Karnataka,1273.82,2025-26,October
solar,Karnataka,1722.87,2025-26,September
solar,Karnataka,2022.41,2026-27,April
solar,Karnataka,0.0,2026-27,August
solar,Karnataka,0.0,2026-27,December
solar,Karnataka,0.0,2026-27,February
solar,Karnataka,0.0,2026-27,January
solar,Karnataka,1323.96,2026-27,July
solar,Karnataka,1781.45,2026-27,June
solar,Karnataka,0.0,2026-27,March
solar,Karnataka,2155.0,2026-27,May
solar,Karnataka,0.0,2026-27,November
solar,Karnataka,0.0,2026-27,October
solar,Karnataka,0.0,2026-27,September
solar,Kerala,0.0,2015-16,April
solar,Kerala,0.04,2015-16,August
solar,Kerala,1.11,2015-16,December
solar,Kerala,1.7,2015-16,February
solar,Kerala,1.74,2015-16,January
solar,Kerala,0.0,2015-16,July
solar,Kerala,0.0,2015-16,June
solar,Kerala,1.86,2015-16,March
solar,Kerala,0.0,2015-16,May
solar,Kerala,0.82,2015-16,November
solar,Kerala,0.12,2015-16,October
solar,Kerala,0.0,2015-16,September
solar,Kerala,2.05,2016-17,April
solar,Kerala,3.27,2016-17,August
solar,Kerala,2.26,2016-17,December
solar,Kerala,2.74,2016-17,February
solar,Kerala,2.53,2016-17,January
solar,Kerala,1.65,2016-17,July
solar,Kerala,1.32,2016-17,June
solar,Kerala,2.85,2016-17,March
solar,Kerala,1.72,2016-17,May
solar,Kerala,1.96,2016-17,November
solar,Kerala,2.1,2016-17,October
solar,Kerala,2.06,2016-17,September
solar,Kerala,2.62,2017-18,April
solar,Kerala,3.84,2017-18,August
solar,Kerala,9.05,2017-18,December
solar,Kerala,8.62,2017-18,February
solar,Kerala,1.04,2017-18,January
solar,Kerala,4.41,2017-18,July
solar,Kerala,3.4,2017-18,June
solar,Kerala,0.86,2017-18,March
solar,Kerala,2.37,2017-18,May
solar,Kerala,7.46,2017-18,November
solar,Kerala,5.97,2017-18,October
solar,Kerala,5.72,2017-18,September
solar,Kerala,0.77,2018-19,April
solar,Kerala,9.91,2018-19,August
solar,Kerala,10.04,2018-19,December
solar,Kerala,11.4,2018-19,February
solar,Kerala,11.98,2018-19,January
solar,Kerala,7.86,2018-19,July
solar,Kerala,6.27,2018-19,June
solar,Kerala,13.08,2018-19,March
solar,Kerala,9.17,2018-19,May
solar,Kerala,9.94,2018-19,November
solar,Kerala,10.01,2018-19,October
solar,Kerala,10.4,2018-19,September
solar,Kerala,11.75,2019-20,April
solar,Kerala,9.54,2019-20,August
solar,Kerala,10.69,2019-20,December
solar,Kerala,14.04,2019-20,February
solar,Kerala,13.99,2019-20,January
solar,Kerala,8.71,2019-20,July
solar,Kerala,9.18,2019-20,June
solar,Kerala,17.1,2019-20,March
solar,Kerala,11.75,2019-20,May
solar,Kerala,12.81,2019-20,November
solar,Kerala,12.19,2019-20,October
solar,Kerala,12.6,2019-20,September
solar,Kerala,14.83,2020-21,April
solar,Kerala,25.09,2020-21,August
solar,Kerala,24.99,2020-21,December
solar,Kerala,14.04,2020-21,February
solar,Kerala,30.87,2020-21,January
solar,Kerala,21.32,2020-21,July
solar,Kerala,11.1,2020-21,June
solar,Kerala,36.29,2020-21,March
solar,Kerala,14.17,2020-21,May
solar,Kerala,27.87,2020-21,November
solar,Kerala,31.61,2020-21,October
solar,Kerala,23.28,2020-21,September
solar,Kerala,41.42,2021-22,April
solar,Kerala,34.73,2021-22,August
solar,Kerala,40.3,2021-22,December
solar,Kerala,49.69,2021-22,February
solar,Kerala,48.54,2021-22,January
solar,Kerala,33.1,2021-22,July
solar,Kerala,43.02,2021-22,June
solar,Kerala,54.58,2021-22,March
solar,Kerala,37.84,2021-22,May
solar,Kerala,35.46,2021-22,November
solar,Kerala,39.24,2021-22,October
solar,Kerala,39.01,2021-22,September
solar,Kerala,56.1,2022-23,April
solar,Kerala,55.9,2022-23,August
solar,Kerala,86.26,2022-23,December
solar,Kerala,85.37,2022-23,February
solar,Kerala,150.51,2022-23,January
solar,Kerala,57.29,2022-23,July
solar,Kerala,43.32,2022-23,June
solar,Kerala,96.71,2022-23,March
solar,Kerala,47.52,2022-23,May
solar,Kerala,62.8,2022-23,November
solar,Kerala,71.81,2022-23,October
solar,Kerala,66.16,2022-23,September
solar,Kerala,103.14,2023-24,April
solar,Kerala,93.77,2023-24,August
solar,Kerala,100.03,2023-24,December
solar,Kerala,119.59,2023-24,February
solar,Kerala,106.68,2023-24,January
solar,Kerala,74.13,2023-24,July
solar,Kerala,85.53,2023-24,June
solar,Kerala,128.78,2023-24,March
solar,Kerala,101.0,2023-24,May
solar,Kerala,95.81,2023-24,November
solar,Kerala,90.37,2023-24,October
solar,Kerala,96.46,2023-24,September
solar,Kerala,181.93,2024-25,April
solar,Kerala,105.51,2024-25,August
solar,Kerala,139.16,2024-25,December
solar,Kerala,168.1,2024-25,February
solar,Kerala,157.23,2024-25,January
solar,Kerala,95.7,2024-25,July
solar,Kerala,148.2,2024-25,June
solar,Kerala,179.94,2024-25,March
solar,Kerala,124.19,2024-25,May
solar,Kerala,134.26,2024-25,November
solar,Kerala,143.88,2024-25,October
solar,Kerala,133.74,2024-25,September
solar,Kerala,195.67,2025-26,April
solar,Kerala,146.52,2025-26,August
solar,Kerala,191.96,2025-26,December
solar,Kerala,262.03,2025-26,February
solar,Kerala,262.03,2025-26,January
solar,Kerala,146.52,2025-26,July
solar,Kerala,164.2,2025-26,June
solar,Kerala,293.0,2025-26,March
solar,Kerala,190.39,2025-26,May
solar,Kerala,191.96,2025-26,November
solar,Kerala,187.36,2025-26,October
solar,Kerala,188.85,2025-26,September
solar,Kerala,317.42,2026-27,April
solar,Kerala,0.0,2026-27,August
solar,Kerala,0.0,2026-27,December
solar,Kerala,0.0,2026-27,February
solar,Kerala,0.0,2026-27,January
solar,Kerala,33.39,2026-27,July
solar,Kerala,274.7,2026-27,June
solar,Kerala,0.0,2026-27,March
solar,Kerala,307.26,2026-27,May
solar,Kerala,0.0,2026-27,November
solar,Kerala,0.0,2026-27,October
solar,Kerala,0.0,2026-27,September
solar,Ladakh,0.0,2021-22,April
solar,Ladakh,0.0,2021-22,August
solar,Ladakh,0.0,2021-22,December
solar,Ladakh,0.0,2021-22,February
solar,Ladakh,0.0,2021-22,January
solar,Ladakh,0.0,2021-22,July
solar,Ladakh,0.0,2021-22,June
solar,Ladakh,0.0,2021-22,March
solar,Ladakh,0.0,2021-22,May
solar,Ladakh,0.0,2021-22,November
solar,Ladakh,0.0,2021-22,October
solar,Ladakh,0.0,2021-22,September
solar,Ladakh,0.0,2022-23,April
solar,Ladakh,0.0,2022-23,August
solar,Ladakh,0.0,2022-23,December
solar,Ladakh,0.0,2022-23,February
solar,Ladakh,0.0,2022-23,January
solar,Ladakh,0.0,2022-23,July
solar,Ladakh,0.0,2022-23,June
solar,Ladakh,0.0,2022-23,March
solar,Ladakh,0.0,2022-23,May
solar,Ladakh,0.0,2022-23,November
solar,Ladakh,0.0,2022-23,October
solar,Ladakh,0.0,2022-23,September
solar,Ladakh,0.0,2023-24,April
solar,Ladakh,0.0,2023-24,August
solar,Ladakh,0.0,2023-24,December
solar,Ladakh,0.0,2023-24,February
solar,Ladakh,0.0,2023-24,January
solar,Ladakh,0.0,2023-24,July
solar,Ladakh,0.0,2023-24,June
solar,Ladakh,0.0,2023-24,March
solar,Ladakh,0.0,2023-24,May
solar,Ladakh,0.0,2023-24,November
solar,Ladakh,0.0,2023-24,October
solar,Ladakh,0.0,2023-24,September
solar,Ladakh,0.0,2024-25,April
solar,Ladakh,0.0,2024-25,August
solar,Ladakh,0.0,2024-25,December
solar,Ladakh,0.0,2024-25,February
solar,Ladakh,0.0,2024-25,January
solar,Ladakh,0.0,2024-25,July
solar,Ladakh,0.0,2024-25,June
solar,Ladakh,0.0,2024-25,March
solar,Ladakh,0.0,2024-25,May
solar,Ladakh,0.0,2024-25,November
solar,Ladakh,0.0,2024-25,October
solar,Ladakh,0.0,2024-25,September
solar,Ladakh,0.0,2025-26,April
solar,Ladakh,0.0,2025-26,August
solar,Ladakh,0.0,2025-26,December
solar,Ladakh,0.0,2025-26,February
solar,Ladakh,0.0,2025-26,January
solar,Ladakh,0.0,2025-26,July
solar,Ladakh,0.0,2025-26,June
solar,Ladakh,0.0,2025-26,March
solar,Ladakh,0.0,2025-26,May
solar,Ladakh,0.0,2025-26,November
solar,Ladakh,0.0,2025-26,October
solar,Ladakh,0.0,2025-26,September
solar,Ladakh,0.0,2026-27,April
solar,Ladakh,0.0,2026-27,August
solar,Ladakh,0.0,2026-27,December
solar,Ladakh,0.0,2026-27,February
solar,Ladakh,0.0,2026-27,January
solar,Ladakh,0.0,2026-27,July
solar,Ladakh,0.0,2026-27,June
solar,Ladakh,0.0,2026-27,March
solar,Ladakh,0.0,2026-27,May
solar,Ladakh,0.0,2026-27,November
solar,Ladakh,0.0,2026-27,October
solar,Ladakh,0.0,2026-27,September
solar,Lakshadweep,0.13,2015-16,April
solar,Lakshadweep,0.09,2015-16,August
solar,Lakshadweep,0.08,2015-16,December
solar,Lakshadweep,0.09,2015-16,February
solar,Lakshadweep,0.09,2015-16,January
solar,Lakshadweep,0.08,2015-16,July
solar,Lakshadweep,0.08,2015-16,June
solar,Lakshadweep,0.09,2015-16,March
solar,Lakshadweep,0.15,2015-16,May
solar,Lakshadweep,0.07,2015-16,November
solar,Lakshadweep,0.08,2015-16,October
solar,Lakshadweep,0.0,2015-16,September
solar,Lakshadweep,0.07,2016-17,April
solar,Lakshadweep,0.06,2016-17,August
solar,Lakshadweep,0.19,2016-17,December
solar,Lakshadweep,0.2,2016-17,February
solar,Lakshadweep,0.22,2016-17,January
solar,Lakshadweep,0.04,2016-17,July
solar,Lakshadweep,0.04,2016-17,June
solar,Lakshadweep,0.22,2016-17,March
solar,Lakshadweep,0.06,2016-17,May
solar,Lakshadweep,0.17,2016-17,November
solar,Lakshadweep,0.19,2016-17,October
solar,Lakshadweep,0.13,2016-17,September
solar,Lakshadweep,0.21,2017-18,April
solar,Lakshadweep,0.14,2017-18,August
solar,Lakshadweep,0.1,2017-18,December
solar,Lakshadweep,0.16,2017-18,February
solar,Lakshadweep,0.15,2017-18,January
solar,Lakshadweep,0.13,2017-18,July
solar,Lakshadweep,0.1,2017-18,June
solar,Lakshadweep,0.17,2017-18,March
solar,Lakshadweep,0.18,2017-18,May
solar,Lakshadweep,0.14,2017-18,November
solar,Lakshadweep,0.15,2017-18,October
solar,Lakshadweep,0.15,2017-18,September
solar,Lakshadweep,0.17,2018-19,April
solar,Lakshadweep,0.1,2018-19,August
solar,Lakshadweep,0.11,2018-19,December
solar,Lakshadweep,0.0,2018-19,February
solar,Lakshadweep,0.08,2018-19,January
solar,Lakshadweep,0.09,2018-19,July
solar,Lakshadweep,0.08,2018-19,June
solar,Lakshadweep,0.1,2018-19,March
solar,Lakshadweep,0.11,2018-19,May
solar,Lakshadweep,0.08,2018-19,November
solar,Lakshadweep,0.09,2018-19,October
solar,Lakshadweep,0.11,2018-19,September
solar,Lakshadweep,0.06,2019-20,April
solar,Lakshadweep,0.04,2019-20,August
solar,Lakshadweep,0.05,2019-20,December
solar,Lakshadweep,0.06,2019-20,February
solar,Lakshadweep,0.06,2019-20,January
solar,Lakshadweep,0.04,2019-20,July
solar,Lakshadweep,0.06,2019-20,June
solar,Lakshadweep,0.07,2019-20,March
solar,Lakshadweep,0.07,2019-20,May
solar,Lakshadweep,0.05,2019-20,November
solar,Lakshadweep,0.05,2019-20,October
solar,Lakshadweep,0.05,2019-20,September
solar,Lakshadweep,0.06,2020-21,April
solar,Lakshadweep,0.04,2020-21,August
solar,Lakshadweep,0.03,2020-21,December
solar,Lakshadweep,0.03,2020-21,February
solar,Lakshadweep,0.03,2020-21,January
solar,Lakshadweep,0.03,2020-21,July
solar,Lakshadweep,0.03,2020-21,June
solar,Lakshadweep,0.02,2020-21,March
solar,Lakshadweep,0.05,2020-21,May
solar,Lakshadweep,0.04,2020-21,November
solar,Lakshadweep,0.05,2020-21,October
solar,Lakshadweep,0.03,2020-21,September
solar,Lakshadweep,0.03,2021-22,April
solar,Lakshadweep,0.02,2021-22,August
solar,Lakshadweep,0.01,2021-22,December
solar,Lakshadweep,0.01,2021-22,February
solar,Lakshadweep,0.01,2021-22,January
solar,Lakshadweep,0.02,2021-22,July
solar,Lakshadweep,0.02,2021-22,June
solar,Lakshadweep,0.01,2021-22,March
solar,Lakshadweep,0.05,2021-22,May
solar,Lakshadweep,0.09,2021-22,November
solar,Lakshadweep,0.01,2021-22,October
solar,Lakshadweep,0.02,2021-22,September
solar,Lakshadweep,0.01,2022-23,April
solar,Lakshadweep,0.01,2022-23,August
solar,Lakshadweep,0.01,2022-23,December
solar,Lakshadweep,0.01,2022-23,February
solar,Lakshadweep,0.01,2022-23,January
solar,Lakshadweep,0.01,2022-23,July
solar,Lakshadweep,0.01,2022-23,June
solar,Lakshadweep,0.01,2022-23,March
solar,Lakshadweep,0.01,2022-23,May
solar,Lakshadweep,0.01,2022-23,November
solar,Lakshadweep,0.01,2022-23,October
solar,Lakshadweep,0.01,2022-23,September
solar,Lakshadweep,0.01,2023-24,April
solar,Lakshadweep,0.01,2023-24,August
solar,Lakshadweep,0.01,2023-24,December
solar,Lakshadweep,0.01,2023-24,February
solar,Lakshadweep,0.01,2023-24,January
solar,Lakshadweep,0.01,2023-24,July
solar,Lakshadweep,0.01,2023-24,June
solar,Lakshadweep,0.01,2023-24,March
solar,Lakshadweep,0.01,2023-24,May
solar,Lakshadweep,0.01,2023-24,November
solar,Lakshadweep,0.01,2023-24,October
solar,Lakshadweep,0.01,2023-24,September
solar,Lakshadweep,0.01,2024-25,April
solar,Lakshadweep,0.01,2024-25,August
solar,Lakshadweep,0.01,2024-25,December
solar,Lakshadweep,0.01,2024-25,February
solar,Lakshadweep,0.01,2024-25,January
solar,Lakshadweep,0.01,2024-25,July
solar,Lakshadweep,0.01,2024-25,June
solar,Lakshadweep,0.01,2024-25,March
solar,Lakshadweep,0.01,2024-25,May
solar,Lakshadweep,0.01,2024-25,November
solar,Lakshadweep,0.01,2024-25,October
solar,Lakshadweep,0.01,2024-25,September
solar,Lakshadweep,0.01,2025-26,April
solar,Lakshadweep,0.01,2025-26,August
solar,Lakshadweep,0.01,2025-26,December
solar,Lakshadweep,0.01,2025-26,February
solar,Lakshadweep,0.01,2025-26,January
solar,Lakshadweep,0.01,2025-26,July
solar,Lakshadweep,0.01,2025-26,June
solar,Lakshadweep,0.01,2025-26,March
solar,Lakshadweep,0.01,2025-26,May
solar,Lakshadweep,0.01,2025-26,November
solar,Lakshadweep,0.01,2025-26,October
solar,Lakshadweep,0.01,2025-26,September
solar,Lakshadweep,0.01,2026-27,April
solar,Lakshadweep,0.0,2026-27,August
solar,Lakshadweep,0.0,2026-27,December
solar,Lakshadweep,0.0,2026-27,February
solar,Lakshadweep,0.0,2026-27,January
solar,Lakshadweep,0.0,2026-27,July
solar,Lakshadweep,0.01,2026-27,June
solar,Lakshadweep,0.0,2026-27,March
solar,Lakshadweep,0.01,2026-27,May
solar,Lakshadweep,0.0,2026-27,November
solar,Lakshadweep,0.0,2026-27,October
solar,Lakshadweep,0.0,2026-27,September
solar,Madhya Pradesh,79.82,2015-16,April
solar,Madhya Pradesh,78.18,2015-16,August
solar,Madhya Pradesh,112.2,2015-16,December
solar,Madhya Pradesh,117.19,2015-16,February
solar,Madhya Pradesh,110.65,2015-16,January
solar,Madhya Pradesh,57.31,2015-16,July
solar,Madhya Pradesh,101.48,2015-16,June
solar,Madhya Pradesh,131.05,2015-16,March
solar,Madhya Pradesh,95.71,2015-16,May
solar,Madhya Pradesh,89.63,2015-16,November
solar,Madhya Pradesh,108.9,2015-16,October
solar,Madhya Pradesh,104.17,2015-16,September
solar,Madhya Pradesh,131.28,2016-17,April
solar,Madhya Pradesh,74.24,2016-17,August
solar,Madhya Pradesh,132.87,2016-17,December
solar,Madhya Pradesh,134.53,2016-17,February
solar,Madhya Pradesh,125.37,2016-17,January
solar,Madhya Pradesh,77.45,2016-17,July
solar,Madhya Pradesh,113.11,2016-17,June
solar,Madhya Pradesh,156.83,2016-17,March
solar,Madhya Pradesh,133.94,2016-17,May
solar,Madhya Pradesh,128.09,2016-17,November
solar,Madhya Pradesh,126.46,2016-17,October
solar,Madhya Pradesh,115.43,2016-17,September
solar,Madhya Pradesh,155.65,2017-18,April
solar,Madhya Pradesh,148.76,2017-18,August
solar,Madhya Pradesh,182.48,2017-18,December
solar,Madhya Pradesh,236.74,2017-18,February
solar,Madhya Pradesh,225.45,2017-18,January
solar,Madhya Pradesh,118.75,2017-18,July
solar,Madhya Pradesh,164.36,2017-18,June
solar,Madhya Pradesh,290.25,2017-18,March
solar,Madhya Pradesh,149.03,2017-18,May
solar,Madhya Pradesh,197.22,2017-18,November
solar,Madhya Pradesh,145.49,2017-18,October
solar,Madhya Pradesh,169.34,2017-18,September
solar,Madhya Pradesh,258.07,2018-19,April
solar,Madhya Pradesh,145.45,2018-19,August
solar,Madhya Pradesh,259.86,2018-19,December
solar,Madhya Pradesh,283.69,2018-19,February
solar,Madhya Pradesh,270.17,2018-19,January
solar,Madhya Pradesh,145.46,2018-19,July
solar,Madhya Pradesh,213.48,2018-19,June
solar,Madhya Pradesh,309.99,2018-19,March
solar,Madhya Pradesh,272.84,2018-19,May
solar,Madhya Pradesh,248.6,2018-19,November
solar,Madhya Pradesh,289.78,2018-19,October
solar,Madhya Pradesh,199.1,2018-19,September
solar,Madhya Pradesh,324.0,2019-20,April
solar,Madhya Pradesh,214.92,2019-20,August
solar,Madhya Pradesh,269.85,2019-20,December
solar,Madhya Pradesh,362.42,2019-20,February
solar,Madhya Pradesh,309.67,2019-20,January
solar,Madhya Pradesh,234.94,2019-20,July
solar,Madhya Pradesh,299.11,2019-20,June
solar,Madhya Pradesh,394.37,2019-20,March
solar,Madhya Pradesh,339.39,2019-20,May
solar,Madhya Pradesh,277.62,2019-20,November
solar,Madhya Pradesh,268.64,2019-20,October
solar,Madhya Pradesh,201.33,2019-20,September
solar,Madhya Pradesh,391.23,2020-21,April
solar,Madhya Pradesh,242.69,2020-21,August
solar,Madhya Pradesh,322.23,2020-21,December
solar,Madhya Pradesh,376.16,2020-21,February
solar,Madhya Pradesh,336.77,2020-21,January
solar,Madhya Pradesh,313.41,2020-21,July
solar,Madhya Pradesh,303.74,2020-21,June
solar,Madhya Pradesh,414.97,2020-21,March
solar,Madhya Pradesh,412.8,2020-21,May
solar,Madhya Pradesh,324.04,2020-21,November
solar,Madhya Pradesh,342.68,2020-21,October
solar,Madhya Pradesh,421.31,2020-21,September
solar,Madhya Pradesh,404.47,2021-22,April
solar,Madhya Pradesh,256.6,2021-22,August
solar,Madhya Pradesh,293.65,2021-22,December
solar,Madhya Pradesh,388.29,2021-22,February
solar,Madhya Pradesh,328.85,2021-22,January
solar,Madhya Pradesh,292.28,2021-22,July
solar,Madhya Pradesh,336.52,2021-22,June
solar,Madhya Pradesh,441.02,2021-22,March
solar,Madhya Pradesh,401.69,2021-22,May
solar,Madhya Pradesh,211.59,2021-22,November
solar,Madhya Pradesh,371.39,2021-22,October
solar,Madhya Pradesh,280.36,2021-22,September
solar,Madhya Pradesh,422.59,2022-23,April
solar,Madhya Pradesh,234.28,2022-23,August
solar,Madhya Pradesh,264.78,2022-23,December
solar,Madhya Pradesh,351.49,2022-23,February
solar,Madhya Pradesh,300.84,2022-23,January
solar,Madhya Pradesh,276.51,2022-23,July
solar,Madhya Pradesh,340.79,2022-23,June
solar,Madhya Pradesh,331.88,2022-23,March
solar,Madhya Pradesh,419.26,2022-23,May
solar,Madhya Pradesh,309.32,2022-23,November
solar,Madhya Pradesh,321.89,2022-23,October
solar,Madhya Pradesh,265.66,2022-23,September
solar,Madhya Pradesh,327.15,2023-24,April
solar,Madhya Pradesh,252.16,2023-24,August
solar,Madhya Pradesh,319.95,2023-24,December
solar,Madhya Pradesh,395.63,2023-24,February
solar,Madhya Pradesh,289.36,2023-24,January
solar,Madhya Pradesh,253.98,2023-24,July
solar,Madhya Pradesh,303.34,2023-24,June
solar,Madhya Pradesh,643.91,2023-24,March
solar,Madhya Pradesh,365.63,2023-24,May
solar,Madhya Pradesh,282.01,2023-24,November
solar,Madhya Pradesh,341.2,2023-24,October
solar,Madhya Pradesh,250.87,2023-24,September
solar,Madhya Pradesh,482.19,2024-25,April
solar,Madhya Pradesh,417.89,2024-25,August
solar,Madhya Pradesh,631.84,2024-25,December
solar,Madhya Pradesh,795.19,2024-25,February
solar,Madhya Pradesh,736.02,2024-25,January
solar,Madhya Pradesh,390.04,2024-25,July
solar,Madhya Pradesh,497.44,2024-25,June
solar,Madhya Pradesh,888.46,2024-25,March
solar,Madhya Pradesh,548.09,2024-25,May
solar,Madhya Pradesh,648.47,2024-25,November
solar,Madhya Pradesh,649.72,2024-25,October
solar,Madhya Pradesh,438.38,2024-25,September
solar,Madhya Pradesh,913.33,2025-26,April
solar,Madhya Pradesh,504.78,2025-26,August
solar,Madhya Pradesh,901.35,2025-26,December
solar,Madhya Pradesh,629.43,2025-26,February
solar,Madhya Pradesh,848.3,2025-26,January
solar,Madhya Pradesh,479.87,2025-26,July
solar,Madhya Pradesh,556.49,2025-26,June
solar,Madhya Pradesh,802.02,2025-26,March
solar,Madhya Pradesh,596.44,2025-26,May
solar,Madhya Pradesh,680.75,2025-26,November
solar,Madhya Pradesh,622.97,2025-26,October
solar,Madhya Pradesh,541.25,2025-26,September
solar,Madhya Pradesh,942.87,2026-27,April
solar,Madhya Pradesh,0.0,2026-27,August
solar,Madhya Pradesh,0.0,2026-27,December
solar,Madhya Pradesh,0.0,2026-27,February
solar,Madhya Pradesh,0.0,2026-27,January
solar,Madhya Pradesh,445.18,2026-27,July
solar,Madhya Pradesh,886.18,2026-27,June
solar,Madhya Pradesh,0.0,2026-27,March
solar,Madhya Pradesh,824.06,2026-27,May
solar,Madhya Pradesh,0.0,2026-27,November
solar,Madhya Pradesh,0.0,2026-27,October
solar,Madhya Pradesh,0.0,2026-27,September
solar,Maharashtra,45.31,2015-16,April
solar,Maharashtra,40.27,2015-16,August
solar,Maharashtra,54.19,2015-16,December
solar,Maharashtra,50.46,2015-16,February
solar,Maharashtra,55.25,2015-16,January
solar,Maharashtra,40.25,2015-16,July
solar,Maharashtra,40.26,2015-16,June
solar,Maharashtra,57.46,2015-16,March
solar,Maharashtra,48.28,2015-16,May
solar,Maharashtra,51.02,2015-16,November
solar,Maharashtra,112.25,2015-16,October
solar,Maharashtra,43.78,2015-16,September
solar,Maharashtra,55.22,2016-17,April
solar,Maharashtra,38.26,2016-17,August
solar,Maharashtra,52.95,2016-17,December
solar,Maharashtra,52.93,2016-17,February
solar,Maharashtra,51.92,2016-17,January
solar,Maharashtra,32.37,2016-17,July
solar,Maharashtra,40.16,2016-17,June
solar,Maharashtra,60.35,2016-17,March
solar,Maharashtra,55.06,2016-17,May
solar,Maharashtra,52.07,2016-17,November
solar,Maharashtra,48.94,2016-17,October
solar,Maharashtra,37.6,2016-17,September
solar,Maharashtra,58.99,2017-18,April
solar,Maharashtra,69.65,2017-18,August
solar,Maharashtra,104.37,2017-18,December
solar,Maharashtra,108.54,2017-18,February
solar,Maharashtra,118.02,2017-18,January
solar,Maharashtra,61.86,2017-18,July
solar,Maharashtra,67.84,2017-18,June
solar,Maharashtra,143.88,2017-18,March
solar,Maharashtra,73.73,2017-18,May
solar,Maharashtra,107.83,2017-18,November
solar,Maharashtra,101.05,2017-18,October
solar,Maharashtra,84.91,2017-18,September
solar,Maharashtra,165.25,2018-19,April
solar,Maharashtra,127.68,2018-19,August
solar,Maharashtra,193.11,2018-19,December
solar,Maharashtra,205.27,2018-19,February
solar,Maharashtra,207.47,2018-19,January
solar,Maharashtra,123.0,2018-19,July
solar,Maharashtra,160.48,2018-19,June
solar,Maharashtra,245.72,2018-19,March
solar,Maharashtra,203.95,2018-19,May
solar,Maharashtra,193.66,2018-19,November
solar,Maharashtra,205.57,2018-19,October
solar,Maharashtra,175.46,2018-19,September
solar,Maharashtra,233.28,2019-20,April
solar,Maharashtra,162.81,2019-20,August
solar,Maharashtra,174.96,2019-20,December
solar,Maharashtra,218.02,2019-20,February
solar,Maharashtra,205.42,2019-20,January
solar,Maharashtra,155.74,2019-20,July
solar,Maharashtra,191.49,2019-20,June
solar,Maharashtra,256.81,2019-20,March
solar,Maharashtra,249.08,2019-20,May
solar,Maharashtra,190.48,2019-20,November
solar,Maharashtra,178.62,2019-20,October
solar,Maharashtra,155.96,2019-20,September
solar,Maharashtra,246.55,2020-21,April
solar,Maharashtra,154.12,2020-21,August
solar,Maharashtra,224.35,2020-21,December
solar,Maharashtra,235.71,2020-21,February
solar,Maharashtra,224.65,2020-21,January
solar,Maharashtra,188.35,2020-21,July
solar,Maharashtra,189.68,2020-21,June
solar,Maharashtra,779.38,2020-21,March
solar,Maharashtra,252.85,2020-21,May
solar,Maharashtra,214.0,2020-21,November
solar,Maharashtra,194.65,2020-21,October
solar,Maharashtra,185.18,2020-21,September
solar,Maharashtra,284.61,2021-22,April
solar,Maharashtra,202.71,2021-22,August
solar,Maharashtra,222.97,2021-22,December
solar,Maharashtra,304.47,2021-22,February
solar,Maharashtra,280.49,2021-22,January
solar,Maharashtra,200.72,2021-22,July
solar,Maharashtra,420.51,2021-22,June
solar,Maharashtra,299.08,2021-22,March
solar,Maharashtra,258.09,2021-22,May
solar,Maharashtra,229.25,2021-22,November
solar,Maharashtra,279.64,2021-22,October
solar,Maharashtra,204.64,2021-22,September
solar,Maharashtra,317.19,2022-23,April
solar,Maharashtra,292.43,2022-23,August
solar,Maharashtra,401.35,2022-23,December
solar,Maharashtra,493.01,2022-23,February
solar,Maharashtra,451.49,2022-23,January
solar,Maharashtra,235.43,2022-23,July
solar,Maharashtra,314.57,2022-23,June
solar,Maharashtra,453.6,2022-23,March
solar,Maharashtra,348.07,2022-23,May
solar,Maharashtra,391.45,2022-23,November
solar,Maharashtra,386.56,2022-23,October
solar,Maharashtra,302.7,2022-23,September
solar,Maharashtra,502.49,2023-24,April
solar,Maharashtra,424.18,2023-24,August
solar,Maharashtra,466.05,2023-24,December
solar,Maharashtra,553.79,2023-24,February
solar,Maharashtra,504.2,2023-24,January
solar,Maharashtra,329.26,2023-24,July
solar,Maharashtra,473.19,2023-24,June
solar,Maharashtra,625.93,2023-24,March
solar,Maharashtra,566.13,2023-24,May
solar,Maharashtra,427.16,2023-24,November
solar,Maharashtra,545.96,2023-24,October
solar,Maharashtra,395.79,2023-24,September
solar,Maharashtra,598.96,2024-25,April
solar,Maharashtra,553.76,2024-25,August
solar,Maharashtra,642.03,2024-25,December
solar,Maharashtra,782.37,2024-25,February
solar,Maharashtra,778.09,2024-25,January
solar,Maharashtra,400.7,2024-25,July
solar,Maharashtra,516.49,2024-25,June
solar,Maharashtra,899.3,2024-25,March
solar,Maharashtra,632.33,2024-25,May
solar,Maharashtra,706.26,2024-25,November
solar,Maharashtra,684.75,2024-25,October
solar,Maharashtra,530.16,2024-25,September
solar,Maharashtra,834.9,2025-26,April
solar,Maharashtra,728.29,2025-26,August
solar,Maharashtra,1051.21,2025-26,December
solar,Maharashtra,1020.17,2025-26,February
solar,Maharashtra,1020.17,2025-26,January
solar,Maharashtra,612.8,2025-26,July
solar,Maharashtra,701.79,2025-26,June
solar,Maharashtra,1251.41,2025-26,March
solar,Maharashtra,741.52,2025-26,May
solar,Maharashtra,962.67,2025-26,November
solar,Maharashtra,920.46,2025-26,October
solar,Maharashtra,707.45,2025-26,September
solar,Maharashtra,1203.32,2026-27,April
solar,Maharashtra,0.0,2026-27,August
solar,Maharashtra,0.0,2026-27,December
solar,Maharashtra,0.0,2026-27,February
solar,Maharashtra,0.0,2026-27,January
solar,Maharashtra,706.08,2026-27,July
solar,Maharashtra,1119.1,2026-27,June
solar,Maharashtra,0.0,2026-27,March
solar,Maharashtra,1231.66,2026-27,May
solar,Maharashtra,0.0,2026-27,November
solar,Maharashtra,0.0,2026-27,October
solar,Maharashtra,0.0,2026-27,September
solar,Manipur,0.0,2015-16,April
solar,Manipur,0.0,2015-16,August
solar,Manipur,0.0,2015-16,December
solar,Manipur,0.0,2015-16,February
solar,Manipur,0.0,2015-16,January
solar,Manipur,0.0,2015-16,July
solar,Manipur,0.0,2015-16,June
solar,Manipur,0.0,2015-16,March
solar,Manipur,0.0,2015-16,May
solar,Manipur,0.0,2015-16,November
solar,Manipur,0.0,2015-16,October
solar,Manipur,0.0,2015-16,September
solar,Manipur,0.0,2016-17,April
solar,Manipur,0.0,2016-17,August
solar,Manipur,0.0,2016-17,December
solar,Manipur,0.01,2016-17,February
solar,Manipur,0.01,2016-17,January
solar,Manipur,0.0,2016-17,July
solar,Manipur,0.0,2016-17,June
solar,Manipur,0.0,2016-17,March
solar,Manipur,0.0,2016-17,May
solar,Manipur,0.0,2016-17,November
solar,Manipur,0.0,2016-17,October
solar,Manipur,0.0,2016-17,September
solar,Manipur,0.0,2017-18,April
solar,Manipur,0.0,2017-18,August
solar,Manipur,0.0,2017-18,December
solar,Manipur,0.0,2017-18,February
solar,Manipur,0.01,2017-18,January
solar,Manipur,0.0,2017-18,July
solar,Manipur,0.0,2017-18,June
solar,Manipur,0.04,2017-18,March
solar,Manipur,0.0,2017-18,May
solar,Manipur,0.0,2017-18,November
solar,Manipur,0.01,2017-18,October
solar,Manipur,0.0,2017-18,September
solar,Manipur,0.05,2018-19,April
solar,Manipur,0.15,2018-19,August
solar,Manipur,0.15,2018-19,December
solar,Manipur,0.66,2018-19,February
solar,Manipur,0.61,2018-19,January
solar,Manipur,0.05,2018-19,July
solar,Manipur,0.03,2018-19,June
solar,Manipur,0.16,2018-19,March
solar,Manipur,0.0,2018-19,May
solar,Manipur,0.14,2018-19,November
solar,Manipur,0.13,2018-19,October
solar,Manipur,0.15,2018-19,September
solar,Manipur,0.16,2019-20,April
solar,Manipur,0.21,2019-20,August
solar,Manipur,0.24,2019-20,December
solar,Manipur,0.32,2019-20,February
solar,Manipur,0.32,2019-20,January
solar,Manipur,0.21,2019-20,July
solar,Manipur,0.0,2019-20,June
solar,Manipur,0.32,2019-20,March
solar,Manipur,0.19,2019-20,May
solar,Manipur,0.22,2019-20,November
solar,Manipur,0.24,2019-20,October
solar,Manipur,0.23,2019-20,September
solar,Manipur,0.43,2020-21,April
solar,Manipur,1.13,2020-21,August
solar,Manipur,0.97,2020-21,December
solar,Manipur,0.42,2020-21,February
solar,Manipur,0.97,2020-21,January
solar,Manipur,0.48,2020-21,July
solar,Manipur,0.48,2020-21,June
solar,Manipur,0.46,2020-21,March
solar,Manipur,0.43,2020-21,May
solar,Manipur,0.97,2020-21,November
solar,Manipur,0.48,2020-21,October
solar,Manipur,0.48,2020-21,September
solar,Manipur,0.46,2021-22,April
solar,Manipur,1.11,2021-22,August
solar,Manipur,0.52,2021-22,December
solar,Manipur,0.59,2021-22,February
solar,Manipur,0.52,2021-22,January
solar,Manipur,0.48,2021-22,July
solar,Manipur,0.46,2021-22,June
solar,Manipur,0.68,2021-22,March
solar,Manipur,0.46,2021-22,May
solar,Manipur,0.51,2021-22,November
solar,Manipur,0.49,2021-22,October
solar,Manipur,0.46,2021-22,September
solar,Manipur,0.66,2022-23,April
solar,Manipur,0.74,2022-23,August
solar,Manipur,0.66,2022-23,December
solar,Manipur,0.57,2022-23,February
solar,Manipur,0.64,2022-23,January
solar,Manipur,0.69,2022-23,July
solar,Manipur,0.7,2022-23,June
solar,Manipur,0.67,2022-23,March
solar,Manipur,0.7,2022-23,May
solar,Manipur,0.65,2022-23,November
solar,Manipur,0.75,2022-23,October
solar,Manipur,0.75,2022-23,September
solar,Manipur,0.67,2023-24,April
solar,Manipur,0.64,2023-24,August
solar,Manipur,0.61,2023-24,December
solar,Manipur,0.61,2023-24,February
solar,Manipur,0.61,2023-24,January
solar,Manipur,0.64,2023-24,July
solar,Manipur,0.66,2023-24,June
solar,Manipur,0.71,2023-24,March
solar,Manipur,0.67,2023-24,May
solar,Manipur,0.61,2023-24,November
solar,Manipur,0.64,2023-24,October
solar,Manipur,0.64,2023-24,September
solar,Manipur,0.71,2024-25,April
solar,Manipur,0.71,2024-25,August
solar,Manipur,0.74,2024-25,December
solar,Manipur,0.74,2024-25,February
solar,Manipur,0.74,2024-25,January
solar,Manipur,0.71,2024-25,July
solar,Manipur,0.71,2024-25,June
solar,Manipur,0.74,2024-25,March
solar,Manipur,0.71,2024-25,May
solar,Manipur,0.74,2024-25,November
solar,Manipur,0.7,2024-25,October
solar,Manipur,0.7,2024-25,September
solar,Manipur,0.74,2025-26,April
solar,Manipur,0.71,2025-26,August
solar,Manipur,0.71,2025-26,December
solar,Manipur,0.71,2025-26,February
solar,Manipur,0.71,2025-26,January
solar,Manipur,0.71,2025-26,July
solar,Manipur,0.71,2025-26,June
solar,Manipur,0.71,2025-26,March
solar,Manipur,0.71,2025-26,May
solar,Manipur,0.71,2025-26,November
solar,Manipur,0.71,2025-26,October
solar,Manipur,0.71,2025-26,September
solar,Manipur,0.71,2026-27,April
solar,Manipur,0.0,2026-27,August
solar,Manipur,0.0,2026-27,December
solar,Manipur,0.0,2026-27,February
solar,Manipur,0.0,2026-27,January
solar,Manipur,0.0,2026-27,July
solar,Manipur,0.71,2026-27,June
solar,Manipur,0.0,2026-27,March
solar,Manipur,0.71,2026-27,May
solar,Manipur,0.0,2026-27,November
solar,Manipur,0.0,2026-27,October
solar,Manipur,0.0,2026-27,September
solar,Meghalaya,0.0,2015-16,April
solar,Meghalaya,0.0,2015-16,August
solar,Meghalaya,0.0,2015-16,December
solar,Meghalaya,0.0,2015-16,February
solar,Meghalaya,0.0,2015-16,January
solar,Meghalaya,0.0,2015-16,July
solar,Meghalaya,0.0,2015-16,June
solar,Meghalaya,0.0,2015-16,March
solar,Meghalaya,0.0,2015-16,May
solar,Meghalaya,0.0,2015-16,November
solar,Meghalaya,0.0,2015-16,October
solar,Meghalaya,0.0,2015-16,September
solar,Meghalaya,0.0,2016-17,April
solar,Meghalaya,0.0,2016-17,August
solar,Meghalaya,0.0,2016-17,December
solar,Meghalaya,0.0,2016-17,February
solar,Meghalaya,0.0,2016-17,January
solar,Meghalaya,0.0,2016-17,July
solar,Meghalaya,0.0,2016-17,June
solar,Meghalaya,0.0,2016-17,March
solar,Meghalaya,0.0,2016-17,May
solar,Meghalaya,0.0,2016-17,November
solar,Meghalaya,0.0,2016-17,October
solar,Meghalaya,0.0,2016-17,September
solar,Meghalaya,0.0,2017-18,April
solar,Meghalaya,0.0,2017-18,August
solar,Meghalaya,0.0,2017-18,December
solar,Meghalaya,0.0,2017-18,February
solar,Meghalaya,0.0,2017-18,January
solar,Meghalaya,0.0,2017-18,July
solar,Meghalaya,0.0,2017-18,June
solar,Meghalaya,0.0,2017-18,March
solar,Meghalaya,0.0,2017-18,May
solar,Meghalaya,0.0,2017-18,November
solar,Meghalaya,0.0,2017-18,October
solar,Meghalaya,0.0,2017-18,September
solar,Meghalaya,0.0,2018-19,April
solar,Meghalaya,0.0,2018-19,August
solar,Meghalaya,0.0,2018-19,December
solar,Meghalaya,0.0,2018-19,February
solar,Meghalaya,0.0,2018-19,January
solar,Meghalaya,0.0,2018-19,July
solar,Meghalaya,0.0,2018-19,June
solar,Meghalaya,0.0,2018-19,March
solar,Meghalaya,0.0,2018-19,May
solar,Meghalaya,0.0,2018-19,November
solar,Meghalaya,0.0,2018-19,October
solar,Meghalaya,0.0,2018-19,September
solar,Meghalaya,0.0,2019-20,April
solar,Meghalaya,0.0,2019-20,August
solar,Meghalaya,0.0,2019-20,December
solar,Meghalaya,0.0,2019-20,February
solar,Meghalaya,0.0,2019-20,January
solar,Meghalaya,0.0,2019-20,July
solar,Meghalaya,0.0,2019-20,June
solar,Meghalaya,0.0,2019-20,March
solar,Meghalaya,0.0,2019-20,May
solar,Meghalaya,0.0,2019-20,November
solar,Meghalaya,0.0,2019-20,October
solar,Meghalaya,0.0,2019-20,September
solar,Meghalaya,0.0,2020-21,April
solar,Meghalaya,0.0,2020-21,August
solar,Meghalaya,0.0,2020-21,December
solar,Meghalaya,0.0,2020-21,February
solar,Meghalaya,0.0,2020-21,January
solar,Meghalaya,0.0,2020-21,July
solar,Meghalaya,0.0,2020-21,June
solar,Meghalaya,0.0,2020-21,March
solar,Meghalaya,0.0,2020-21,May
solar,Meghalaya,0.0,2020-21,November
solar,Meghalaya,0.0,2020-21,October
solar,Meghalaya,0.0,2020-21,September
solar,Meghalaya,0.0,2021-22,April
solar,Meghalaya,0.0,2021-22,August
solar,Meghalaya,0.0,2021-22,December
solar,Meghalaya,0.0,2021-22,February
solar,Meghalaya,0.0,2021-22,January
solar,Meghalaya,0.0,2021-22,July
solar,Meghalaya,0.0,2021-22,June
solar,Meghalaya,0.0,2021-22,March
solar,Meghalaya,0.0,2021-22,May
solar,Meghalaya,0.47,2021-22,November
solar,Meghalaya,0.0,2021-22,October
solar,Meghalaya,0.0,2021-22,September
solar,Meghalaya,0.0,2022-23,April
solar,Meghalaya,0.0,2022-23,August
solar,Meghalaya,0.0,2022-23,December
solar,Meghalaya,0.0,2022-23,February
solar,Meghalaya,0.0,2022-23,January
solar,Meghalaya,0.0,2022-23,July
solar,Meghalaya,0.0,2022-23,June
solar,Meghalaya,0.0,2022-23,March
solar,Meghalaya,0.0,2022-23,May
solar,Meghalaya,0.0,2022-23,November
solar,Meghalaya,0.0,2022-23,October
solar,Meghalaya,0.0,2022-23,September
solar,Meghalaya,0.0,2023-24,April
solar,Meghalaya,0.0,2023-24,August
solar,Meghalaya,0.0,2023-24,December
solar,Meghalaya,0.0,2023-24,February
solar,Meghalaya,0.0,2023-24,January
solar,Meghalaya,0.0,2023-24,July
solar,Meghalaya,0.0,2023-24,June
solar,Meghalaya,0.0,2023-24,March
solar,Meghalaya,0.0,2023-24,May
solar,Meghalaya,0.0,2023-24,November
solar,Meghalaya,0.0,2023-24,October
solar,Meghalaya,0.0,2023-24,September
solar,Meghalaya,0.0,2024-25,April
solar,Meghalaya,0.0,2024-25,August
solar,Meghalaya,0.0,2024-25,December
solar,Meghalaya,0.0,2024-25,February
solar,Meghalaya,0.0,2024-25,January
solar,Meghalaya,0.0,2024-25,July
solar,Meghalaya,0.0,2024-25,June
solar,Meghalaya,0.0,2024-25,March
solar,Meghalaya,0.0,2024-25,May
solar,Meghalaya,0.0,2024-25,November
solar,Meghalaya,0.0,2024-25,October
solar,Meghalaya,0.0,2024-25,September
solar,Meghalaya,0.0,2025-26,April
solar,Meghalaya,0.0,2025-26,August
solar,Meghalaya,0.0,2025-26,December
solar,Meghalaya,0.0,2025-26,February
solar,Meghalaya,0.0,2025-26,January
solar,Meghalaya,0.0,2025-26,July
solar,Meghalaya,0.0,2025-26,June
solar,Meghalaya,0.0,2025-26,March
solar,Meghalaya,0.0,2025-26,May
solar,Meghalaya,0.0,2025-26,November
solar,Meghalaya,0.0,2025-26,October
solar,Meghalaya,0.0,2025-26,September
solar,Meghalaya,0.0,2026-27,April
solar,Meghalaya,0.0,2026-27,August
solar,Meghalaya,0.0,2026-27,December
solar,Meghalaya,0.0,2026-27,February
solar,Meghalaya,0.0,2026-27,January
solar,Meghalaya,0.0,2026-27,July
solar,Meghalaya,0.0,2026-27,June
solar,Meghalaya,0.0,2026-27,March
solar,Meghalaya,0.0,2026-27,May
solar,Meghalaya,0.0,2026-27,November
solar,Meghalaya,0.0,2026-27,October
solar,Meghalaya,0.0,2026-27,September
solar,Mizoram,0.0,2015-16,April
solar,Mizoram,0.0,2015-16,August
solar,Mizoram,0.0,2015-16,December
solar,Mizoram,0.0,2015-16,February
solar,Mizoram,0.0,2015-16,January
solar,Mizoram,0.0,2015-16,July
solar,Mizoram,0.0,2015-16,June
solar,Mizoram,0.0,2015-16,March
solar,Mizoram,0.0,2015-16,May
solar,Mizoram,0.0,2015-16,November
solar,Mizoram,0.0,2015-16,October
solar,Mizoram,0.0,2015-16,September
solar,Mizoram,0.0,2016-17,April
solar,Mizoram,0.0,2016-17,August
solar,Mizoram,0.0,2016-17,December
solar,Mizoram,0.0,2016-17,February
solar,Mizoram,0.0,2016-17,January
solar,Mizoram,0.0,2016-17,July
solar,Mizoram,0.0,2016-17,June
solar,Mizoram,0.0,2016-17,March
solar,Mizoram,0.0,2016-17,May
solar,Mizoram,0.0,2016-17,November
solar,Mizoram,0.0,2016-17,October
solar,Mizoram,0.0,2016-17,September
solar,Mizoram,0.0,2017-18,April
solar,Mizoram,0.0,2017-18,August
solar,Mizoram,0.0,2017-18,December
solar,Mizoram,0.0,2017-18,February
solar,Mizoram,0.0,2017-18,January
solar,Mizoram,0.0,2017-18,July
solar,Mizoram,0.0,2017-18,June
solar,Mizoram,0.0,2017-18,March
solar,Mizoram,0.0,2017-18,May
solar,Mizoram,0.0,2017-18,November
solar,Mizoram,0.0,2017-18,October
solar,Mizoram,0.0,2017-18,September
solar,Mizoram,0.0,2018-19,April
solar,Mizoram,0.0,2018-19,August
solar,Mizoram,0.02,2018-19,December
solar,Mizoram,0.0,2018-19,February
solar,Mizoram,0.0,2018-19,January
solar,Mizoram,0.0,2018-19,July
solar,Mizoram,0.0,2018-19,June
solar,Mizoram,0.03,2018-19,March
solar,Mizoram,0.0,2018-19,May
solar,Mizoram,0.03,2018-19,November
solar,Mizoram,0.0,2018-19,October
solar,Mizoram,0.0,2018-19,September
solar,Mizoram,0.04,2019-20,April
solar,Mizoram,0.03,2019-20,August
solar,Mizoram,0.03,2019-20,December
solar,Mizoram,0.03,2019-20,February
solar,Mizoram,0.03,2019-20,January
solar,Mizoram,0.03,2019-20,July
solar,Mizoram,0.03,2019-20,June
solar,Mizoram,0.03,2019-20,March
solar,Mizoram,0.04,2019-20,May
solar,Mizoram,0.02,2019-20,November
solar,Mizoram,0.02,2019-20,October
solar,Mizoram,0.11,2019-20,September
solar,Mizoram,0.03,2020-21,April
solar,Mizoram,0.02,2020-21,August
solar,Mizoram,0.18,2020-21,December
solar,Mizoram,0.43,2020-21,February
solar,Mizoram,1.44,2020-21,January
solar,Mizoram,0.02,2020-21,July
solar,Mizoram,0.02,2020-21,June
solar,Mizoram,0.23,2020-21,March
solar,Mizoram,0.03,2020-21,May
solar,Mizoram,0.02,2020-21,November
solar,Mizoram,0.02,2020-21,October
solar,Mizoram,0.02,2020-21,September
solar,Mizoram,0.23,2021-22,April
solar,Mizoram,0.18,2021-22,August
solar,Mizoram,0.09,2021-22,December
solar,Mizoram,0.09,2021-22,February
solar,Mizoram,0.09,2021-22,January
solar,Mizoram,0.18,2021-22,July
solar,Mizoram,0.25,2021-22,June
solar,Mizoram,0.09,2021-22,March
solar,Mizoram,0.25,2021-22,May
solar,Mizoram,0.09,2021-22,November
solar,Mizoram,0.09,2021-22,October
solar,Mizoram,0.09,2021-22,September
solar,Mizoram,0.33,2022-23,April
solar,Mizoram,0.23,2022-23,August
solar,Mizoram,0.27,2022-23,December
solar,Mizoram,0.27,2022-23,February
solar,Mizoram,0.27,2022-23,January
solar,Mizoram,0.23,2022-23,July
solar,Mizoram,0.23,2022-23,June
solar,Mizoram,0.27,2022-23,March
solar,Mizoram,0.33,2022-23,May
solar,Mizoram,0.27,2022-23,November
solar,Mizoram,0.27,2022-23,October
solar,Mizoram,0.27,2022-23,September
solar,Mizoram,0.27,2023-24,April
solar,Mizoram,0.27,2023-24,August
solar,Mizoram,0.27,2023-24,December
solar,Mizoram,0.27,2023-24,February
solar,Mizoram,0.27,2023-24,January
solar,Mizoram,0.27,2023-24,July
solar,Mizoram,0.27,2023-24,June
solar,Mizoram,0.27,2023-24,March
solar,Mizoram,0.27,2023-24,May
solar,Mizoram,0.27,2023-24,November
solar,Mizoram,0.27,2023-24,October
solar,Mizoram,0.27,2023-24,September
solar,Mizoram,0.35,2024-25,April
solar,Mizoram,3.33,2024-25,August
solar,Mizoram,2.88,2024-25,December
solar,Mizoram,2.88,2024-25,February
solar,Mizoram,2.88,2024-25,January
solar,Mizoram,0.35,2024-25,July
solar,Mizoram,0.35,2024-25,June
solar,Mizoram,2.88,2024-25,March
solar,Mizoram,0.35,2024-25,May
solar,Mizoram,2.88,2024-25,November
solar,Mizoram,2.88,2024-25,October
solar,Mizoram,3.33,2024-25,September
solar,Mizoram,2.88,2025-26,April
solar,Mizoram,2.91,2025-26,August
solar,Mizoram,1.91,2025-26,December
solar,Mizoram,1.91,2025-26,February
solar,Mizoram,1.91,2025-26,January
solar,Mizoram,2.91,2025-26,July
solar,Mizoram,3.33,2025-26,June
solar,Mizoram,1.91,2025-26,March
solar,Mizoram,1.92,2025-26,May
solar,Mizoram,1.91,2025-26,November
solar,Mizoram,2.91,2025-26,October
solar,Mizoram,2.91,2025-26,September
solar,Mizoram,1.91,2026-27,April
solar,Mizoram,0.0,2026-27,August
solar,Mizoram,0.0,2026-27,December
solar,Mizoram,0.0,2026-27,February
solar,Mizoram,0.0,2026-27,January
solar,Mizoram,3.49,2026-27,July
solar,Mizoram,3.9,2026-27,June
solar,Mizoram,0.0,2026-27,March
solar,Mizoram,4.76,2026-27,May
solar,Mizoram,0.0,2026-27,November
solar,Mizoram,0.0,2026-27,October
solar,Mizoram,0.0,2026-27,September
solar,Nagaland,0.0,2015-16,April
solar,Nagaland,0.0,2015-16,August
solar,Nagaland,0.0,2015-16,December
solar,Nagaland,0.0,2015-16,February
solar,Nagaland,0.0,2015-16,January
solar,Nagaland,0.0,2015-16,July
solar,Nagaland,0.0,2015-16,June
solar,Nagaland,0.0,2015-16,March
solar,Nagaland,0.0,2015-16,May
solar,Nagaland,0.0,2015-16,November
solar,Nagaland,0.0,2015-16,October
solar,Nagaland,0.0,2015-16,September
solar,Nagaland,0.0,2016-17,April
solar,Nagaland,0.0,2016-17,August
solar,Nagaland,0.0,2016-17,December
solar,Nagaland,0.0,2016-17,February
solar,Nagaland,0.0,2016-17,January
solar,Nagaland,0.0,2016-17,July
solar,Nagaland,0.0,2016-17,June
solar,Nagaland,0.0,2016-17,March
solar,Nagaland,0.0,2016-17,May
solar,Nagaland,0.0,2016-17,November
solar,Nagaland,0.0,2016-17,October
solar,Nagaland,0.0,2016-17,September
solar,Nagaland,0.0,2017-18,April
solar,Nagaland,0.0,2017-18,August
solar,Nagaland,0.0,2017-18,December
solar,Nagaland,0.0,2017-18,February
solar,Nagaland,0.0,2017-18,January
solar,Nagaland,0.0,2017-18,July
solar,Nagaland,0.0,2017-18,June
solar,Nagaland,0.0,2017-18,March
solar,Nagaland,0.0,2017-18,May
solar,Nagaland,0.0,2017-18,November
solar,Nagaland,0.0,2017-18,October
solar,Nagaland,0.0,2017-18,September
solar,Nagaland,0.0,2018-19,April
solar,Nagaland,0.0,2018-19,August
solar,Nagaland,0.0,2018-19,December
solar,Nagaland,0.0,2018-19,February
solar,Nagaland,0.0,2018-19,January
solar,Nagaland,0.0,2018-19,July
solar,Nagaland,0.0,2018-19,June
solar,Nagaland,0.0,2018-19,March
solar,Nagaland,0.0,2018-19,May
solar,Nagaland,0.0,2018-19,November
solar,Nagaland,0.0,2018-19,October
solar,Nagaland,0.0,2018-19,September
solar,Nagaland,0.0,2019-20,April
solar,Nagaland,0.0,2019-20,August
solar,Nagaland,0.0,2019-20,December
solar,Nagaland,0.0,2019-20,February
solar,Nagaland,0.0,2019-20,January
solar,Nagaland,0.0,2019-20,July
solar,Nagaland,0.0,2019-20,June
solar,Nagaland,0.0,2019-20,March
solar,Nagaland,0.0,2019-20,May
solar,Nagaland,0.0,2019-20,November
solar,Nagaland,0.0,2019-20,October
solar,Nagaland,0.0,2019-20,September
solar,Nagaland,0.0,2020-21,April
solar,Nagaland,0.0,2020-21,August
solar,Nagaland,0.0,2020-21,December
solar,Nagaland,0.0,2020-21,February
solar,Nagaland,0.0,2020-21,January
solar,Nagaland,0.0,2020-21,July
solar,Nagaland,0.0,2020-21,June
solar,Nagaland,0.0,2020-21,March
solar,Nagaland,0.0,2020-21,May
solar,Nagaland,0.0,2020-21,November
solar,Nagaland,0.0,2020-21,October
solar,Nagaland,0.0,2020-21,September
solar,Nagaland,0.0,2021-22,April
solar,Nagaland,0.0,2021-22,August
solar,Nagaland,0.0,2021-22,December
solar,Nagaland,0.0,2021-22,February
solar,Nagaland,0.0,2021-22,January
solar,Nagaland,0.0,2021-22,July
solar,Nagaland,0.0,2021-22,June
solar,Nagaland,0.0,2021-22,March
solar,Nagaland,0.0,2021-22,May
solar,Nagaland,0.0,2021-22,November
solar,Nagaland,0.0,2021-22,October
solar,Nagaland,0.0,2021-22,September
solar,Nagaland,0.0,2022-23,April
solar,Nagaland,0.0,2022-23,August
solar,Nagaland,0.0,2022-23,December
solar,Nagaland,0.0,2022-23,February
solar,Nagaland,0.0,2022-23,January
solar,Nagaland,0.0,2022-23,July
solar,Nagaland,0.0,2022-23,June
solar,Nagaland,0.0,2022-23,March
solar,Nagaland,0.0,2022-23,May
solar,Nagaland,0.0,2022-23,November
solar,Nagaland,0.0,2022-23,October
solar,Nagaland,0.0,2022-23,September
solar,Nagaland,0.0,2023-24,April
solar,Nagaland,0.0,2023-24,August
solar,Nagaland,0.0,2023-24,December
solar,Nagaland,0.0,2023-24,February
solar,Nagaland,0.0,2023-24,January
solar,Nagaland,0.0,2023-24,July
solar,Nagaland,0.0,2023-24,June
solar,Nagaland,0.0,2023-24,March
solar,Nagaland,0.0,2023-24,May
solar,Nagaland,0.0,2023-24,November
solar,Nagaland,0.0,2023-24,October
solar,Nagaland,0.0,2023-24,September
solar,Nagaland,0.0,2024-25,April
solar,Nagaland,0.0,2024-25,August
solar,Nagaland,0.0,2024-25,December
solar,Nagaland,0.0,2024-25,February
solar,Nagaland,0.0,2024-25,January
solar,Nagaland,0.0,2024-25,July
solar,Nagaland,0.0,2024-25,June
solar,Nagaland,0.0,2024-25,March
solar,Nagaland,0.0,2024-25,May
solar,Nagaland,0.0,2024-25,November
solar,Nagaland,0.0,2024-25,October
solar,Nagaland,0.0,2024-25,September
solar,Nagaland,0.0,2025-26,April
solar,Nagaland,0.0,2025-26,August
solar,Nagaland,0.0,2025-26,December
solar,Nagaland,0.0,2025-26,February
solar,Nagaland,0.0,2025-26,January
solar,Nagaland,0.0,2025-26,July
solar,Nagaland,0.0,2025-26,June
solar,Nagaland,0.0,2025-26,March
solar,Nagaland,0.0,2025-26,May
solar,Nagaland,0.0,2025-26,November
solar,Nagaland,0.0,2025-26,October
solar,Nagaland,0.0,2025-26,September
solar,Nagaland,0.0,2026-27,April
solar,Nagaland,0.0,2026-27,August
solar,Nagaland,0.0,2026-27,December
solar,Nagaland,0.0,2026-27,February
solar,Nagaland,0.0,2026-27,January
solar,Nagaland,0.0,2026-27,July
solar,Nagaland,0.0,2026-27,June
solar,Nagaland,0.0,2026-27,March
solar,Nagaland,0.0,2026-27,May
solar,Nagaland,0.0,2026-27,November
solar,Nagaland,0.0,2026-27,October
solar,Nagaland,0.0,2026-27,September
solar,Odisha,6.14,2015-16,April
solar,Odisha,12.49,2015-16,August
solar,Odisha,14.58,2015-16,December
solar,Odisha,16.16,2015-16,February
solar,Odisha,16.35,2015-16,January
solar,Odisha,12.77,2015-16,July
solar,Odisha,9.25,2015-16,June
solar,Odisha,18.21,2015-16,March
solar,Odisha,6.39,2015-16,May
solar,Odisha,19.04,2015-16,November
solar,Odisha,17.77,2015-16,October
solar,Odisha,14.18,2015-16,September
solar,Odisha,14.57,2016-17,April
solar,Odisha,15.36,2016-17,August
solar,Odisha,19.72,2016-17,December
solar,Odisha,19.95,2016-17,February
solar,Odisha,14.61,2016-17,January
solar,Odisha,14.11,2016-17,July
solar,Odisha,17.28,2016-17,June
solar,Odisha,22.47,2016-17,March
solar,Odisha,19.29,2016-17,May
solar,Odisha,19.57,2016-17,November
solar,Odisha,20.68,2016-17,October
solar,Odisha,18.2,2016-17,September
solar,Odisha,22.81,2017-18,April
solar,Odisha,16.32,2017-18,August
solar,Odisha,17.53,2017-18,December
solar,Odisha,18.63,2017-18,February
solar,Odisha,20.2,2017-18,January
solar,Odisha,13.4,2017-18,July
solar,Odisha,18.14,2017-18,June
solar,Odisha,21.56,2017-18,March
solar,Odisha,23.08,2017-18,May
solar,Odisha,8.63,2017-18,November
solar,Odisha,19.57,2017-18,October
solar,Odisha,18.37,2017-18,September
solar,Odisha,22.19,2018-19,April
solar,Odisha,17.31,2018-19,August
solar,Odisha,21.08,2018-19,December
solar,Odisha,23.79,2018-19,February
solar,Odisha,23.31,2018-19,January
solar,Odisha,17.47,2018-19,July
solar,Odisha,18.9,2018-19,June
solar,Odisha,26.24,2018-19,March
solar,Odisha,22.37,2018-19,May
solar,Odisha,22.95,2018-19,November
solar,Odisha,24.78,2018-19,October
solar,Odisha,21.89,2018-19,September
solar,Odisha,36.6,2019-20,April
solar,Odisha,15.88,2019-20,August
solar,Odisha,25.79,2019-20,December
solar,Odisha,31.31,2019-20,February
solar,Odisha,30.32,2019-20,January
solar,Odisha,27.48,2019-20,July
solar,Odisha,35.71,2019-20,June
solar,Odisha,41.2,2019-20,March
solar,Odisha,41.8,2019-20,May
solar,Odisha,24.8,2019-20,November
solar,Odisha,32.98,2019-20,October
solar,Odisha,18.42,2019-20,September
solar,Odisha,40.53,2020-21,April
solar,Odisha,22.49,2020-21,August
solar,Odisha,44.27,2020-21,December
solar,Odisha,46.21,2020-21,February
solar,Odisha,48.76,2020-21,January
solar,Odisha,33.25,2020-21,July
solar,Odisha,31.8,2020-21,June
solar,Odisha,55.25,2020-21,March
solar,Odisha,41.59,2020-21,May
solar,Odisha,38.27,2020-21,November
solar,Odisha,38.27,2020-21,October
solar,Odisha,35.56,2020-21,September
solar,Odisha,56.47,2021-22,April
solar,Odisha,46.64,2021-22,August
solar,Odisha,44.96,2021-22,December
solar,Odisha,60.91,2021-22,February
solar,Odisha,51.58,2021-22,January
solar,Odisha,40.06,2021-22,July
solar,Odisha,41.48,2021-22,June
solar,Odisha,65.98,2021-22,March
solar,Odisha,55.76,2021-22,May
solar,Odisha,45.45,2021-22,November
solar,Odisha,52.52,2021-22,October
solar,Odisha,41.91,2021-22,September
solar,Odisha,61.61,2022-23,April
solar,Odisha,47.45,2022-23,August
solar,Odisha,60.28,2022-23,December
solar,Odisha,69.38,2022-23,February
solar,Odisha,62.42,2022-23,January
solar,Odisha,45.69,2022-23,July
solar,Odisha,51.5,2022-23,June
solar,Odisha,65.23,2022-23,March
solar,Odisha,67.39,2022-23,May
solar,Odisha,61.95,2022-23,November
solar,Odisha,59.25,2022-23,October
solar,Odisha,54.08,2022-23,September
solar,Odisha,68.95,2023-24,April
solar,Odisha,54.21,2023-24,August
solar,Odisha,60.28,2023-24,December
solar,Odisha,70.64,2023-24,February
solar,Odisha,62.29,2023-24,January
solar,Odisha,50.24,2023-24,July
solar,Odisha,60.13,2023-24,June
solar,Odisha,75.99,2023-24,March
solar,Odisha,74.11,2023-24,May
solar,Odisha,62.69,2023-24,November
solar,Odisha,70.0,2023-24,October
solar,Odisha,48.17,2023-24,September
solar,Odisha,73.57,2024-25,April
solar,Odisha,53.41,2024-25,August
solar,Odisha,56.2,2024-25,December
solar,Odisha,72.27,2024-25,February
solar,Odisha,56.2,2024-25,January
solar,Odisha,45.0,2024-25,July
solar,Odisha,69.29,2024-25,June
solar,Odisha,87.34,2024-25,March
solar,Odisha,80.95,2024-25,May
solar,Odisha,66.76,2024-25,November
solar,Odisha,68.42,2024-25,October
solar,Odisha,57.34,2024-25,September
solar,Odisha,83.92,2025-26,April
solar,Odisha,66.12,2025-26,August
solar,Odisha,79.42,2025-26,December
solar,Odisha,83.62,2025-26,February
solar,Odisha,86.38,2025-26,January
solar,Odisha,54.56,2025-26,July
solar,Odisha,64.65,2025-26,June
solar,Odisha,86.73,2025-26,March
solar,Odisha,84.46,2025-26,May
solar,Odisha,80.8,2025-26,November
solar,Odisha,71.77,2025-26,October
solar,Odisha,66.89,2025-26,September
solar,Odisha,90.68,2026-27,April
solar,Odisha,0.0,2026-27,August
solar,Odisha,0.0,2026-27,December
solar,Odisha,0.0,2026-27,February
solar,Odisha,0.0,2026-27,January
solar,Odisha,27.8,2026-27,July
solar,Odisha,84.16,2026-27,June
solar,Odisha,0.0,2026-27,March
solar,Odisha,101.26,2026-27,May
solar,Odisha,0.0,2026-27,November
solar,Odisha,0.0,2026-27,October
solar,Odisha,0.0,2026-27,September
solar,Others,0.0,2015-16,April
solar,Others,0.0,2015-16,August
solar,Others,0.0,2015-16,December
solar,Others,0.0,2015-16,February
solar,Others,0.0,2015-16,January
solar,Others,0.0,2015-16,July
solar,Others,0.0,2015-16,June
solar,Others,0.0,2015-16,March
solar,Others,0.0,2015-16,May
solar,Others,0.0,2015-16,November
solar,Others,0.0,2015-16,October
solar,Others,0.0,2015-16,September
solar,Others,0.0,2016-17,April
solar,Others,0.0,2016-17,August
solar,Others,0.0,2016-17,December
solar,Others,0.0,2016-17,February
solar,Others,0.0,2016-17,January
solar,Others,0.0,2016-17,July
solar,Others,0.0,2016-17,June
solar,Others,0.0,2016-17,March
solar,Others,0.0,2016-17,May
solar,Others,0.0,2016-17,November
solar,Others,0.0,2016-17,October
solar,Others,0.0,2016-17,September
solar,Others,0.0,2017-18,April
solar,Others,0.0,2017-18,August
solar,Others,0.0,2017-18,December
solar,Others,0.0,2017-18,February
solar,Others,0.0,2017-18,January
solar,Others,0.0,2017-18,July
solar,Others,0.0,2017-18,June
solar,Others,0.0,2017-18,March
solar,Others,0.0,2017-18,May
solar,Others,0.0,2017-18,November
solar,Others,0.0,2017-18,October
solar,Others,0.0,2017-18,September
solar,Others,0.0,2018-19,April
solar,Others,0.0,2018-19,August
solar,Others,0.0,2018-19,December
solar,Others,0.0,2018-19,February
solar,Others,0.0,2018-19,January
solar,Others,0.0,2018-19,July
solar,Others,0.0,2018-19,June
solar,Others,0.0,2018-19,March
solar,Others,0.0,2018-19,May
solar,Others,0.0,2018-19,November
solar,Others,0.0,2018-19,October
solar,Others,0.0,2018-19,September
solar,Others,0.0,2019-20,April
solar,Others,0.0,2019-20,August
solar,Others,0.0,2019-20,December
solar,Others,0.0,2019-20,February
solar,Others,0.0,2019-20,January
solar,Others,0.0,2019-20,July
solar,Others,0.0,2019-20,June
solar,Others,0.0,2019-20,March
solar,Others,0.0,2019-20,May
solar,Others,0.0,2019-20,November
solar,Others,0.0,2019-20,October
solar,Others,0.0,2019-20,September
solar,Others,0.0,2020-21,April
solar,Others,0.0,2020-21,August
solar,Others,0.0,2020-21,December
solar,Others,0.0,2020-21,February
solar,Others,0.0,2020-21,January
solar,Others,0.0,2020-21,July
solar,Others,0.0,2020-21,June
solar,Others,0.0,2020-21,March
solar,Others,0.0,2020-21,May
solar,Others,0.0,2020-21,November
solar,Others,0.0,2020-21,October
solar,Others,0.0,2020-21,September
solar,Others,0.0,2021-22,April
solar,Others,0.0,2021-22,August
solar,Others,0.0,2021-22,December
solar,Others,0.0,2021-22,February
solar,Others,0.0,2021-22,January
solar,Others,0.0,2021-22,July
solar,Others,0.0,2021-22,June
solar,Others,0.0,2021-22,March
solar,Others,0.0,2021-22,May
solar,Others,0.0,2021-22,November
solar,Others,0.0,2021-22,October
solar,Others,0.0,2021-22,September
solar,Others,0.0,2022-23,April
solar,Others,0.0,2022-23,August
solar,Others,0.0,2022-23,December
solar,Others,0.0,2022-23,February
solar,Others,0.0,2022-23,January
solar,Others,0.0,2022-23,July
solar,Others,0.0,2022-23,June
solar,Others,0.0,2022-23,March
solar,Others,0.0,2022-23,May
solar,Others,0.0,2022-23,November
solar,Others,0.0,2022-23,October
solar,Others,0.0,2022-23,September
solar,Others,0.0,2023-24,April
solar,Others,0.0,2023-24,August
solar,Others,0.0,2023-24,December
solar,Others,0.0,2023-24,February
solar,Others,0.0,2023-24,January
solar,Others,0.0,2023-24,July
solar,Others,0.0,2023-24,June
solar,Others,0.0,2023-24,March
solar,Others,0.0,2023-24,May
solar,Others,0.0,2023-24,November
solar,Others,0.0,2023-24,October
solar,Others,0.0,2023-24,September
solar,Others,0.0,2024-25,April
solar,Others,0.0,2024-25,August
solar,Others,0.0,2024-25,December
solar,Others,0.0,2024-25,February
solar,Others,0.0,2024-25,January
solar,Others,0.0,2024-25,July
solar,Others,0.0,2024-25,June
solar,Others,0.0,2024-25,March
solar,Others,0.0,2024-25,May
solar,Others,0.0,2024-25,November
solar,Others,0.0,2024-25,October
solar,Others,0.0,2024-25,September
solar,Others,0.0,2025-26,April
solar,Others,0.0,2025-26,August
solar,Others,0.0,2025-26,December
solar,Others,0.0,2025-26,February
solar,Others,0.0,2025-26,January
solar,Others,0.0,2025-26,July
solar,Others,0.0,2025-26,June
solar,Others,0.0,2025-26,March
solar,Others,0.0,2025-26,May
solar,Others,0.0,2025-26,November
solar,Others,0.0,2025-26,October
solar,Others,0.0,2025-26,September
solar,Others,0.0,2026-27,April
solar,Others,0.0,2026-27,August
solar,Others,0.0,2026-27,December
solar,Others,0.0,2026-27,February
solar,Others,0.0,2026-27,January
solar,Others,0.0,2026-27,July
solar,Others,0.0,2026-27,June
solar,Others,0.0,2026-27,March
solar,Others,0.0,2026-27,May
solar,Others,0.0,2026-27,November
solar,Others,0.0,2026-27,October
solar,Others,0.0,2026-27,September
solar,Puducherry,0.0,2015-16,April
solar,Puducherry,0.02,2015-16,August
solar,Puducherry,0.0,2015-16,December
solar,Puducherry,0.0,2015-16,February
solar,Puducherry,0.0,2015-16,January
solar,Puducherry,0.0,2015-16,July
solar,Puducherry,0.0,2015-16,June
solar,Puducherry,0.0,2015-16,March
solar,Puducherry,0.0,2015-16,May
solar,Puducherry,0.0,2015-16,November
solar,Puducherry,0.0,2015-16,October
solar,Puducherry,0.0,2015-16,September
solar,Puducherry,0.0,2016-17,April
solar,Puducherry,0.03,2016-17,August
solar,Puducherry,0.02,2016-17,December
solar,Puducherry,0.03,2016-17,February
solar,Puducherry,0.0,2016-17,January
solar,Puducherry,0.0,2016-17,July
solar,Puducherry,0.0,2016-17,June
solar,Puducherry,0.03,2016-17,March
solar,Puducherry,0.0,2016-17,May
solar,Puducherry,0.02,2016-17,November
solar,Puducherry,0.02,2016-17,October
solar,Puducherry,0.03,2016-17,September
solar,Puducherry,0.03,2017-18,April
solar,Puducherry,0.05,2017-18,August
solar,Puducherry,0.05,2017-18,December
solar,Puducherry,0.05,2017-18,February
solar,Puducherry,0.05,2017-18,January
solar,Puducherry,0.05,2017-18,July
solar,Puducherry,0.05,2017-18,June
solar,Puducherry,0.06,2017-18,March
solar,Puducherry,0.04,2017-18,May
solar,Puducherry,0.06,2017-18,November
solar,Puducherry,0.07,2017-18,October
solar,Puducherry,0.04,2017-18,September
solar,Puducherry,0.08,2018-19,April
solar,Puducherry,0.2,2018-19,August
solar,Puducherry,0.05,2018-19,December
solar,Puducherry,0.05,2018-19,February
solar,Puducherry,0.05,2018-19,January
solar,Puducherry,0.21,2018-19,July
solar,Puducherry,0.27,2018-19,June
solar,Puducherry,0.24,2018-19,March
solar,Puducherry,0.17,2018-19,May
solar,Puducherry,0.23,2018-19,November
solar,Puducherry,0.07,2018-19,October
solar,Puducherry,0.27,2018-19,September
solar,Puducherry,0.27,2019-20,April
solar,Puducherry,0.37,2019-20,August
solar,Puducherry,0.37,2019-20,December
solar,Puducherry,0.37,2019-20,February
solar,Puducherry,0.37,2019-20,January
solar,Puducherry,0.37,2019-20,July
solar,Puducherry,0.27,2019-20,June
solar,Puducherry,0.37,2019-20,March
solar,Puducherry,0.26,2019-20,May
solar,Puducherry,0.38,2019-20,November
solar,Puducherry,0.37,2019-20,October
solar,Puducherry,0.37,2019-20,September
solar,Puducherry,0.37,2020-21,April
solar,Puducherry,0.37,2020-21,August
solar,Puducherry,0.37,2020-21,December
solar,Puducherry,1.02,2020-21,February
solar,Puducherry,1.02,2020-21,January
solar,Puducherry,0.37,2020-21,July
solar,Puducherry,0.37,2020-21,June
solar,Puducherry,1.02,2020-21,March
solar,Puducherry,0.37,2020-21,May
solar,Puducherry,0.37,2020-21,November
solar,Puducherry,0.37,2020-21,October
solar,Puducherry,0.37,2020-21,September
solar,Puducherry,1.02,2021-22,April
solar,Puducherry,1.02,2021-22,August
solar,Puducherry,1.02,2021-22,December
solar,Puducherry,1.02,2021-22,February
solar,Puducherry,1.02,2021-22,January
solar,Puducherry,1.02,2021-22,July
solar,Puducherry,1.02,2021-22,June
solar,Puducherry,1.02,2021-22,March
solar,Puducherry,1.02,2021-22,May
solar,Puducherry,1.02,2021-22,November
solar,Puducherry,1.02,2021-22,October
solar,Puducherry,1.02,2021-22,September
solar,Puducherry,1.02,2022-23,April
solar,Puducherry,1.02,2022-23,August
solar,Puducherry,1.02,2022-23,December
solar,Puducherry,1.02,2022-23,February
solar,Puducherry,1.02,2022-23,January
solar,Puducherry,1.02,2022-23,July
solar,Puducherry,1.02,2022-23,June
solar,Puducherry,1.02,2022-23,March
solar,Puducherry,1.02,2022-23,May
solar,Puducherry,1.02,2022-23,November
solar,Puducherry,1.02,2022-23,October
solar,Puducherry,1.02,2022-23,September
solar,Puducherry,1.02,2023-24,April
solar,Puducherry,1.02,2023-24,August
solar,Puducherry,1.02,2023-24,December
solar,Puducherry,1.02,2023-24,February
solar,Puducherry,1.02,2023-24,January
solar,Puducherry,1.02,2023-24,July
solar,Puducherry,1.02,2023-24,June
solar,Puducherry,1.02,2023-24,March
solar,Puducherry,1.02,2023-24,May
solar,Puducherry,1.02,2023-24,November
solar,Puducherry,1.02,2023-24,October
solar,Puducherry,1.02,2023-24,September
solar,Puducherry,1.02,2024-25,April
solar,Puducherry,1.02,2024-25,August
solar,Puducherry,1.02,2024-25,December
solar,Puducherry,1.02,2024-25,February
solar,Puducherry,1.02,2024-25,January
solar,Puducherry,1.02,2024-25,July
solar,Puducherry,1.02,2024-25,June
solar,Puducherry,1.02,2024-25,March
solar,Puducherry,1.02,2024-25,May
solar,Puducherry,1.02,2024-25,November
solar,Puducherry,1.02,2024-25,October
solar,Puducherry,1.02,2024-25,September
solar,Puducherry,1.02,2025-26,April
solar,Puducherry,1.02,2025-26,August
solar,Puducherry,1.02,2025-26,December
solar,Puducherry,1.02,2025-26,February
solar,Puducherry,1.02,2025-26,January
solar,Puducherry,1.02,2025-26,July
solar,Puducherry,1.02,2025-26,June
solar,Puducherry,1.02,2025-26,March
solar,Puducherry,1.02,2025-26,May
solar,Puducherry,1.02,2025-26,November
solar,Puducherry,1.02,2025-26,October
solar,Puducherry,1.02,2025-26,September
solar,Puducherry,1.02,2026-27,April
solar,Puducherry,0.0,2026-27,August
solar,Puducherry,0.0,2026-27,December
solar,Puducherry,0.0,2026-27,February
solar,Puducherry,0.0,2026-27,January
solar,Puducherry,2.14,2026-27,July
solar,Puducherry,1.02,2026-27,June
solar,Puducherry,0.0,2026-27,March
solar,Puducherry,1.02,2026-27,May
solar,Puducherry,0.0,2026-27,November
solar,Puducherry,0.0,2026-27,October
solar,Puducherry,0.0,2026-27,September
solar,Punjab,29.64,2015-16,April
solar,Punjab,30.49,2015-16,August
solar,Punjab,24.04,2015-16,December
solar,Punjab,39.64,2015-16,February
solar,Punjab,19.53,2015-16,January
solar,Punjab,30.24,2015-16,July
solar,Punjab,32.36,2015-16,June
solar,Punjab,58.66,2015-16,March
solar,Punjab,31.02,2015-16,May
solar,Punjab,21.67,2015-16,November
solar,Punjab,31.61,2015-16,October
solar,Punjab,31.67,2015-16,September
solar,Punjab,65.34,2016-17,April
solar,Punjab,75.54,2016-17,August
solar,Punjab,59.81,2016-17,December
solar,Punjab,80.13,2016-17,February
solar,Punjab,59.08,2016-17,January
solar,Punjab,72.57,2016-17,July
solar,Punjab,65.4,2016-17,June
solar,Punjab,149.56,2016-17,March
solar,Punjab,56.82,2016-17,May
solar,Punjab,79.68,2016-17,November
solar,Punjab,66.15,2016-17,October
solar,Punjab,75.67,2016-17,September
solar,Punjab,123.85,2017-18,April
solar,Punjab,136.28,2017-18,August
solar,Punjab,81.08,2017-18,December
solar,Punjab,100.42,2017-18,February
solar,Punjab,100.38,2017-18,January
solar,Punjab,130.22,2017-18,July
solar,Punjab,129.44,2017-18,June
solar,Punjab,148.11,2017-18,March
solar,Punjab,134.31,2017-18,May
solar,Punjab,104.09,2017-18,November
solar,Punjab,132.49,2017-18,October
solar,Punjab,132.47,2017-18,September
solar,Punjab,149.55,2018-19,April
solar,Punjab,130.71,2018-19,August
solar,Punjab,98.04,2018-19,December
solar,Punjab,104.34,2018-19,February
solar,Punjab,94.35,2018-19,January
solar,Punjab,119.5,2018-19,July
solar,Punjab,180.25,2018-19,June
solar,Punjab,146.54,2018-19,March
solar,Punjab,135.42,2018-19,May
solar,Punjab,96.48,2018-19,November
solar,Punjab,117.84,2018-19,October
solar,Punjab,119.88,2018-19,September
solar,Punjab,141.73,2019-20,April
solar,Punjab,124.46,2019-20,August
solar,Punjab,55.39,2019-20,December
solar,Punjab,114.06,2019-20,February
solar,Punjab,82.46,2019-20,January
solar,Punjab,118.3,2019-20,July
solar,Punjab,145.13,2019-20,June
solar,Punjab,115.63,2019-20,March
solar,Punjab,152.2,2019-20,May
solar,Punjab,83.77,2019-20,November
solar,Punjab,109.38,2019-20,October
solar,Punjab,115.72,2019-20,September
solar,Punjab,137.98,2020-21,April
solar,Punjab,116.86,2020-21,August
solar,Punjab,81.52,2020-21,December
solar,Punjab,105.24,2020-21,February
solar,Punjab,74.1,2020-21,January
solar,Punjab,130.92,2020-21,July
solar,Punjab,128.87,2020-21,June
solar,Punjab,126.22,2020-21,March
solar,Punjab,135.24,2020-21,May
solar,Punjab,78.31,2020-21,November
solar,Punjab,122.08,2020-21,October
solar,Punjab,119.15,2020-21,September
solar,Punjab,144.27,2021-22,April
solar,Punjab,132.95,2021-22,August
solar,Punjab,108.59,2021-22,December
solar,Punjab,82.02,2021-22,February
solar,Punjab,82.02,2021-22,January
solar,Punjab,125.02,2021-22,July
solar,Punjab,137.92,2021-22,June
solar,Punjab,169.36,2021-22,March
solar,Punjab,129.36,2021-22,May
solar,Punjab,125.01,2021-22,November
solar,Punjab,125.01,2021-22,October
solar,Punjab,111.89,2021-22,September
solar,Punjab,165.42,2022-23,April
solar,Punjab,181.95,2022-23,August
solar,Punjab,240.87,2022-23,December
solar,Punjab,285.01,2022-23,February
solar,Punjab,245.95,2022-23,January
solar,Punjab,157.78,2022-23,July
solar,Punjab,198.87,2022-23,June
solar,Punjab,327.91,2022-23,March
solar,Punjab,188.22,2022-23,May
solar,Punjab,283.48,2022-23,November
solar,Punjab,283.48,2022-23,October
solar,Punjab,219.73,2022-23,September
solar,Punjab,338.65,2023-24,April
solar,Punjab,323.14,2023-24,August
solar,Punjab,73.7,2023-24,December
solar,Punjab,99.87,2023-24,February
solar,Punjab,38.65,2023-24,January
solar,Punjab,301.99,2023-24,July
solar,Punjab,326.67,2023-24,June
solar,Punjab,132.1,2023-24,March
solar,Punjab,351.81,2023-24,May
solar,Punjab,69.99,2023-24,November
solar,Punjab,303.59,2023-24,October
solar,Punjab,313.84,2023-24,September
solar,Punjab,127.54,2024-25,April
solar,Punjab,120.12,2024-25,August
solar,Punjab,80.13,2024-25,December
solar,Punjab,109.21,2024-25,February
solar,Punjab,90.25,2024-25,January
solar,Punjab,135.02,2024-25,July
solar,Punjab,120.67,2024-25,June
solar,Punjab,142.3,2024-25,March
solar,Punjab,136.17,2024-25,May
solar,Punjab,71.0,2024-25,November
solar,Punjab,123.58,2024-25,October
solar,Punjab,116.74,2024-25,September
solar,Punjab,139.89,2025-26,April
solar,Punjab,102.16,2025-26,August
solar,Punjab,84.86,2025-26,December
solar,Punjab,119.25,2025-26,February
solar,Punjab,77.07,2025-26,January
solar,Punjab,109.89,2025-26,July
solar,Punjab,121.14,2025-26,June
solar,Punjab,121.07,2025-26,March
solar,Punjab,142.98,2025-26,May
solar,Punjab,110.74,2025-26,November
solar,Punjab,110.74,2025-26,October
solar,Punjab,122.11,2025-26,September
solar,Punjab,140.01,2026-27,April
solar,Punjab,0.0,2026-27,August
solar,Punjab,0.0,2026-27,December
solar,Punjab,0.0,2026-27,February
solar,Punjab,0.0,2026-27,January
solar,Punjab,118.96,2026-27,July
solar,Punjab,135.83,2026-27,June
solar,Punjab,0.0,2026-27,March
solar,Punjab,138.54,2026-27,May
solar,Punjab,0.0,2026-27,November
solar,Punjab,0.0,2026-27,October
solar,Punjab,0.0,2026-27,September
solar,Rajasthan,111.89,2015-16,April
solar,Rajasthan,150.97,2015-16,August
solar,Rajasthan,148.17,2015-16,December
solar,Rajasthan,165.91,2015-16,February
solar,Rajasthan,146.64,2015-16,January
solar,Rajasthan,127.61,2015-16,July
solar,Rajasthan,126.3,2015-16,June
solar,Rajasthan,191.16,2015-16,March
solar,Rajasthan,128.48,2015-16,May
solar,Rajasthan,136.19,2015-16,November
solar,Rajasthan,172.87,2015-16,October
solar,Rajasthan,169.8,2015-16,September
solar,Rajasthan,201.36,2016-17,April
solar,Rajasthan,156.16,2016-17,August
solar,Rajasthan,164.19,2016-17,December
solar,Rajasthan,195.21,2016-17,February
solar,Rajasthan,144.96,2016-17,January
solar,Rajasthan,176.78,2016-17,July
solar,Rajasthan,184.36,2016-17,June
solar,Rajasthan,232.62,2016-17,March
solar,Rajasthan,199.88,2016-17,May
solar,Rajasthan,167.55,2016-17,November
solar,Rajasthan,186.71,2016-17,October
solar,Rajasthan,179.63,2016-17,September
solar,Rajasthan,261.66,2017-18,April
solar,Rajasthan,295.77,2017-18,August
solar,Rajasthan,323.45,2017-18,December
solar,Rajasthan,347.87,2017-18,February
solar,Rajasthan,364.51,2017-18,January
solar,Rajasthan,270.39,2017-18,July
solar,Rajasthan,287.54,2017-18,June
solar,Rajasthan,399.86,2017-18,March
solar,Rajasthan,316.11,2017-18,May
solar,Rajasthan,327.69,2017-18,November
solar,Rajasthan,385.72,2017-18,October
solar,Rajasthan,336.29,2017-18,September
solar,Rajasthan,393.31,2018-19,April
solar,Rajasthan,379.37,2018-19,August
solar,Rajasthan,356.83,2018-19,December
solar,Rajasthan,492.16,2018-19,February
solar,Rajasthan,322.38,2018-19,January
solar,Rajasthan,371.71,2018-19,July
solar,Rajasthan,355.5,2018-19,June
solar,Rajasthan,542.67,2018-19,March
solar,Rajasthan,412.49,2018-19,May
solar,Rajasthan,340.49,2018-19,November
solar,Rajasthan,393.88,2018-19,October
solar,Rajasthan,403.45,2018-19,September
solar,Rajasthan,527.89,2019-20,April
solar,Rajasthan,529.64,2019-20,August
solar,Rajasthan,657.74,2019-20,December
solar,Rajasthan,839.22,2019-20,February
solar,Rajasthan,701.08,2019-20,January
solar,Rajasthan,525.37,2019-20,July
solar,Rajasthan,609.74,2019-20,June
solar,Rajasthan,893.35,2019-20,March
solar,Rajasthan,609.27,2019-20,May
solar,Rajasthan,563.77,2019-20,November
solar,Rajasthan,702.47,2019-20,October
solar,Rajasthan,617.03,2019-20,September
solar,Rajasthan,899.43,2020-21,April
solar,Rajasthan,791.56,2020-21,August
solar,Rajasthan,797.88,2020-21,December
solar,Rajasthan,867.5,2020-21,February
solar,Rajasthan,801.05,2020-21,January
solar,Rajasthan,887.27,2020-21,July
solar,Rajasthan,905.55,2020-21,June
solar,Rajasthan,987.16,2020-21,March
solar,Rajasthan,962.36,2020-21,May
solar,Rajasthan,762.65,2020-21,November
solar,Rajasthan,886.46,2020-21,October
solar,Rajasthan,835.37,2020-21,September
solar,Rajasthan,1031.09,2021-22,April
solar,Rajasthan,1279.34,2021-22,August
solar,Rajasthan,1294.77,2021-22,December
solar,Rajasthan,2013.7,2021-22,February
solar,Rajasthan,1756.63,2021-22,January
solar,Rajasthan,1121.04,2021-22,July
solar,Rajasthan,1119.77,2021-22,June
solar,Rajasthan,2469.9,2021-22,March
solar,Rajasthan,1036.04,2021-22,May
solar,Rajasthan,1375.56,2021-22,November
solar,Rajasthan,1555.77,2021-22,October
solar,Rajasthan,1166.27,2021-22,September
solar,Rajasthan,2589.56,2022-23,April
solar,Rajasthan,2555.92,2022-23,August
solar,Rajasthan,2840.35,2022-23,December
solar,Rajasthan,2999.11,2022-23,February
solar,Rajasthan,2983.92,2022-23,January
solar,Rajasthan,2431.45,2022-23,July
solar,Rajasthan,2822.97,2022-23,June
solar,Rajasthan,3371.18,2022-23,March
solar,Rajasthan,2920.32,2022-23,May
solar,Rajasthan,2739.45,2022-23,November
solar,Rajasthan,3170.3,2022-23,October
solar,Rajasthan,3049.9,2022-23,September
solar,Rajasthan,3395.19,2023-24,April
solar,Rajasthan,3063.64,2023-24,August
solar,Rajasthan,2900.31,2023-24,December
solar,Rajasthan,3292.16,2023-24,February
solar,Rajasthan,2767.32,2023-24,January
solar,Rajasthan,3152.47,2023-24,July
solar,Rajasthan,3324.99,2023-24,June
solar,Rajasthan,4030.83,2023-24,March
solar,Rajasthan,3499.54,2023-24,May
solar,Rajasthan,2405.77,2023-24,November
solar,Rajasthan,3267.98,2023-24,October
solar,Rajasthan,3265.01,2023-24,September
solar,Rajasthan,3956.09,2024-25,April
solar,Rajasthan,3290.37,2024-25,August
solar,Rajasthan,3702.04,2024-25,December
solar,Rajasthan,3769.24,2024-25,February
solar,Rajasthan,3854.0,2024-25,January
solar,Rajasthan,4147.31,2024-25,July
solar,Rajasthan,4239.95,2024-25,June
solar,Rajasthan,5529.16,2024-25,March
solar,Rajasthan,4511.61,2024-25,May
solar,Rajasthan,3853.68,2024-25,November
solar,Rajasthan,4278.62,2024-25,October
solar,Rajasthan,3969.55,2024-25,September
solar,Rajasthan,5687.92,2025-26,April
solar,Rajasthan,4790.67,2025-26,August
solar,Rajasthan,4564.38,2025-26,December
solar,Rajasthan,5399.49,2025-26,February
solar,Rajasthan,4955.93,2025-26,January
solar,Rajasthan,4631.38,2025-26,July
solar,Rajasthan,4875.69,2025-26,June
solar,Rajasthan,5694.19,2025-26,March
solar,Rajasthan,5351.68,2025-26,May
solar,Rajasthan,4418.51,2025-26,November
solar,Rajasthan,4597.43,2025-26,October
solar,Rajasthan,4953.92,2025-26,September
solar,Rajasthan,6201.69,2026-27,April
solar,Rajasthan,0.0,2026-27,August
solar,Rajasthan,0.0,2026-27,December
solar,Rajasthan,0.0,2026-27,February
solar,Rajasthan,0.0,2026-27,January
solar,Rajasthan,6315.65,2026-27,July
solar,Rajasthan,6450.2,2026-27,June
solar,Rajasthan,0.0,2026-27,March
solar,Rajasthan,6767.1,2026-27,May
solar,Rajasthan,0.0,2026-27,November
solar,Rajasthan,0.0,2026-27,October
solar,Rajasthan,0.0,2026-27,September
solar,Sikkim,0.0,2015-16,April
solar,Sikkim,0.0,2015-16,August
solar,Sikkim,0.0,2015-16,December
solar,Sikkim,0.0,2015-16,February
solar,Sikkim,0.0,2015-16,January
solar,Sikkim,0.0,2015-16,July
solar,Sikkim,0.0,2015-16,June
solar,Sikkim,0.0,2015-16,March
solar,Sikkim,0.0,2015-16,May
solar,Sikkim,0.0,2015-16,November
solar,Sikkim,0.0,2015-16,October
solar,Sikkim,0.0,2015-16,September
solar,Sikkim,0.0,2016-17,April
solar,Sikkim,0.0,2016-17,August
solar,Sikkim,0.0,2016-17,December
solar,Sikkim,0.0,2016-17,February
solar,Sikkim,0.0,2016-17,January
solar,Sikkim,0.0,2016-17,July
solar,Sikkim,0.0,2016-17,June
solar,Sikkim,0.0,2016-17,March
solar,Sikkim,0.0,2016-17,May
solar,Sikkim,0.0,2016-17,November
solar,Sikkim,0.0,2016-17,October
solar,Sikkim,0.0,2016-17,September
solar,Sikkim,0.0,2017-18,April
solar,Sikkim,0.0,2017-18,August
solar,Sikkim,0.0,2017-18,December
solar,Sikkim,0.0,2017-18,February
solar,Sikkim,0.0,2017-18,January
solar,Sikkim,0.0,2017-18,July
solar,Sikkim,0.0,2017-18,June
solar,Sikkim,0.0,2017-18,March
solar,Sikkim,0.0,2017-18,May
solar,Sikkim,0.0,2017-18,November
solar,Sikkim,0.0,2017-18,October
solar,Sikkim,0.0,2017-18,September
solar,Sikkim,0.0,2018-19,April
solar,Sikkim,0.0,2018-19,August
solar,Sikkim,0.0,2018-19,December
solar,Sikkim,0.0,2018-19,February
solar,Sikkim,0.0,2018-19,January
solar,Sikkim,0.0,2018-19,July
solar,Sikkim,0.0,2018-19,June
solar,Sikkim,0.0,2018-19,March
solar,Sikkim,0.0,2018-19,May
solar,Sikkim,0.0,2018-19,November
solar,Sikkim,0.0,2018-19,October
solar,Sikkim,0.0,2018-19,September
solar,Sikkim,0.0,2019-20,April
solar,Sikkim,0.0,2019-20,August
solar,Sikkim,0.0,2019-20,December
solar,Sikkim,0.0,2019-20,February
solar,Sikkim,0.0,2019-20,January
solar,Sikkim,0.0,2019-20,July
solar,Sikkim,0.0,2019-20,June
solar,Sikkim,0.0,2019-20,March
solar,Sikkim,0.0,2019-20,May
solar,Sikkim,0.0,2019-20,November
solar,Sikkim,0.0,2019-20,October
solar,Sikkim,0.0,2019-20,September
solar,Sikkim,0.0,2020-21,April
solar,Sikkim,0.0,2020-21,August
solar,Sikkim,0.0,2020-21,December
solar,Sikkim,0.0,2020-21,February
solar,Sikkim,0.0,2020-21,January
solar,Sikkim,0.0,2020-21,July
solar,Sikkim,0.0,2020-21,June
solar,Sikkim,0.0,2020-21,March
solar,Sikkim,0.0,2020-21,May
solar,Sikkim,0.0,2020-21,November
solar,Sikkim,0.0,2020-21,October
solar,Sikkim,0.0,2020-21,September
solar,Sikkim,0.0,2021-22,April
solar,Sikkim,0.0,2021-22,August
solar,Sikkim,0.0,2021-22,December
solar,Sikkim,0.0,2021-22,February
solar,Sikkim,0.0,2021-22,January
solar,Sikkim,0.0,2021-22,July
solar,Sikkim,0.0,2021-22,June
solar,Sikkim,0.0,2021-22,March
solar,Sikkim,0.0,2021-22,May
solar,Sikkim,0.0,2021-22,November
solar,Sikkim,0.0,2021-22,October
solar,Sikkim,0.0,2021-22,September
solar,Sikkim,0.0,2022-23,April
solar,Sikkim,0.0,2022-23,August
solar,Sikkim,0.0,2022-23,December
solar,Sikkim,0.0,2022-23,February
solar,Sikkim,0.0,2022-23,January
solar,Sikkim,0.0,2022-23,July
solar,Sikkim,0.0,2022-23,June
solar,Sikkim,0.0,2022-23,March
solar,Sikkim,0.0,2022-23,May
solar,Sikkim,0.0,2022-23,November
solar,Sikkim,0.0,2022-23,October
solar,Sikkim,0.0,2022-23,September
solar,Sikkim,0.0,2023-24,April
solar,Sikkim,0.0,2023-24,August
solar,Sikkim,0.0,2023-24,December
solar,Sikkim,0.0,2023-24,February
solar,Sikkim,0.0,2023-24,January
solar,Sikkim,0.0,2023-24,July
solar,Sikkim,0.0,2023-24,June
solar,Sikkim,0.0,2023-24,March
solar,Sikkim,0.0,2023-24,May
solar,Sikkim,0.0,2023-24,November
solar,Sikkim,0.0,2023-24,October
solar,Sikkim,0.0,2023-24,September
solar,Sikkim,0.0,2024-25,April
solar,Sikkim,0.0,2024-25,August
solar,Sikkim,0.0,2024-25,December
solar,Sikkim,0.0,2024-25,February
solar,Sikkim,0.0,2024-25,January
solar,Sikkim,0.0,2024-25,July
solar,Sikkim,0.0,2024-25,June
solar,Sikkim,0.0,2024-25,March
solar,Sikkim,0.0,2024-25,May
solar,Sikkim,0.0,2024-25,November
solar,Sikkim,0.0,2024-25,October
solar,Sikkim,0.0,2024-25,September
solar,Sikkim,0.0,2025-26,April
solar,Sikkim,0.0,2025-26,August
solar,Sikkim,0.0,2025-26,December
solar,Sikkim,0.0,2025-26,February
solar,Sikkim,0.0,2025-26,January
solar,Sikkim,0.0,2025-26,July
solar,Sikkim,0.0,2025-26,June
solar,Sikkim,0.0,2025-26,March
solar,Sikkim,0.0,2025-26,May
solar,Sikkim,0.0,2025-26,November
solar,Sikkim,0.0,2025-26,October
solar,Sikkim,0.0,2025-26,September
solar,Sikkim,0.0,2026-27,April
solar,Sikkim,0.0,2026-27,August
solar,Sikkim,0.0,2026-27,December
solar,Sikkim,0.0,2026-27,February
solar,Sikkim,0.0,2026-27,January
solar,Sikkim,0.0,2026-27,July
solar,Sikkim,0.0,2026-27,June
solar,Sikkim,0.0,2026-27,March
solar,Sikkim,0.0,2026-27,May
solar,Sikkim,0.0,2026-27,November
solar,Sikkim,0.0,2026-27,October
solar,Sikkim,0.0,2026-27,September
solar,Tamil Nadu,18.38,2015-16,April
solar,Tamil Nadu,21.98,2015-16,August
solar,Tamil Nadu,42.02,2015-16,December
solar,Tamil Nadu,71.65,2015-16,February
solar,Tamil Nadu,57.11,2015-16,January
solar,Tamil Nadu,19.46,2015-16,July
solar,Tamil Nadu,18.5,2015-16,June
solar,Tamil Nadu,149.31,2015-16,March
solar,Tamil Nadu,17.18,2015-16,May
solar,Tamil Nadu,34.99,2015-16,November
solar,Tamil Nadu,35.34,2015-16,October
solar,Tamil Nadu,21.25,2015-16,September
solar,Tamil Nadu,130.04,2016-17,April
solar,Tamil Nadu,143.48,2016-17,August
solar,Tamil Nadu,168.17,2016-17,December
solar,Tamil Nadu,196.87,2016-17,February
solar,Tamil Nadu,184.74,2016-17,January
solar,Tamil Nadu,123.15,2016-17,July
solar,Tamil Nadu,111.87,2016-17,June
solar,Tamil Nadu,223.6,2016-17,March
solar,Tamil Nadu,130.42,2016-17,May
solar,Tamil Nadu,152.68,2016-17,November
solar,Tamil Nadu,187.0,2016-17,October
solar,Tamil Nadu,146.34,2016-17,September
solar,Tamil Nadu,233.17,2017-18,April
solar,Tamil Nadu,205.78,2017-18,August
solar,Tamil Nadu,202.01,2017-18,December
solar,Tamil Nadu,328.0,2017-18,February
solar,Tamil Nadu,274.13,2017-18,January
solar,Tamil Nadu,200.0,2017-18,July
solar,Tamil Nadu,228.34,2017-18,June
solar,Tamil Nadu,319.0,2017-18,March
solar,Tamil Nadu,238.43,2017-18,May
solar,Tamil Nadu,208.42,2017-18,November
solar,Tamil Nadu,237.13,2017-18,October
solar,Tamil Nadu,231.6,2017-18,September
solar,Tamil Nadu,254.04,2018-19,April
solar,Tamil Nadu,281.18,2018-19,August
solar,Tamil Nadu,301.66,2018-19,December
solar,Tamil Nadu,322.43,2018-19,February
solar,Tamil Nadu,326.8,2018-19,January
solar,Tamil Nadu,272.75,2018-19,July
solar,Tamil Nadu,312.0,2018-19,June
solar,Tamil Nadu,381.32,2018-19,March
solar,Tamil Nadu,268.37,2018-19,May
solar,Tamil Nadu,258.88,2018-19,November
solar,Tamil Nadu,259.06,2018-19,October
solar,Tamil Nadu,316.03,2018-19,September
solar,Tamil Nadu,400.11,2019-20,April
solar,Tamil Nadu,409.2,2019-20,August
solar,Tamil Nadu,374.78,2019-20,December
solar,Tamil Nadu,482.24,2019-20,February
solar,Tamil Nadu,439.66,2019-20,January
solar,Tamil Nadu,374.75,2019-20,July
solar,Tamil Nadu,386.05,2019-20,June
solar,Tamil Nadu,594.48,2019-20,March
solar,Tamil Nadu,367.71,2019-20,May
solar,Tamil Nadu,322.09,2019-20,November
solar,Tamil Nadu,398.71,2019-20,October
solar,Tamil Nadu,396.85,2019-20,September
solar,Tamil Nadu,516.29,2020-21,April
solar,Tamil Nadu,536.89,2020-21,August
solar,Tamil Nadu,403.76,2020-21,December
solar,Tamil Nadu,586.65,2020-21,February
solar,Tamil Nadu,437.49,2020-21,January
solar,Tamil Nadu,506.61,2020-21,July
solar,Tamil Nadu,512.3,2020-21,June
solar,Tamil Nadu,654.88,2020-21,March
solar,Tamil Nadu,520.17,2020-21,May
solar,Tamil Nadu,444.85,2020-21,November
solar,Tamil Nadu,539.9,2020-21,October
solar,Tamil Nadu,455.7,2020-21,September
solar,Tamil Nadu,591.63,2021-22,April
solar,Tamil Nadu,613.1,2021-22,August
solar,Tamil Nadu,596.74,2021-22,December
solar,Tamil Nadu,623.6,2021-22,February
solar,Tamil Nadu,596.74,2021-22,January
solar,Tamil Nadu,607.24,2021-22,July
solar,Tamil Nadu,609.73,2021-22,June
solar,Tamil Nadu,763.9,2021-22,March
solar,Tamil Nadu,581.75,2021-22,May
solar,Tamil Nadu,400.7,2021-22,November
solar,Tamil Nadu,542.54,2021-22,October
solar,Tamil Nadu,645.21,2021-22,September
solar,Tamil Nadu,701.01,2022-23,April
solar,Tamil Nadu,760.95,2022-23,August
solar,Tamil Nadu,719.09,2022-23,December
solar,Tamil Nadu,911.0,2022-23,February
solar,Tamil Nadu,876.68,2022-23,January
solar,Tamil Nadu,731.17,2022-23,July
solar,Tamil Nadu,728.6,2022-23,June
solar,Tamil Nadu,1002.66,2022-23,March
solar,Tamil Nadu,730.91,2022-23,May
solar,Tamil Nadu,663.18,2022-23,November
solar,Tamil Nadu,754.99,2022-23,October
solar,Tamil Nadu,839.18,2022-23,September
solar,Tamil Nadu,970.18,2023-24,April
solar,Tamil Nadu,1129.24,2023-24,August
solar,Tamil Nadu,751.15,2023-24,December
solar,Tamil Nadu,1090.68,2023-24,February
solar,Tamil Nadu,935.73,2023-24,January
solar,Tamil Nadu,973.37,2023-24,July
solar,Tamil Nadu,969.11,2023-24,June
solar,Tamil Nadu,1242.66,2023-24,March
solar,Tamil Nadu,922.32,2023-24,May
solar,Tamil Nadu,774.15,2023-24,November
solar,Tamil Nadu,971.2,2023-24,October
solar,Tamil Nadu,1007.69,2023-24,September
solar,Tamil Nadu,1291.09,2024-25,April
solar,Tamil Nadu,1365.78,2024-25,August
solar,Tamil Nadu,1165.04,2024-25,December
solar,Tamil Nadu,1705.46,2024-25,February
solar,Tamil Nadu,1223.51,2024-25,January
solar,Tamil Nadu,1241.93,2024-25,July
solar,Tamil Nadu,1220.11,2024-25,June
solar,Tamil Nadu,1603.08,2024-25,March
solar,Tamil Nadu,1163.64,2024-25,May
solar,Tamil Nadu,1007.56,2024-25,November
solar,Tamil Nadu,1283.71,2024-25,October
solar,Tamil Nadu,1468.38,2024-25,September
solar,Tamil Nadu,1571.11,2025-26,April
solar,Tamil Nadu,1666.14,2025-26,August
solar,Tamil Nadu,1630.79,2025-26,December
solar,Tamil Nadu,1745.24,2025-26,February
solar,Tamil Nadu,1683.11,2025-26,January
solar,Tamil Nadu,1608.26,2025-26,July
solar,Tamil Nadu,1590.65,2025-26,June
solar,Tamil Nadu,2186.02,2025-26,March
solar,Tamil Nadu,1557.84,2025-26,May
solar,Tamil Nadu,1291.18,2025-26,November
solar,Tamil Nadu,1494.83,2025-26,October
solar,Tamil Nadu,1665.81,2025-26,September
solar,Tamil Nadu,2128.0,2026-27,April
solar,Tamil Nadu,0.0,2026-27,August
solar,Tamil Nadu,0.0,2026-27,December
solar,Tamil Nadu,0.0,2026-27,February
solar,Tamil Nadu,0.0,2026-27,January
solar,Tamil Nadu,1861.64,2026-27,July
solar,Tamil Nadu,2165.72,2026-27,June
solar,Tamil Nadu,0.0,2026-27,March
solar,Tamil Nadu,2075.53,2026-27,May
solar,Tamil Nadu,0.0,2026-27,November
solar,Tamil Nadu,0.0,2026-27,October
solar,Tamil Nadu,0.0,2026-27,September
solar,Telangana,23.57,2015-16,April
solar,Telangana,25.46,2015-16,August
solar,Telangana,40.53,2015-16,December
solar,Telangana,42.99,2015-16,February
solar,Telangana,42.56,2015-16,January
solar,Telangana,29.38,2015-16,July
solar,Telangana,21.91,2015-16,June
solar,Telangana,58.4,2015-16,March
solar,Telangana,28.54,2015-16,May
solar,Telangana,35.78,2015-16,November
solar,Telangana,36.42,2015-16,October
solar,Telangana,33.01,2015-16,September
solar,Telangana,70.9,2016-17,April
solar,Telangana,98.89,2016-17,August
solar,Telangana,126.13,2016-17,December
solar,Telangana,163.88,2016-17,February
solar,Telangana,134.64,2016-17,January
solar,Telangana,77.79,2016-17,July
solar,Telangana,61.52,2016-17,June
solar,Telangana,216.18,2016-17,March
solar,Telangana,76.52,2016-17,May
solar,Telangana,125.85,2016-17,November
solar,Telangana,121.43,2016-17,October
solar,Telangana,79.1,2016-17,September
solar,Telangana,205.95,2017-18,April
solar,Telangana,231.23,2017-18,August
solar,Telangana,438.55,2017-18,December
solar,Telangana,480.01,2017-18,February
solar,Telangana,479.86,2017-18,January
solar,Telangana,223.71,2017-18,July
solar,Telangana,200.81,2017-18,June
solar,Telangana,559.17,2017-18,March
solar,Telangana,213.08,2017-18,May
solar,Telangana,385.47,2017-18,November
solar,Telangana,333.73,2017-18,October
solar,Telangana,278.66,2017-18,September
solar,Telangana,558.91,2018-19,April
solar,Telangana,394.19,2018-19,August
solar,Telangana,463.34,2018-19,December
solar,Telangana,575.78,2018-19,February
solar,Telangana,560.91,2018-19,January
solar,Telangana,400.65,2018-19,July
solar,Telangana,495.12,2018-19,June
solar,Telangana,644.21,2018-19,March
solar,Telangana,579.03,2018-19,May
solar,Telangana,540.15,2018-19,November
solar,Telangana,584.19,2018-19,October
solar,Telangana,517.78,2018-19,September
solar,Telangana,607.54,2019-20,April
solar,Telangana,458.38,2019-20,August
solar,Telangana,471.75,2019-20,December
solar,Telangana,570.24,2019-20,February
solar,Telangana,530.77,2019-20,January
solar,Telangana,462.41,2019-20,July
solar,Telangana,540.91,2019-20,June
solar,Telangana,649.94,2019-20,March
solar,Telangana,621.89,2019-20,May
solar,Telangana,512.27,2019-20,November
solar,Telangana,417.72,2019-20,October
solar,Telangana,420.1,2019-20,September
solar,Telangana,590.56,2020-21,April
solar,Telangana,402.55,2020-21,August
solar,Telangana,585.99,2020-21,December
solar,Telangana,571.38,2020-21,February
solar,Telangana,539.21,2020-21,January
solar,Telangana,482.0,2020-21,July
solar,Telangana,502.21,2020-21,June
solar,Telangana,654.41,2020-21,March
solar,Telangana,627.79,2020-21,May
solar,Telangana,511.79,2020-21,November
solar,Telangana,441.57,2020-21,October
solar,Telangana,441.57,2020-21,September
solar,Telangana,602.24,2021-22,April
solar,Telangana,478.74,2021-22,August
solar,Telangana,538.87,2021-22,December
solar,Telangana,616.66,2021-22,February
solar,Telangana,568.9,2021-22,January
solar,Telangana,438.12,2021-22,July
solar,Telangana,522.44,2021-22,June
solar,Telangana,671.68,2021-22,March
solar,Telangana,620.61,2021-22,May
solar,Telangana,429.2,2021-22,November
solar,Telangana,570.74,2021-22,October
solar,Telangana,478.74,2021-22,September
solar,Telangana,601.94,2022-23,April
solar,Telangana,500.5,2022-23,August
solar,Telangana,525.48,2022-23,December
solar,Telangana,642.13,2022-23,February
solar,Telangana,625.68,2022-23,January
solar,Telangana,412.77,2022-23,July
solar,Telangana,559.28,2022-23,June
solar,Telangana,674.93,2022-23,March
solar,Telangana,628.04,2022-23,May
solar,Telangana,555.29,2022-23,November
solar,Telangana,540.86,2022-23,October
solar,Telangana,478.56,2022-23,September
solar,Telangana,634.38,2023-24,April
solar,Telangana,542.53,2023-24,August
solar,Telangana,539.06,2023-24,December
solar,Telangana,630.73,2023-24,February
solar,Telangana,574.68,2023-24,January
solar,Telangana,417.62,2023-24,July
solar,Telangana,612.91,2023-24,June
solar,Telangana,690.4,2023-24,March
solar,Telangana,662.08,2023-24,May
solar,Telangana,476.53,2023-24,November
solar,Telangana,639.91,2023-24,October
solar,Telangana,463.85,2023-24,September
solar,Telangana,644.62,2024-25,April
solar,Telangana,520.46,2024-25,August
solar,Telangana,491.86,2024-25,December
solar,Telangana,633.45,2024-25,February
solar,Telangana,642.89,2024-25,January
solar,Telangana,416.78,2024-25,July
solar,Telangana,563.67,2024-25,June
solar,Telangana,722.9,2024-25,March
solar,Telangana,680.23,2024-25,May
solar,Telangana,569.05,2024-25,November
solar,Telangana,562.36,2024-25,October
solar,Telangana,493.49,2024-25,September
solar,Telangana,648.28,2025-26,April
solar,Telangana,473.65,2025-26,August
solar,Telangana,632.15,2025-26,December
solar,Telangana,604.03,2025-26,February
solar,Telangana,603.27,2025-26,January
solar,Telangana,476.19,2025-26,July
solar,Telangana,558.99,2025-26,June
solar,Telangana,715.14,2025-26,March
solar,Telangana,622.02,2025-26,May
solar,Telangana,591.64,2025-26,November
solar,Telangana,531.28,2025-26,October
solar,Telangana,463.9,2025-26,September
solar,Telangana,721.22,2026-27,April
solar,Telangana,0.0,2026-27,August
solar,Telangana,0.0,2026-27,December
solar,Telangana,0.0,2026-27,February
solar,Telangana,0.0,2026-27,January
solar,Telangana,565.86,2026-27,July
solar,Telangana,741.71,2026-27,June
solar,Telangana,0.0,2026-27,March
solar,Telangana,744.0,2026-27,May
solar,Telangana,0.0,2026-27,November
solar,Telangana,0.0,2026-27,October
solar,Telangana,0.0,2026-27,September
solar,Tripura,0.49,2015-16,April
solar,Tripura,0.44,2015-16,August
solar,Tripura,0.38,2015-16,December
solar,Tripura,0.51,2015-16,February
solar,Tripura,0.54,2015-16,January
solar,Tripura,0.35,2015-16,July
solar,Tripura,0.42,2015-16,June
solar,Tripura,0.59,2015-16,March
solar,Tripura,0.55,2015-16,May
solar,Tripura,0.63,2015-16,November
solar,Tripura,0.57,2015-16,October
solar,Tripura,0.57,2015-16,September
solar,Tripura,0.56,2016-17,April
solar,Tripura,0.43,2016-17,August
solar,Tripura,0.64,2016-17,December
solar,Tripura,0.62,2016-17,February
solar,Tripura,0.69,2016-17,January
solar,Tripura,0.39,2016-17,July
solar,Tripura,0.58,2016-17,June
solar,Tripura,0.62,2016-17,March
solar,Tripura,0.5,2016-17,May
solar,Tripura,0.64,2016-17,November
solar,Tripura,0.64,2016-17,October
solar,Tripura,0.58,2016-17,September
solar,Tripura,0.54,2017-18,April
solar,Tripura,0.49,2017-18,August
solar,Tripura,0.59,2017-18,December
solar,Tripura,0.55,2017-18,February
solar,Tripura,0.57,2017-18,January
solar,Tripura,0.43,2017-18,July
solar,Tripura,0.49,2017-18,June
solar,Tripura,0.66,2017-18,March
solar,Tripura,0.63,2017-18,May
solar,Tripura,0.67,2017-18,November
solar,Tripura,0.61,2017-18,October
solar,Tripura,0.49,2017-18,September
solar,Tripura,0.6,2018-19,April
solar,Tripura,0.57,2018-19,August
solar,Tripura,0.56,2018-19,December
solar,Tripura,0.6,2018-19,February
solar,Tripura,0.69,2018-19,January
solar,Tripura,0.55,2018-19,July
solar,Tripura,0.5,2018-19,June
solar,Tripura,0.69,2018-19,March
solar,Tripura,0.6,2018-19,May
solar,Tripura,0.68,2018-19,November
solar,Tripura,0.56,2018-19,October
solar,Tripura,0.54,2018-19,September
solar,Tripura,0.61,2019-20,April
solar,Tripura,0.0,2019-20,August
solar,Tripura,0.02,2019-20,December
solar,Tripura,0.52,2019-20,February
solar,Tripura,0.01,2019-20,January
solar,Tripura,0.51,2019-20,July
solar,Tripura,0.54,2019-20,June
solar,Tripura,0.52,2019-20,March
solar,Tripura,0.67,2019-20,May
solar,Tripura,0.01,2019-20,November
solar,Tripura,0.02,2019-20,October
solar,Tripura,0.0,2019-20,September
solar,Tripura,0.47,2020-21,April
solar,Tripura,0.5,2020-21,August
solar,Tripura,0.61,2020-21,December
solar,Tripura,0.47,2020-21,February
solar,Tripura,0.54,2020-21,January
solar,Tripura,0.49,2020-21,July
solar,Tripura,0.32,2020-21,June
solar,Tripura,0.53,2020-21,March
solar,Tripura,0.78,2020-21,May
solar,Tripura,0.49,2020-21,November
solar,Tripura,0.34,2020-21,October
solar,Tripura,0.49,2020-21,September
solar,Tripura,0.52,2021-22,April
solar,Tripura,0.34,2021-22,August
solar,Tripura,0.57,2021-22,December
solar,Tripura,0.57,2021-22,February
solar,Tripura,0.57,2021-22,January
solar,Tripura,0.37,2021-22,July
solar,Tripura,0.57,2021-22,June
solar,Tripura,0.57,2021-22,March
solar,Tripura,0.57,2021-22,May
solar,Tripura,0.57,2021-22,November
solar,Tripura,0.46,2021-22,October
solar,Tripura,0.51,2021-22,September
solar,Tripura,0.59,2022-23,April
solar,Tripura,0.56,2022-23,August
solar,Tripura,0.55,2022-23,December
solar,Tripura,0.54,2022-23,February
solar,Tripura,0.54,2022-23,January
solar,Tripura,0.54,2022-23,July
solar,Tripura,0.37,2022-23,June
solar,Tripura,0.54,2022-23,March
solar,Tripura,0.53,2022-23,May
solar,Tripura,0.64,2022-23,November
solar,Tripura,0.64,2022-23,October
solar,Tripura,0.51,2022-23,September
solar,Tripura,0.54,2023-24,April
solar,Tripura,0.28,2023-24,August
solar,Tripura,0.49,2023-24,December
solar,Tripura,0.53,2023-24,February
solar,Tripura,0.4,2023-24,January
solar,Tripura,0.49,2023-24,July
solar,Tripura,0.4,2023-24,June
solar,Tripura,0.58,2023-24,March
solar,Tripura,0.54,2023-24,May
solar,Tripura,0.05,2023-24,November
solar,Tripura,0.51,2023-24,October
solar,Tripura,0.28,2023-24,September
solar,Tripura,0.56,2024-25,April
solar,Tripura,0.4,2024-25,August
solar,Tripura,0.52,2024-25,December
solar,Tripura,0.49,2024-25,February
solar,Tripura,0.49,2024-25,January
solar,Tripura,0.5,2024-25,July
solar,Tripura,0.41,2024-25,June
solar,Tripura,0.61,2024-25,March
solar,Tripura,0.51,2024-25,May
solar,Tripura,0.52,2024-25,November
solar,Tripura,0.52,2024-25,October
solar,Tripura,0.44,2024-25,September
solar,Tripura,0.58,2025-26,April
solar,Tripura,0.48,2025-26,August
solar,Tripura,0.54,2025-26,December
solar,Tripura,0.52,2025-26,February
solar,Tripura,0.53,2025-26,January
solar,Tripura,0.44,2025-26,July
solar,Tripura,0.39,2025-26,June
solar,Tripura,0.57,2025-26,March
solar,Tripura,3.22,2025-26,May
solar,Tripura,0.59,2025-26,November
solar,Tripura,0.57,2025-26,October
solar,Tripura,0.55,2025-26,September
solar,Tripura,0.5,2026-27,April
solar,Tripura,0.0,2026-27,August
solar,Tripura,0.0,2026-27,December
solar,Tripura,0.0,2026-27,February
solar,Tripura,0.0,2026-27,January
solar,Tripura,0.38,2026-27,July
solar,Tripura,0.48,2026-27,June
solar,Tripura,0.0,2026-27,March
solar,Tripura,0.41,2026-27,May
solar,Tripura,0.0,2026-27,November
solar,Tripura,0.0,2026-27,October
solar,Tripura,0.0,2026-27,September
solar,Uttar Pradesh,6.82,2015-16,April
solar,Uttar Pradesh,10.59,2015-16,August
solar,Uttar Pradesh,12.4,2015-16,December
solar,Uttar Pradesh,16.1,2015-16,February
solar,Uttar Pradesh,12.86,2015-16,January
solar,Uttar Pradesh,6.98,2015-16,July
solar,Uttar Pradesh,6.51,2015-16,June
solar,Uttar Pradesh,19.07,2015-16,March
solar,Uttar Pradesh,8.72,2015-16,May
solar,Uttar Pradesh,8.33,2015-16,November
solar,Uttar Pradesh,9.69,2015-16,October
solar,Uttar Pradesh,8.07,2015-16,September
solar,Uttar Pradesh,18.99,2016-17,April
solar,Uttar Pradesh,10.98,2016-17,August
solar,Uttar Pradesh,19.96,2016-17,December
solar,Uttar Pradesh,30.13,2016-17,February
solar,Uttar Pradesh,27.09,2016-17,January
solar,Uttar Pradesh,11.61,2016-17,July
solar,Uttar Pradesh,16.62,2016-17,June
solar,Uttar Pradesh,38.97,2016-17,March
solar,Uttar Pradesh,18.93,2016-17,May
solar,Uttar Pradesh,26.47,2016-17,November
solar,Uttar Pradesh,31.91,2016-17,October
solar,Uttar Pradesh,15.62,2016-17,September
solar,Uttar Pradesh,44.66,2017-18,April
solar,Uttar Pradesh,41.75,2017-18,August
solar,Uttar Pradesh,57.92,2017-18,December
solar,Uttar Pradesh,67.1,2017-18,February
solar,Uttar Pradesh,71.8,2017-18,January
solar,Uttar Pradesh,30.45,2017-18,July
solar,Uttar Pradesh,40.59,2017-18,June
solar,Uttar Pradesh,102.21,2017-18,March
solar,Uttar Pradesh,43.72,2017-18,May
solar,Uttar Pradesh,59.86,2017-18,November
solar,Uttar Pradesh,65.5,2017-18,October
solar,Uttar Pradesh,54.56,2017-18,September
solar,Uttar Pradesh,106.41,2018-19,April
solar,Uttar Pradesh,79.94,2018-19,August
solar,Uttar Pradesh,103.17,2018-19,December
solar,Uttar Pradesh,104.13,2018-19,February
solar,Uttar Pradesh,98.0,2018-19,January
solar,Uttar Pradesh,81.85,2018-19,July
solar,Uttar Pradesh,99.69,2018-19,June
solar,Uttar Pradesh,137.64,2018-19,March
solar,Uttar Pradesh,112.02,2018-19,May
solar,Uttar Pradesh,101.6,2018-19,November
solar,Uttar Pradesh,120.34,2018-19,October
solar,Uttar Pradesh,98.81,2018-19,September
solar,Uttar Pradesh,123.89,2019-20,April
solar,Uttar Pradesh,107.02,2019-20,August
solar,Uttar Pradesh,93.35,2019-20,December
solar,Uttar Pradesh,149.28,2019-20,February
solar,Uttar Pradesh,118.16,2019-20,January
solar,Uttar Pradesh,107.48,2019-20,July
solar,Uttar Pradesh,131.06,2019-20,June
solar,Uttar Pradesh,153.67,2019-20,March
solar,Uttar Pradesh,145.87,2019-20,May
solar,Uttar Pradesh,108.9,2019-20,November
solar,Uttar Pradesh,115.22,2019-20,October
solar,Uttar Pradesh,93.17,2019-20,September
solar,Uttar Pradesh,154.69,2020-21,April
solar,Uttar Pradesh,123.35,2020-21,August
solar,Uttar Pradesh,128.05,2020-21,December
solar,Uttar Pradesh,214.8,2020-21,February
solar,Uttar Pradesh,133.05,2020-21,January
solar,Uttar Pradesh,130.02,2020-21,July
solar,Uttar Pradesh,127.57,2020-21,June
solar,Uttar Pradesh,257.81,2020-21,March
solar,Uttar Pradesh,169.45,2020-21,May
solar,Uttar Pradesh,134.61,2020-21,November
solar,Uttar Pradesh,148.13,2020-21,October
solar,Uttar Pradesh,134.65,2020-21,September
solar,Uttar Pradesh,267.46,2021-22,April
solar,Uttar Pradesh,216.68,2021-22,August
solar,Uttar Pradesh,202.55,2021-22,December
solar,Uttar Pradesh,277.87,2021-22,February
solar,Uttar Pradesh,190.88,2021-22,January
solar,Uttar Pradesh,217.26,2021-22,July
solar,Uttar Pradesh,195.61,2021-22,June
solar,Uttar Pradesh,348.38,2021-22,March
solar,Uttar Pradesh,259.5,2021-22,May
solar,Uttar Pradesh,215.16,2021-22,November
solar,Uttar Pradesh,276.35,2021-22,October
solar,Uttar Pradesh,232.72,2021-22,September
solar,Uttar Pradesh,332.97,2022-23,April
solar,Uttar Pradesh,276.99,2022-23,August
solar,Uttar Pradesh,285.47,2022-23,December
solar,Uttar Pradesh,354.58,2022-23,February
solar,Uttar Pradesh,248.38,2022-23,January
solar,Uttar Pradesh,293.09,2022-23,July
solar,Uttar Pradesh,307.57,2022-23,June
solar,Uttar Pradesh,373.45,2022-23,March
solar,Uttar Pradesh,331.02,2022-23,May
solar,Uttar Pradesh,291.58,2022-23,November
solar,Uttar Pradesh,305.79,2022-23,October
solar,Uttar Pradesh,273.12,2022-23,September
solar,Uttar Pradesh,376.83,2023-24,April
solar,Uttar Pradesh,304.35,2023-24,August
solar,Uttar Pradesh,255.67,2023-24,December
solar,Uttar Pradesh,340.29,2023-24,February
solar,Uttar Pradesh,205.22,2023-24,January
solar,Uttar Pradesh,313.04,2023-24,July
solar,Uttar Pradesh,357.4,2023-24,June
solar,Uttar Pradesh,458.82,2023-24,March
solar,Uttar Pradesh,414.58,2023-24,May
solar,Uttar Pradesh,267.04,2023-24,November
solar,Uttar Pradesh,368.24,2023-24,October
solar,Uttar Pradesh,309.84,2023-24,September
solar,Uttar Pradesh,466.01,2024-25,April
solar,Uttar Pradesh,376.64,2024-25,August
solar,Uttar Pradesh,356.36,2024-25,December
solar,Uttar Pradesh,447.37,2024-25,February
solar,Uttar Pradesh,353.8,2024-25,January
solar,Uttar Pradesh,368.01,2024-25,July
solar,Uttar Pradesh,422.6,2024-25,June
solar,Uttar Pradesh,564.83,2024-25,March
solar,Uttar Pradesh,476.76,2024-25,May
solar,Uttar Pradesh,351.86,2024-25,November
solar,Uttar Pradesh,420.87,2024-25,October
solar,Uttar Pradesh,360.95,2024-25,September
solar,Uttar Pradesh,528.98,2025-26,April
solar,Uttar Pradesh,375.31,2025-26,August
solar,Uttar Pradesh,353.77,2025-26,December
solar,Uttar Pradesh,486.9,2025-26,February
solar,Uttar Pradesh,386.38,2025-26,January
solar,Uttar Pradesh,394.96,2025-26,July
solar,Uttar Pradesh,431.29,2025-26,June
solar,Uttar Pradesh,571.3,2025-26,March
solar,Uttar Pradesh,516.55,2025-26,May
solar,Uttar Pradesh,423.6,2025-26,November
solar,Uttar Pradesh,412.48,2025-26,October
solar,Uttar Pradesh,421.21,2025-26,September
solar,Uttar Pradesh,587.87,2026-27,April
solar,Uttar Pradesh,0.0,2026-27,August
solar,Uttar Pradesh,0.0,2026-27,December
solar,Uttar Pradesh,0.0,2026-27,February
solar,Uttar Pradesh,0.0,2026-27,January
solar,Uttar Pradesh,432.84,2026-27,July
solar,Uttar Pradesh,553.25,2026-27,June
solar,Uttar Pradesh,0.0,2026-27,March
solar,Uttar Pradesh,609.58,2026-27,May
solar,Uttar Pradesh,0.0,2026-27,November
solar,Uttar Pradesh,0.0,2026-27,October
solar,Uttar Pradesh,0.0,2026-27,September
solar,Uttarakhand,0.65,2015-16,April
solar,Uttarakhand,0.34,2015-16,August
solar,Uttarakhand,0.34,2015-16,December
solar,Uttarakhand,0.6,2015-16,February
solar,Uttarakhand,0.36,2015-16,January
solar,Uttarakhand,0.5,2015-16,July
solar,Uttarakhand,0.23,2015-16,June
solar,Uttarakhand,0.73,2015-16,March
solar,Uttarakhand,0.61,2015-16,May
solar,Uttarakhand,0.45,2015-16,November
solar,Uttarakhand,0.5,2015-16,October
solar,Uttarakhand,0.56,2015-16,September
solar,Uttarakhand,2.84,2016-17,April
solar,Uttarakhand,3.0,2016-17,August
solar,Uttarakhand,2.5,2016-17,December
solar,Uttarakhand,3.17,2016-17,February
solar,Uttarakhand,2.46,2016-17,January
solar,Uttarakhand,2.71,2016-17,July
solar,Uttarakhand,2.6,2016-17,June
solar,Uttarakhand,4.0,2016-17,March
solar,Uttarakhand,0.6,2016-17,May
solar,Uttarakhand,2.7,2016-17,November
solar,Uttarakhand,2.51,2016-17,October
solar,Uttarakhand,3.17,2016-17,September
solar,Uttarakhand,20.89,2017-18,April
solar,Uttarakhand,22.38,2017-18,August
solar,Uttarakhand,13.92,2017-18,December
solar,Uttarakhand,24.5,2017-18,February
solar,Uttarakhand,18.03,2017-18,January
solar,Uttarakhand,22.38,2017-18,July
solar,Uttarakhand,22.73,2017-18,June
solar,Uttarakhand,25.72,2017-18,March
solar,Uttarakhand,26.64,2017-18,May
solar,Uttarakhand,21.42,2017-18,November
solar,Uttarakhand,16.9,2017-18,October
solar,Uttarakhand,16.03,2017-18,September
solar,Uttarakhand,30.52,2018-19,April
solar,Uttarakhand,20.71,2018-19,August
solar,Uttarakhand,19.01,2018-19,December
solar,Uttarakhand,20.3,2018-19,February
solar,Uttarakhand,23.08,2018-19,January
solar,Uttarakhand,25.74,2018-19,July
solar,Uttarakhand,31.61,2018-19,June
solar,Uttarakhand,37.89,2018-19,March
solar,Uttarakhand,29.9,2018-19,May
solar,Uttarakhand,25.18,2018-19,November
solar,Uttarakhand,31.25,2018-19,October
solar,Uttarakhand,23.1,2018-19,September
solar,Uttarakhand,36.12,2019-20,April
solar,Uttarakhand,26.76,2019-20,August
solar,Uttarakhand,19.24,2019-20,December
solar,Uttarakhand,29.12,2019-20,February
solar,Uttarakhand,18.94,2019-20,January
solar,Uttarakhand,27.86,2019-20,July
solar,Uttarakhand,36.9,2019-20,June
solar,Uttarakhand,36.24,2019-20,March
solar,Uttarakhand,26.51,2019-20,May
solar,Uttarakhand,25.24,2019-20,November
solar,Uttarakhand,29.38,2019-20,October
solar,Uttarakhand,29.2,2019-20,September
solar,Uttarakhand,36.63,2020-21,April
solar,Uttarakhand,25.63,2020-21,August
solar,Uttarakhand,25.63,2020-21,December
solar,Uttarakhand,24.63,2020-21,February
solar,Uttarakhand,17.1,2020-21,January
solar,Uttarakhand,29.74,2020-21,July
solar,Uttarakhand,34.03,2020-21,June
solar,Uttarakhand,24.63,2020-21,March
solar,Uttarakhand,34.73,2020-21,May
solar,Uttarakhand,25.63,2020-21,November
solar,Uttarakhand,25.63,2020-21,October
solar,Uttarakhand,25.63,2020-21,September
solar,Uttarakhand,24.63,2021-22,April
solar,Uttarakhand,24.63,2021-22,August
solar,Uttarakhand,24.63,2021-22,December
solar,Uttarakhand,27.65,2021-22,February
solar,Uttarakhand,24.63,2021-22,January
solar,Uttarakhand,24.63,2021-22,July
solar,Uttarakhand,24.63,2021-22,June
solar,Uttarakhand,27.65,2021-22,March
solar,Uttarakhand,24.63,2021-22,May
solar,Uttarakhand,24.63,2021-22,November
solar,Uttarakhand,24.63,2021-22,October
solar,Uttarakhand,24.63,2021-22,September
solar,Uttarakhand,27.65,2022-23,April
solar,Uttarakhand,27.65,2022-23,August
solar,Uttarakhand,27.65,2022-23,December
solar,Uttarakhand,27.65,2022-23,February
solar,Uttarakhand,27.65,2022-23,January
solar,Uttarakhand,27.65,2022-23,July
solar,Uttarakhand,27.65,2022-23,June
solar,Uttarakhand,27.65,2022-23,March
solar,Uttarakhand,27.65,2022-23,May
solar,Uttarakhand,27.65,2022-23,November
solar,Uttarakhand,27.65,2022-23,October
solar,Uttarakhand,27.65,2022-23,September
solar,Uttarakhand,27.65,2023-24,April
solar,Uttarakhand,27.65,2023-24,August
solar,Uttarakhand,27.65,2023-24,December
solar,Uttarakhand,27.65,2023-24,February
solar,Uttarakhand,27.65,2023-24,January
solar,Uttarakhand,27.65,2023-24,July
solar,Uttarakhand,27.65,2023-24,June
solar,Uttarakhand,27.65,2023-24,March
solar,Uttarakhand,27.65,2023-24,May
solar,Uttarakhand,27.65,2023-24,November
solar,Uttarakhand,27.65,2023-24,October
solar,Uttarakhand,27.65,2023-24,September
solar,Uttarakhand,27.65,2024-25,April
solar,Uttarakhand,27.65,2024-25,August
solar,Uttarakhand,27.65,2024-25,December
solar,Uttarakhand,27.65,2024-25,February
solar,Uttarakhand,27.65,2024-25,January
solar,Uttarakhand,27.65,2024-25,July
solar,Uttarakhand,27.65,2024-25,June
solar,Uttarakhand,27.65,2024-25,March
solar,Uttarakhand,27.65,2024-25,May
solar,Uttarakhand,27.65,2024-25,November
solar,Uttarakhand,27.65,2024-25,October
solar,Uttarakhand,27.65,2024-25,September
solar,Uttarakhand,27.65,2025-26,April
solar,Uttarakhand,27.65,2025-26,August
solar,Uttarakhand,27.65,2025-26,December
solar,Uttarakhand,27.65,2025-26,February
solar,Uttarakhand,27.65,2025-26,January
solar,Uttarakhand,27.65,2025-26,July
solar,Uttarakhand,27.65,2025-26,June
solar,Uttarakhand,27.65,2025-26,March
solar,Uttarakhand,27.65,2025-26,May
solar,Uttarakhand,27.65,2025-26,November
solar,Uttarakhand,27.65,2025-26,October
solar,Uttarakhand,27.65,2025-26,September
solar,Uttarakhand,27.65,2026-27,April
solar,Uttarakhand,0.0,2026-27,August
solar,Uttarakhand,0.0,2026-27,December
solar,Uttarakhand,0.0,2026-27,February
solar,Uttarakhand,0.0,2026-27,January
solar,Uttarakhand,14.42,2026-27,July
solar,Uttarakhand,27.65,2026-27,June
solar,Uttarakhand,0.0,2026-27,March
solar,Uttarakhand,27.65,2026-27,May
solar,Uttarakhand,0.0,2026-27,November
solar,Uttarakhand,0.0,2026-27,October
solar,Uttarakhand,0.0,2026-27,September
solar,West Bengal,0.59,2015-16,April
solar,West Bengal,0.52,2015-16,August
solar,West Bengal,0.41,2015-16,December
solar,West Bengal,0.5,2015-16,February
solar,West Bengal,0.46,2015-16,January
solar,West Bengal,0.43,2015-16,July
solar,West Bengal,0.47,2015-16,June
solar,West Bengal,0.62,2015-16,March
solar,West Bengal,0.69,2015-16,May
solar,West Bengal,0.5,2015-16,November
solar,West Bengal,0.56,2015-16,October
solar,West Bengal,0.53,2015-16,September
solar,West Bengal,0.61,2016-17,April
solar,West Bengal,0.5,2016-17,August
solar,West Bengal,1.55,2016-17,December
solar,West Bengal,1.52,2016-17,February
solar,West Bengal,1.65,2016-17,January
solar,West Bengal,0.46,2016-17,July
solar,West Bengal,0.57,2016-17,June
solar,West Bengal,1.76,2016-17,March
solar,West Bengal,0.62,2016-17,May
solar,West Bengal,1.72,2016-17,November
solar,West Bengal,1.95,2016-17,October
solar,West Bengal,2.07,2016-17,September
solar,West Bengal,1.64,2017-18,April
solar,West Bengal,1.43,2017-18,August
solar,West Bengal,1.53,2017-18,December
solar,West Bengal,1.36,2017-18,February
solar,West Bengal,1.37,2017-18,January
solar,West Bengal,1.42,2017-18,July
solar,West Bengal,1.65,2017-18,June
solar,West Bengal,3.39,2017-18,March
solar,West Bengal,1.9,2017-18,May
solar,West Bengal,1.71,2017-18,November
solar,West Bengal,1.55,2017-18,October
solar,West Bengal,1.6,2017-18,September
solar,West Bengal,3.18,2018-19,April
solar,West Bengal,3.79,2018-19,August
solar,West Bengal,2.65,2018-19,December
solar,West Bengal,5.35,2018-19,February
solar,West Bengal,2.97,2018-19,January
solar,West Bengal,2.4,2018-19,July
solar,West Bengal,2.75,2018-19,June
solar,West Bengal,6.53,2018-19,March
solar,West Bengal,3.5,2018-19,May
solar,West Bengal,2.58,2018-19,November
solar,West Bengal,3.15,2018-19,October
solar,West Bengal,1.86,2018-19,September
solar,West Bengal,6.45,2019-20,April
solar,West Bengal,4.29,2019-20,August
solar,West Bengal,4.76,2019-20,December
solar,West Bengal,5.71,2019-20,February
solar,West Bengal,5.04,2019-20,January
solar,West Bengal,4.54,2019-20,July
solar,West Bengal,5.38,2019-20,June
solar,West Bengal,6.82,2019-20,March
solar,West Bengal,6.18,2019-20,May
solar,West Bengal,4.64,2019-20,November
solar,West Bengal,5.46,2019-20,October
solar,West Bengal,5.01,2019-20,September
solar,West Bengal,6.84,2020-21,April
solar,West Bengal,4.7,2020-21,August
solar,West Bengal,5.08,2020-21,December
solar,West Bengal,8.5,2020-21,February
solar,West Bengal,7.47,2020-21,January
solar,West Bengal,4.79,2020-21,July
solar,West Bengal,4.39,2020-21,June
solar,West Bengal,10.15,2020-21,March
solar,West Bengal,6.35,2020-21,May
solar,West Bengal,5.48,2020-21,November
solar,West Bengal,5.64,2020-21,October
solar,West Bengal,4.52,2020-21,September
solar,West Bengal,10.16,2021-22,April
solar,West Bengal,7.23,2021-22,August
solar,West Bengal,6.46,2021-22,December
solar,West Bengal,9.04,2021-22,February
solar,West Bengal,7.35,2021-22,January
solar,West Bengal,7.67,2021-22,July
solar,West Bengal,7.32,2021-22,June
solar,West Bengal,11.28,2021-22,March
solar,West Bengal,9.49,2021-22,May
solar,West Bengal,7.51,2021-22,November
solar,West Bengal,7.5,2021-22,October
solar,West Bengal,7.23,2021-22,September
solar,West Bengal,10.35,2022-23,April
solar,West Bengal,9.21,2022-23,August
solar,West Bengal,10.13,2022-23,December
solar,West Bengal,11.09,2022-23,February
solar,West Bengal,9.5,2022-23,January
solar,West Bengal,9.86,2022-23,July
solar,West Bengal,9.63,2022-23,June
solar,West Bengal,12.45,2022-23,March
solar,West Bengal,11.61,2022-23,May
solar,West Bengal,11.22,2022-23,November
solar,West Bengal,10.87,2022-23,October
solar,West Bengal,9.13,2022-23,September
solar,West Bengal,13.13,2023-24,April
solar,West Bengal,8.61,2023-24,August
solar,West Bengal,16.09,2023-24,December
solar,West Bengal,17.98,2023-24,February
solar,West Bengal,9.51,2023-24,January
solar,West Bengal,10.34,2023-24,July
solar,West Bengal,13.31,2023-24,June
solar,West Bengal,21.53,2023-24,March
solar,West Bengal,13.31,2023-24,May
solar,West Bengal,17.31,2023-24,November
solar,West Bengal,18.59,2023-24,October
solar,West Bengal,8.61,2023-24,September
solar,West Bengal,23.66,2024-25,April
solar,West Bengal,15.5,2024-25,August
solar,West Bengal,27.76,2024-25,December
solar,West Bengal,32.81,2024-25,February
solar,West Bengal,30.55,2024-25,January
solar,West Bengal,18.11,2024-25,July
solar,West Bengal,22.67,2024-25,June
solar,West Bengal,43.19,2024-25,March
solar,West Bengal,24.01,2024-25,May
solar,West Bengal,29.22,2024-25,November
solar,West Bengal,28.44,2024-25,October
solar,West Bengal,24.84,2024-25,September
solar,West Bengal,43.57,2025-26,April
solar,West Bengal,29.03,2025-26,August
solar,West Bengal,30.05,2025-26,December
solar,West Bengal,39.39,2025-26,February
solar,West Bengal,35.48,2025-26,January
solar,West Bengal,27.37,2025-26,July
solar,West Bengal,32.16,2025-26,June
solar,West Bengal,41.38,2025-26,March
solar,West Bengal,40.31,2025-26,May
solar,West Bengal,35.34,2025-26,November
solar,West Bengal,32.25,2025-26,October
solar,West Bengal,32.15,2025-26,September
solar,West Bengal,44.92,2026-27,April
solar,West Bengal,0.0,2026-27,August
solar,West Bengal,0.0,2026-27,December
solar,West Bengal,0.0,2026-27,February
solar,West Bengal,0.0,2026-27,January
solar,West Bengal,0.0,2026-27,July
solar,West Bengal,40.24,2026-27,June
solar,West Bengal,0.0,2026-27,March
solar,West Bengal,47.38,2026-27,May
solar,West Bengal,0.0,2026-27,November
solar,West Bengal,0.0,2026-27,October
solar,West Bengal,0.0,2026-27,September
