state,year,month,peak_demand_mw,peak_met_mw,source_file
Andhra Pradesh,2015,1,6397.0,6392.0,PSP_Peak_2015-01.pdf
Andhra Pradesh,2015,2,6530.0,6518.0,PSP_Peak_2015-02.pdf
Andhra Pradesh,2015,3,6790.0,6784.0,PSP_Peak_2015-03.pdf
Andhra Pradesh,2015,4,6794.0,6789.0,PSP_Peak_2015-04.pdf
Andhra Pradesh,2015,5,6737.0,6732.0,PSP_Peak_2015-05.pdf
Andhra Pradesh,2015,6,6628.0,6620.0,PSP_Peak_2015-06.pdf
Andhra Pradesh,2015,7,6900.0,6847.0,PSP_Peak_2015-07.pdf
Andhra Pradesh,2015,8,6500.0,6500.0,PSP_Peak_2015-08.pdf
Andhra Pradesh,2015,9,6336.0,6330.0,PSP_Peak_2015-09.pdf
Andhra Pradesh,2015,10,6944.0,6913.0,PSP_Peak_2015-10.pdf
Andhra Pradesh,2015,11,6792.0,6755.0,PSP_Peak_2015-11.pdf
Andhra Pradesh,2015,12,6544.0,6540.0,PSP_Peak_2015-12.pdf
Andhra Pradesh,2016,1,6868.0,6850.0,PSP_Peak_2016-01.pdf
Andhra Pradesh,2016,2,7123.0,7116.0,PSP_Peak_2016-02.pdf
Andhra Pradesh,2016,3,7400.0,7391.0,PSP_Peak_2016-03.pdf
Andhra Pradesh,2016,4,7576.0,7359.0,PSP_Peak_2016-04.pdf
Andhra Pradesh,2016,5,7373.0,7361.0,PSP_Peak_2016-05.pdf
Andhra Pradesh,2016,6,7038.0,7000.0,PSP_Peak_2016-06.pdf
Andhra Pradesh,2016,7,7175.0,7175.0,PSP_Peak_2016-07.pdf
Andhra Pradesh,2016,8,7969.0,7965.0,PSP_Peak_2016-08.pdf
Andhra Pradesh,2016,9,7726.0,7714.0,PSP_Peak_2016-09.pdf
Andhra Pradesh,2016,10,7405.0,7404.0,PSP_Peak_2016-10.pdf
Andhra Pradesh,2016,11,7300.0,7296.0,PSP_Peak_2016-11.pdf
Andhra Pradesh,2016,12,7141.0,7117.0,PSP_Peak_2016-12.pdf
Andhra Pradesh,2017,1,7372.0,7367.0,PSP_Peak_2017-01.pdf
Andhra Pradesh,2017,2,7541.0,7522.0,PSP_Peak_2017-02.pdf
Andhra Pradesh,2017,3,7660.0,7660.0,PSP_Peak_2017-03.pdf
Andhra Pradesh,2017,4,7860.0,7848.0,PSP_Peak_2017-04.pdf
Andhra Pradesh,2017,5,7914.0,7882.0,PSP_Peak_2017-05.pdf
Andhra Pradesh,2017,6,8020.0,8000.0,PSP_Peak_2017-06.pdf
Andhra Pradesh,2017,7,7968.0,7933.0,PSP_Peak_2017-07.pdf
Andhra Pradesh,2017,8,7461.0,7448.0,PSP_Peak_2017-08.pdf
Andhra Pradesh,2017,9,8063.0,7992.0,PSP_Peak_2017-09.pdf
Andhra Pradesh,2017,10,7768.0,7750.0,PSP_Peak_2017-10.pdf
Andhra Pradesh,2017,11,8178.0,8166.0,PSP_Peak_2017-11.pdf
Andhra Pradesh,2017,12,8409.0,8400.0,PSP_Peak_2017-12.pdf
Andhra Pradesh,2018,1,8578.0,8558.0,PSP_Peak_2018-01.pdf
Andhra Pradesh,2018,2,8927.0,8909.0,PSP_Peak_2018-02.pdf
Andhra Pradesh,2018,3,8993.0,8983.0,PSP_Peak_2018-03.pdf
Andhra Pradesh,2018,4,8967.0,8945.0,PSP_Peak_2018-04.pdf
Andhra Pradesh,2018,5,9253.0,9249.0,PSP_Peak_2018-05.pdf
Andhra Pradesh,2018,6,9215.0,9188.0,PSP_Peak_2018-06.pdf
Andhra Pradesh,2018,7,8558.0,8550.0,PSP_Peak_2018-07.pdf
Andhra Pradesh,2018,8,8713.0,8710.0,PSP_Peak_2018-08.pdf
Andhra Pradesh,2018,9,9435.0,9416.0,PSP_Peak_2018-09.pdf
Andhra Pradesh,2018,10,9459.0,9453.0,PSP_Peak_2018-10.pdf
Andhra Pradesh,2018,11,9077.0,9056.0,PSP_Peak_2018-11.pdf
Andhra Pradesh,2018,12,8222.0,8190.0,PSP_Peak_2018-12.pdf
Andhra Pradesh,2019,1,8487.0,8461.0,PSP_Peak_2019-01.pdf
Andhra Pradesh,2019,2,8963.0,8963.0,PSP_Peak_2019-02.pdf
Andhra Pradesh,2019,3,8988.0,8984.0,PSP_Peak_2019-03.pdf
Andhra Pradesh,2019,4,9179.0,9160.0,PSP_Peak_2019-04.pdf
Andhra Pradesh,2019,5,9880.0,9854.0,PSP_Peak_2019-05.pdf
Andhra Pradesh,2019,6,10183.0,10170.0,PSP_Peak_2019-06.pdf
Andhra Pradesh,2019,7,9246.0,9238.0,PSP_Peak_2019-07.pdf
Andhra Pradesh,2019,8,9110.0,9110.0,PSP_Peak_2019-08.pdf
Andhra Pradesh,2019,9,8698.0,8672.0,PSP_Peak_2019-09.pdf
Andhra Pradesh,2019,10,7988.0,7988.0,PSP_Peak_2019-10.pdf
Andhra Pradesh,2019,11,8426.0,8426.0,PSP_Peak_2019-11.pdf
Andhra Pradesh,2019,12,9124.0,9118.0,PSP_Peak_2019-12.pdf
Andhra Pradesh,2020,1,9608.0,9605.0,PSP_Peak_2020-01.pdf
Andhra Pradesh,2020,2,9966.0,9954.0,PSP_Peak_2020-02.pdf
Andhra Pradesh,2020,3,10225.0,10207.0,PSP_Peak_2020-03.pdf
Andhra Pradesh,2020,4,8598.0,8595.0,PSP_Peak_2020-04.pdf
Andhra Pradesh,2020,5,10102.0,10101.0,PSP_Peak_2020-05.pdf
Andhra Pradesh,2020,6,9442.0,9423.0,PSP_Peak_2020-06.pdf
Andhra Pradesh,2020,7,8500.0,8500.0,PSP_Peak_2020-07.pdf
Andhra Pradesh,2020,8,8892.0,8892.0,PSP_Peak_2020-08.pdf
Andhra Pradesh,2020,9,9523.0,9523.0,PSP_Peak_2020-09.pdf
Andhra Pradesh,2020,10,8820.0,8820.0,PSP_Peak_2020-10.pdf
Andhra Pradesh,2020,11,9490.0,9490.0,PSP_Peak_2020-11.pdf
Andhra Pradesh,2020,12,8967.0,8934.0,PSP_Peak_2020-12.pdf
Andhra Pradesh,2021,1,9977.0,9977.0,PSP_Peak_2021-01.pdf
Andhra Pradesh,2021,2,10457.0,10457.0,PSP_Peak_2021-02.pdf
Andhra Pradesh,2021,3,11193.0,11193.0,PSP_Peak_2021-03.pdf
Andhra Pradesh,2021,4,11570.0,11570.0,PSP_Peak_2021-04.pdf
Andhra Pradesh,2021,5,10252.0,10252.0,PSP_Peak_2021-05.pdf
Andhra Pradesh,2021,6,10215.0,10172.0,PSP_Peak_2021-06.pdf
Andhra Pradesh,2021,7,9654.0,9654.0,PSP_Peak_2021-07.pdf
Andhra Pradesh,2021,8,11018.0,11018.0,PSP_Peak_2021-08.pdf
Andhra Pradesh,2021,9,10452.0,10445.0,PSP_Peak_2021-09.pdf
Andhra Pradesh,2021,10,9865.0,9865.0,PSP_Peak_2021-10.pdf
Andhra Pradesh,2021,11,7876.0,7865.0,PSP_Peak_2021-11.pdf
Andhra Pradesh,2021,12,9462.0,9462.0,PSP_Peak_2021-12.pdf
Andhra Pradesh,2022,1,10143.0,10122.0,PSP_Peak_2022-01.pdf
Andhra Pradesh,2022,2,11342.0,11342.0,PSP_Peak_2022-02.pdf
Andhra Pradesh,2022,3,12551.0,12032.0,PSP_Peak_2022-03.pdf
Andhra Pradesh,2022,4,13167.0,12293.0,PSP_Peak_2022-04.pdf
Andhra Pradesh,2022,5,11218.0,11218.0,PSP_Peak_2022-05.pdf
Andhra Pradesh,2022,6,11309.0,11248.0,PSP_Peak_2022-06.pdf
Andhra Pradesh,2022,7,9790.0,9763.0,PSP_Peak_2022-07.pdf
Andhra Pradesh,2022,8,11372.0,11299.0,PSP_Peak_2022-08.pdf
Andhra Pradesh,2022,9,10920.0,10920.0,PSP_Peak_2022-09.pdf
Andhra Pradesh,2022,10,9878.0,9847.0,PSP_Peak_2022-10.pdf
Andhra Pradesh,2022,11,9588.0,9588.0,PSP_Peak_2022-11.pdf
Andhra Pradesh,2022,12,10268.0,10268.0,PSP_Peak_2022-12.pdf
Andhra Pradesh,2023,1,11472.0,11433.0,PSP_Peak_2023-01.pdf
Andhra Pradesh,2023,2,11981.0,11981.0,PSP_Peak_2023-02.pdf
Andhra Pradesh,2023,3,12227.0,12227.0,PSP_Peak_2023-03.pdf
Andhra Pradesh,2023,4,12566.0,12566.0,PSP_Peak_2023-04.pdf
Andhra Pradesh,2023,5,12653.0,12653.0,PSP_Peak_2023-05.pdf
Andhra Pradesh,2023,6,12909.0,12900.0,PSP_Peak_2023-06.pdf
Andhra Pradesh,2023,7,11584.0,11584.0,PSP_Peak_2023-07.pdf
Andhra Pradesh,2023,8,12508.0,12508.0,PSP_Peak_2023-08.pdf
Andhra Pradesh,2023,9,12372.0,12372.0,PSP_Peak_2023-09.pdf
Andhra Pradesh,2023,10,13028.0,13028.0,PSP_Peak_2023-10.pdf
Andhra Pradesh,2023,11,12084.0,12084.0,PSP_Peak_2023-11.pdf
Andhra Pradesh,2023,12,11052.0,11052.0,PSP_Peak_2023-12.pdf
Andhra Pradesh,2024,1,12216.0,12216.0,PSP_Peak_2024-01.pdf
Andhra Pradesh,2024,2,13061.0,13061.0,PSP_Peak_2024-02.pdf
Andhra Pradesh,2024,3,13237.0,13237.0,PSP_Peak_2024-03.pdf
Andhra Pradesh,2024,4,13418.0,13418.0,PSP_Peak_2024-04.pdf
Andhra Pradesh,2024,5,13712.0,13712.0,PSP_Peak_2024-05.pdf
Andhra Pradesh,2024,6,12578.0,12578.0,PSP_Peak_2024-06.pdf
Andhra Pradesh,2024,7,10901.0,10901.0,PSP_Peak_2024-07.pdf
Andhra Pradesh,2024,8,11830.0,11825.0,PSP_Peak_2024-08.pdf
Andhra Pradesh,2024,9,12436.0,12410.0,PSP_Peak_2024-09.pdf
Andhra Pradesh,2024,10,11545.0,11545.0,PSP_Peak_2024-10.pdf
Andhra Pradesh,2024,11,11024.0,11024.0,PSP_Peak_2024-11.pdf
Andhra Pradesh,2024,12,10526.0,10526.0,PSP_Peak_2024-12.pdf
Andhra Pradesh,2025,1,12087.0,12026.0,PSP_Peak_2025-01.pdf
Andhra Pradesh,2025,2,12737.0,12726.0,PSP_Peak_2025-02.pdf
Andhra Pradesh,2025,3,13108.0,13107.0,PSP_Peak_2025-03.pdf
Andhra Pradesh,2025,4,13121.0,13117.0,PSP_Peak_2025-04.pdf
Andhra Pradesh,2025,5,12599.0,12599.0,PSP_Peak_2025-05.pdf
Andhra Pradesh,2025,6,12255.0,12255.0,PSP_Peak_2025-06.pdf
Andhra Pradesh,2025,7,12956.0,12956.0,PSP_Peak_2025-07.pdf
Andhra Pradesh,2025,8,12875.0,12875.0,PSP_Peak_2025-08.pdf
Andhra Pradesh,2025,9,12469.0,12446.0,PSP_Peak_2025-09.pdf
Andhra Pradesh,2025,10,10512.0,10508.0,PSP_Peak_2025-10.pdf
Andhra Pradesh,2025,11,10091.0,10076.0,PSP_Peak_2025-11.pdf
Andhra Pradesh,2025,12,11643.0,11586.0,PSP_Peak_2025-12.pdf
Andhra Pradesh,2026,1,12622.0,12622.0,PSP_Peak_2026-01.pdf
Andhra Pradesh,2026,2,13511.0,13510.0,PSP_Peak_2026-02.pdf
Andhra Pradesh,2026,3,14005.0,14005.0,PSP_Peak_2026-03.pdf
Andhra Pradesh,2026,4,14145.0,14145.0,PSP_Peak_2026-04.pdf
Andhra Pradesh,2026,5,15019.0,15014.0,PSP_Peak_2026-05.pdf
Andhra Pradesh,2026,6,13935.0,13935.0,PSP_Peak_2026-06.pdf
Andhra Pradesh,2026,7,14425.0,14421.0,PSP_Peak_2026-07.pdf
Andhra Pradesh,2026,8,13987.0,13987.0,PSP_Peak_2026-08.pdf
Arunachal Pradesh,2015,1,120.0,115.0,PSP_Peak_2015-01.pdf
Arunachal Pradesh,2015,2,130.0,115.0,PSP_Peak_2015-02.pdf
Arunachal Pradesh,2015,3,120.0,107.0,PSP_Peak_2015-03.pdf
Arunachal Pradesh,2015,4,138.0,114.0,PSP_Peak_2015-04.pdf
Arunachal Pradesh,2015,5,138.0,109.0,PSP_Peak_2015-05.pdf
Arunachal Pradesh,2015,6,110.0,108.0,PSP_Peak_2015-06.pdf
Arunachal Pradesh,2015,7,110.0,108.0,PSP_Peak_2015-07.pdf
Arunachal Pradesh,2015,8,116.0,115.0,PSP_Peak_2015-08.pdf
Arunachal Pradesh,2015,9,122.0,122.0,PSP_Peak_2015-09.pdf
Arunachal Pradesh,2015,10,129.0,125.0,PSP_Peak_2015-10.pdf
Arunachal Pradesh,2015,11,120.0,118.0,PSP_Peak_2015-11.pdf
Arunachal Pradesh,2015,12,133.0,132.0,PSP_Peak_2015-12.pdf
Arunachal Pradesh,2016,1,118.0,117.0,PSP_Peak_2016-01.pdf
Arunachal Pradesh,2016,2,139.0,135.0,PSP_Peak_2016-02.pdf
Arunachal Pradesh,2016,3,115.0,113.0,PSP_Peak_2016-03.pdf
Arunachal Pradesh,2016,4,141.0,139.0,PSP_Peak_2016-04.pdf
Arunachal Pradesh,2016,5,119.0,119.0,PSP_Peak_2016-05.pdf
Arunachal Pradesh,2016,6,131.0,130.0,PSP_Peak_2016-06.pdf
Arunachal Pradesh,2016,7,136.0,135.0,PSP_Peak_2016-07.pdf
Arunachal Pradesh,2016,8,148.0,140.0,PSP_Peak_2016-08.pdf
Arunachal Pradesh,2016,9,143.0,136.0,PSP_Peak_2016-09.pdf
Arunachal Pradesh,2016,10,128.0,126.0,PSP_Peak_2016-10.pdf
Arunachal Pradesh,2016,11,127.0,127.0,PSP_Peak_2016-11.pdf
Arunachal Pradesh,2016,12,131.0,129.0,PSP_Peak_2016-12.pdf
Arunachal Pradesh,2017,1,122.0,120.0,PSP_Peak_2017-01.pdf
Arunachal Pradesh,2017,2,139.0,135.0,PSP_Peak_2017-02.pdf
Arunachal Pradesh,2017,3,139.0,138.0,PSP_Peak_2017-03.pdf
Arunachal Pradesh,2017,4,133.0,129.0,PSP_Peak_2017-04.pdf
Arunachal Pradesh,2017,5,145.0,145.0,PSP_Peak_2017-05.pdf
Arunachal Pradesh,2017,6,124.0,123.0,PSP_Peak_2017-06.pdf
Arunachal Pradesh,2017,7,132.0,131.0,PSP_Peak_2017-07.pdf
Arunachal Pradesh,2017,8,132.0,130.0,PSP_Peak_2017-08.pdf
Arunachal Pradesh,2017,9,135.0,128.0,PSP_Peak_2017-09.pdf
Arunachal Pradesh,2017,10,145.0,139.0,PSP_Peak_2017-10.pdf
Arunachal Pradesh,2017,11,144.0,136.0,PSP_Peak_2017-11.pdf
Arunachal Pradesh,2017,12,141.0,136.0,PSP_Peak_2017-12.pdf
Arunachal Pradesh,2018,1,139.0,134.0,PSP_Peak_2018-01.pdf
Arunachal Pradesh,2018,2,133.0,128.0,PSP_Peak_2018-02.pdf
Arunachal Pradesh,2018,3,129.0,124.0,PSP_Peak_2018-03.pdf
Arunachal Pradesh,2018,4,130.0,125.0,PSP_Peak_2018-04.pdf
Arunachal Pradesh,2018,5,128.0,123.0,PSP_Peak_2018-05.pdf
Arunachal Pradesh,2018,6,138.0,133.0,PSP_Peak_2018-06.pdf
Arunachal Pradesh,2018,7,130.0,128.0,PSP_Peak_2018-07.pdf
Arunachal Pradesh,2018,8,136.0,133.0,PSP_Peak_2018-08.pdf
Arunachal Pradesh,2018,9,132.0,130.0,PSP_Peak_2018-09.pdf
Arunachal Pradesh,2018,10,129.0,125.0,PSP_Peak_2018-10.pdf
Arunachal Pradesh,2018,11,128.0,128.0,PSP_Peak_2018-11.pdf
Arunachal Pradesh,2018,12,133.0,131.0,PSP_Peak_2018-12.pdf
Arunachal Pradesh,2019,1,126.0,124.0,PSP_Peak_2019-01.pdf
Arunachal Pradesh,2019,2,150.0,148.0,PSP_Peak_2019-02.pdf
Arunachal Pradesh,2019,3,133.0,131.0,PSP_Peak_2019-03.pdf
Arunachal Pradesh,2019,4,139.0,136.0,PSP_Peak_2019-04.pdf
Arunachal Pradesh,2019,5,140.0,138.0,PSP_Peak_2019-05.pdf
Arunachal Pradesh,2019,6,146.0,144.0,PSP_Peak_2019-06.pdf
Arunachal Pradesh,2019,7,137.0,134.0,PSP_Peak_2019-07.pdf
Arunachal Pradesh,2019,8,156.0,152.0,PSP_Peak_2019-08.pdf
Arunachal Pradesh,2019,9,156.0,152.0,PSP_Peak_2019-09.pdf
Arunachal Pradesh,2019,10,137.0,137.0,PSP_Peak_2019-10.pdf
Arunachal Pradesh,2019,11,151.0,146.0,PSP_Peak_2019-11.pdf
Arunachal Pradesh,2019,12,139.0,139.0,PSP_Peak_2019-12.pdf
Arunachal Pradesh,2020,1,125.0,117.0,PSP_Peak_2020-01.pdf
Arunachal Pradesh,2020,2,158.0,130.0,PSP_Peak_2020-02.pdf
Arunachal Pradesh,2020,3,154.0,128.0,PSP_Peak_2020-03.pdf
Arunachal Pradesh,2020,4,77.0,74.0,PSP_Peak_2020-04.pdf
Arunachal Pradesh,2020,5,108.0,108.0,PSP_Peak_2020-05.pdf
Arunachal Pradesh,2020,6,145.0,119.0,PSP_Peak_2020-06.pdf
Arunachal Pradesh,2020,7,155.0,127.0,PSP_Peak_2020-07.pdf
Arunachal Pradesh,2020,8,157.0,128.0,PSP_Peak_2020-08.pdf
Arunachal Pradesh,2020,9,158.0,129.0,PSP_Peak_2020-09.pdf
Arunachal Pradesh,2020,10,130.0,125.0,PSP_Peak_2020-10.pdf
Arunachal Pradesh,2020,11,149.0,134.0,PSP_Peak_2020-11.pdf
Arunachal Pradesh,2020,12,141.0,141.0,PSP_Peak_2020-12.pdf
Arunachal Pradesh,2021,1,149.0,149.0,PSP_Peak_2021-01.pdf
Arunachal Pradesh,2021,2,156.0,144.0,PSP_Peak_2021-02.pdf
Arunachal Pradesh,2021,3,142.0,128.0,PSP_Peak_2021-03.pdf
Arunachal Pradesh,2021,4,174.0,142.0,PSP_Peak_2021-04.pdf
Arunachal Pradesh,2021,5,155.0,138.0,PSP_Peak_2021-05.pdf
Arunachal Pradesh,2021,6,141.0,141.0,PSP_Peak_2021-06.pdf
Arunachal Pradesh,2021,7,197.0,162.0,PSP_Peak_2021-07.pdf
Arunachal Pradesh,2021,8,182.0,153.0,PSP_Peak_2021-08.pdf
Arunachal Pradesh,2021,9,186.0,156.0,PSP_Peak_2021-09.pdf
Arunachal Pradesh,2021,10,162.0,140.0,PSP_Peak_2021-10.pdf
Arunachal Pradesh,2021,11,169.0,142.0,PSP_Peak_2021-11.pdf
Arunachal Pradesh,2021,12,146.0,146.0,PSP_Peak_2021-12.pdf
Arunachal Pradesh,2022,1,164.0,164.0,PSP_Peak_2022-01.pdf
Arunachal Pradesh,2022,2,196.0,168.0,PSP_Peak_2022-02.pdf
Arunachal Pradesh,2022,3,143.0,143.0,PSP_Peak_2022-03.pdf
Arunachal Pradesh,2022,4,133.0,133.0,PSP_Peak_2022-04.pdf
Arunachal Pradesh,2022,5,142.0,137.0,PSP_Peak_2022-05.pdf
Arunachal Pradesh,2022,6,158.0,137.0,PSP_Peak_2022-06.pdf
Arunachal Pradesh,2022,7,143.0,143.0,PSP_Peak_2022-07.pdf
Arunachal Pradesh,2022,8,155.0,155.0,PSP_Peak_2022-08.pdf
Arunachal Pradesh,2022,9,144.0,144.0,PSP_Peak_2022-09.pdf
Arunachal Pradesh,2022,10,121.0,121.0,PSP_Peak_2022-10.pdf
Arunachal Pradesh,2022,11,125.0,125.0,PSP_Peak_2022-11.pdf
Arunachal Pradesh,2022,12,145.0,145.0,PSP_Peak_2022-12.pdf
Arunachal Pradesh,2023,1,166.0,166.0,PSP_Peak_2023-01.pdf
Arunachal Pradesh,2023,2,159.0,159.0,PSP_Peak_2023-02.pdf
Arunachal Pradesh,2023,3,167.0,167.0,PSP_Peak_2023-03.pdf
Arunachal Pradesh,2023,4,155.0,155.0,PSP_Peak_2023-04.pdf
Arunachal Pradesh,2023,5,165.0,165.0,PSP_Peak_2023-05.pdf
Arunachal Pradesh,2023,6,155.0,155.0,PSP_Peak_2023-06.pdf
Arunachal Pradesh,2023,7,151.0,151.0,PSP_Peak_2023-07.pdf
Arunachal Pradesh,2023,8,155.0,155.0,PSP_Peak_2023-08.pdf
Arunachal Pradesh,2023,9,163.0,163.0,PSP_Peak_2023-09.pdf
Arunachal Pradesh,2023,10,167.0,167.0,PSP_Peak_2023-10.pdf
Arunachal Pradesh,2023,11,160.0,160.0,PSP_Peak_2023-11.pdf
Arunachal Pradesh,2023,12,163.0,163.0,PSP_Peak_2023-12.pdf
Arunachal Pradesh,2024,1,181.0,181.0,PSP_Peak_2024-01.pdf
Arunachal Pradesh,2024,2,186.0,186.0,PSP_Peak_2024-02.pdf
Arunachal Pradesh,2024,3,177.0,177.0,PSP_Peak_2024-03.pdf
Arunachal Pradesh,2024,4,186.0,185.0,PSP_Peak_2024-04.pdf
Arunachal Pradesh,2024,5,198.0,198.0,PSP_Peak_2024-05.pdf
Arunachal Pradesh,2024,6,170.0,170.0,PSP_Peak_2024-06.pdf
Arunachal Pradesh,2024,7,186.0,186.0,PSP_Peak_2024-07.pdf
Arunachal Pradesh,2024,8,195.0,195.0,PSP_Peak_2024-08.pdf
Arunachal Pradesh,2024,9,194.0,194.0,PSP_Peak_2024-09.pdf
Arunachal Pradesh,2024,10,170.0,170.0,PSP_Peak_2024-10.pdf
Arunachal Pradesh,2024,11,167.0,167.0,PSP_Peak_2024-11.pdf
Arunachal Pradesh,2024,12,167.0,167.0,PSP_Peak_2024-12.pdf
Arunachal Pradesh,2025,1,196.0,196.0,PSP_Peak_2025-01.pdf
Arunachal Pradesh,2025,2,218.0,191.0,PSP_Peak_2025-02.pdf
Arunachal Pradesh,2025,3,180.0,180.0,PSP_Peak_2025-03.pdf
Arunachal Pradesh,2025,4,172.0,172.0,PSP_Peak_2025-04.pdf
Arunachal Pradesh,2025,5,184.0,184.0,PSP_Peak_2025-05.pdf
Arunachal Pradesh,2025,6,192.0,192.0,PSP_Peak_2025-06.pdf
Arunachal Pradesh,2025,7,223.0,223.0,PSP_Peak_2025-07.pdf
Arunachal Pradesh,2025,8,221.0,221.0,PSP_Peak_2025-08.pdf
Arunachal Pradesh,2025,9,196.0,196.0,PSP_Peak_2025-09.pdf
Arunachal Pradesh,2025,10,200.0,200.0,PSP_Peak_2025-10.pdf
Arunachal Pradesh,2025,11,171.0,171.0,PSP_Peak_2025-11.pdf
Arunachal Pradesh,2025,12,186.0,186.0,PSP_Peak_2025-12.pdf
Arunachal Pradesh,2026,1,190.0,190.0,PSP_Peak_2026-01.pdf
Arunachal Pradesh,2026,2,194.0,194.0,PSP_Peak_2026-02.pdf
Arunachal Pradesh,2026,3,186.0,186.0,PSP_Peak_2026-03.pdf
Arunachal Pradesh,2026,4,195.0,195.0,PSP_Peak_2026-04.pdf
Arunachal Pradesh,2026,5,184.0,184.0,PSP_Peak_2026-05.pdf
Arunachal Pradesh,2026,6,202.0,202.0,PSP_Peak_2026-06.pdf
Arunachal Pradesh,2026,7,202.0,202.0,PSP_Peak_2026-07.pdf
Arunachal Pradesh,2026,8,207.0,207.0,PSP_Peak_2026-08.pdf
Assam,2015,1,1380.0,1220.0,PSP_Peak_2015-01.pdf
Assam,2015,2,1380.0,1215.0,PSP_Peak_2015-02.pdf
Assam,2015,3,1320.0,1215.0,PSP_Peak_2015-03.pdf
Assam,2015,4,1395.0,1282.0,PSP_Peak_2015-04.pdf
Assam,2015,5,1382.0,1260.0,PSP_Peak_2015-05.pdf
Assam,2015,6,1395.0,1324.0,PSP_Peak_2015-06.pdf
Assam,2015,7,1487.0,1326.0,PSP_Peak_2015-07.pdf
Assam,2015,8,1412.0,1330.0,PSP_Peak_2015-08.pdf
Assam,2015,9,1435.0,1325.0,PSP_Peak_2015-09.pdf
Assam,2015,10,1491.0,1329.0,PSP_Peak_2015-10.pdf
Assam,2015,11,1379.0,1378.0,PSP_Peak_2015-11.pdf
Assam,2015,12,1312.0,1312.0,PSP_Peak_2015-12.pdf
Assam,2016,1,1339.0,1330.0,PSP_Peak_2016-01.pdf
Assam,2016,2,1333.0,1327.0,PSP_Peak_2016-02.pdf
Assam,2016,3,1343.0,1316.0,PSP_Peak_2016-03.pdf
Assam,2016,4,1446.0,1356.0,PSP_Peak_2016-04.pdf
Assam,2016,5,1497.0,1423.0,PSP_Peak_2016-05.pdf
Assam,2016,6,1511.0,1458.0,PSP_Peak_2016-06.pdf
Assam,2016,7,1591.0,1547.0,PSP_Peak_2016-07.pdf
Assam,2016,8,1661.0,1633.0,PSP_Peak_2016-08.pdf
Assam,2016,9,1616.0,1576.0,PSP_Peak_2016-09.pdf
Assam,2016,10,1673.0,1615.0,PSP_Peak_2016-10.pdf
Assam,2016,11,1531.0,1524.0,PSP_Peak_2016-11.pdf
Assam,2016,12,1388.0,1388.0,PSP_Peak_2016-12.pdf
Assam,2017,1,1466.0,1464.0,PSP_Peak_2017-01.pdf
Assam,2017,2,1398.0,1396.0,PSP_Peak_2017-02.pdf
Assam,2017,3,1392.0,1391.0,PSP_Peak_2017-03.pdf
Assam,2017,4,1414.0,1399.0,PSP_Peak_2017-04.pdf
Assam,2017,5,1649.0,1580.0,PSP_Peak_2017-05.pdf
Assam,2017,6,1744.0,1623.0,PSP_Peak_2017-06.pdf
Assam,2017,7,1675.0,1645.0,PSP_Peak_2017-07.pdf
Assam,2017,8,1735.0,1684.0,PSP_Peak_2017-08.pdf
Assam,2017,9,1770.0,1718.0,PSP_Peak_2017-09.pdf
Assam,2017,10,1822.0,1745.0,PSP_Peak_2017-10.pdf
Assam,2017,11,1515.0,1478.0,PSP_Peak_2017-11.pdf
Assam,2017,12,1479.0,1453.0,PSP_Peak_2017-12.pdf
Assam,2018,1,1539.0,1510.0,PSP_Peak_2018-01.pdf
Assam,2018,2,1501.0,1481.0,PSP_Peak_2018-02.pdf
Assam,2018,3,1472.0,1446.0,PSP_Peak_2018-03.pdf
Assam,2018,4,1533.0,1503.0,PSP_Peak_2018-04.pdf
Assam,2018,5,1626.0,1596.0,PSP_Peak_2018-05.pdf
Assam,2018,6,1782.0,1750.0,PSP_Peak_2018-06.pdf
Assam,2018,7,1863.0,1776.0,PSP_Peak_2018-07.pdf
Assam,2018,8,1834.0,1795.0,PSP_Peak_2018-08.pdf
Assam,2018,9,1865.0,1809.0,PSP_Peak_2018-09.pdf
Assam,2018,10,1785.0,1704.0,PSP_Peak_2018-10.pdf
Assam,2018,11,1547.0,1525.0,PSP_Peak_2018-11.pdf
Assam,2018,12,1440.0,1418.0,PSP_Peak_2018-12.pdf
Assam,2019,1,1491.0,1468.0,PSP_Peak_2019-01.pdf
Assam,2019,2,1417.0,1417.0,PSP_Peak_2019-02.pdf
Assam,2019,3,1743.0,1508.0,PSP_Peak_2019-03.pdf
Assam,2019,4,1910.0,1667.0,PSP_Peak_2019-04.pdf
Assam,2019,5,1935.0,1673.0,PSP_Peak_2019-05.pdf
Assam,2019,6,2032.0,1791.0,PSP_Peak_2019-06.pdf
Assam,2019,7,2021.0,1793.0,PSP_Peak_2019-07.pdf
Assam,2019,8,2193.0,1956.0,PSP_Peak_2019-08.pdf
Assam,2019,9,2134.0,1900.0,PSP_Peak_2019-09.pdf
Assam,2019,10,1964.0,1770.0,PSP_Peak_2019-10.pdf
Assam,2019,11,1727.0,1508.0,PSP_Peak_2019-11.pdf
Assam,2019,12,1592.0,1380.0,PSP_Peak_2019-12.pdf
Assam,2020,1,1582.0,1366.0,PSP_Peak_2020-01.pdf
Assam,2020,2,1603.0,1370.0,PSP_Peak_2020-02.pdf
Assam,2020,3,1677.0,1430.0,PSP_Peak_2020-03.pdf
Assam,2020,4,1634.0,1419.0,PSP_Peak_2020-04.pdf
Assam,2020,5,1926.0,1663.0,PSP_Peak_2020-05.pdf
Assam,2020,6,1798.0,1798.0,PSP_Peak_2020-06.pdf
Assam,2020,7,1837.0,1758.0,PSP_Peak_2020-07.pdf
Assam,2020,8,1943.0,1943.0,PSP_Peak_2020-08.pdf
Assam,2020,9,2072.0,1964.0,PSP_Peak_2020-09.pdf
Assam,2020,10,1989.0,1987.0,PSP_Peak_2020-10.pdf
Assam,2020,11,1724.0,1724.0,PSP_Peak_2020-11.pdf
Assam,2020,12,1437.0,1437.0,PSP_Peak_2020-12.pdf
Assam,2021,1,1461.0,1461.0,PSP_Peak_2021-01.pdf
Assam,2021,2,1485.0,1485.0,PSP_Peak_2021-02.pdf
Assam,2021,3,1751.0,1730.0,PSP_Peak_2021-03.pdf
Assam,2021,4,1908.0,1823.0,PSP_Peak_2021-04.pdf
Assam,2021,5,1951.0,1871.0,PSP_Peak_2021-05.pdf
Assam,2021,6,2061.0,1988.0,PSP_Peak_2021-06.pdf
Assam,2021,7,2104.0,2034.0,PSP_Peak_2021-07.pdf
Assam,2021,8,2109.0,2019.0,PSP_Peak_2021-08.pdf
Assam,2021,9,2104.0,2104.0,PSP_Peak_2021-09.pdf
Assam,2021,10,2126.0,2121.0,PSP_Peak_2021-10.pdf
Assam,2021,11,1636.0,1636.0,PSP_Peak_2021-11.pdf
Assam,2021,12,1475.0,1475.0,PSP_Peak_2021-12.pdf
Assam,2022,1,1505.0,1505.0,PSP_Peak_2022-01.pdf
Assam,2022,2,1499.0,1499.0,PSP_Peak_2022-02.pdf
Assam,2022,3,1911.0,1855.0,PSP_Peak_2022-03.pdf
Assam,2022,4,1797.0,1759.0,PSP_Peak_2022-04.pdf
Assam,2022,5,2144.0,2082.0,PSP_Peak_2022-05.pdf
Assam,2022,6,2141.0,2059.0,PSP_Peak_2022-06.pdf
Assam,2022,7,2231.0,2231.0,PSP_Peak_2022-07.pdf
Assam,2022,8,2379.0,2376.0,PSP_Peak_2022-08.pdf
Assam,2022,9,2338.0,2308.0,PSP_Peak_2022-09.pdf
Assam,2022,10,2310.0,2275.0,PSP_Peak_2022-10.pdf
Assam,2022,11,1714.0,1714.0,PSP_Peak_2022-11.pdf
Assam,2022,12,1590.0,1590.0,PSP_Peak_2022-12.pdf
Assam,2023,1,1651.0,1643.0,PSP_Peak_2023-01.pdf
Assam,2023,2,1572.0,1572.0,PSP_Peak_2023-02.pdf
Assam,2023,3,1670.0,1670.0,PSP_Peak_2023-03.pdf
Assam,2023,4,2013.0,2013.0,PSP_Peak_2023-04.pdf
Assam,2023,5,2219.0,2219.0,PSP_Peak_2023-05.pdf
Assam,2023,6,2307.0,2307.0,PSP_Peak_2023-06.pdf
Assam,2023,7,2390.0,2390.0,PSP_Peak_2023-07.pdf
Assam,2023,8,2353.0,2353.0,PSP_Peak_2023-08.pdf
Assam,2023,9,2413.0,2413.0,PSP_Peak_2023-09.pdf
Assam,2023,10,2237.0,2226.0,PSP_Peak_2023-10.pdf
Assam,2023,11,1932.0,1931.0,PSP_Peak_2023-11.pdf
Assam,2023,12,1553.0,1553.0,PSP_Peak_2023-12.pdf
Assam,2024,1,1538.0,1538.0,PSP_Peak_2024-01.pdf
Assam,2024,2,1636.0,1634.0,PSP_Peak_2024-02.pdf
Assam,2024,3,1810.0,1782.0,PSP_Peak_2024-03.pdf
Assam,2024,4,2012.0,2012.0,PSP_Peak_2024-04.pdf
Assam,2024,5,2405.0,2404.0,PSP_Peak_2024-05.pdf
Assam,2024,6,2392.0,2386.0,PSP_Peak_2024-06.pdf
Assam,2024,7,2524.0,2524.0,PSP_Peak_2024-07.pdf
Assam,2024,8,2617.0,2617.0,PSP_Peak_2024-08.pdf
Assam,2024,9,2812.0,2687.0,PSP_Peak_2024-09.pdf
Assam,2024,10,2266.0,2262.0,PSP_Peak_2024-10.pdf
Assam,2024,11,1850.0,1823.0,PSP_Peak_2024-11.pdf
Assam,2024,12,1537.0,1523.0,PSP_Peak_2024-12.pdf
Assam,2025,1,1577.0,1561.0,PSP_Peak_2025-01.pdf
Assam,2025,2,1644.0,1627.0,PSP_Peak_2025-02.pdf
Assam,2025,3,1911.0,1897.0,PSP_Peak_2025-03.pdf
Assam,2025,4,2084.0,2054.0,PSP_Peak_2025-04.pdf
Assam,2025,5,2336.0,2336.0,PSP_Peak_2025-05.pdf
Assam,2025,6,2717.0,2717.0,PSP_Peak_2025-06.pdf
Assam,2025,7,2805.0,2805.0,PSP_Peak_2025-07.pdf
Assam,2025,8,2582.0,2582.0,PSP_Peak_2025-08.pdf
Assam,2025,9,2812.0,2812.0,PSP_Peak_2025-09.pdf
Assam,2025,10,2413.0,2412.0,PSP_Peak_2025-10.pdf
Assam,2025,11,1917.0,1917.0,PSP_Peak_2025-11.pdf
Assam,2025,12,1684.0,1684.0,PSP_Peak_2025-12.pdf
Assam,2026,1,1635.0,1634.0,PSP_Peak_2026-01.pdf
Assam,2026,2,1775.0,1775.0,PSP_Peak_2026-02.pdf
Assam,2026,3,1888.0,1888.0,PSP_Peak_2026-03.pdf
Assam,2026,4,2315.0,2287.0,PSP_Peak_2026-04.pdf
Assam,2026,5,2495.0,2495.0,PSP_Peak_2026-05.pdf
Assam,2026,6,2680.0,2658.0,PSP_Peak_2026-06.pdf
Assam,2026,7,2743.0,2733.0,PSP_Peak_2026-07.pdf
Assam,2026,8,2948.0,2948.0,PSP_Peak_2026-08.pdf
Bihar,2015,1,2742.0,2602.0,PSP_Peak_2015-01.pdf
Bihar,2015,2,2930.0,2830.0,PSP_Peak_2015-02.pdf
Bihar,2015,3,2994.0,2874.0,PSP_Peak_2015-03.pdf
Bihar,2015,4,3025.0,2945.0,PSP_Peak_2015-04.pdf
Bihar,2015,5,2710.0,2630.0,PSP_Peak_2015-05.pdf
Bihar,2015,6,2967.0,2892.0,PSP_Peak_2015-06.pdf
Bihar,2015,7,3159.0,3084.0,PSP_Peak_2015-07.pdf
Bihar,2015,8,3221.0,3061.0,PSP_Peak_2015-08.pdf
Bihar,2015,9,3609.0,3409.0,PSP_Peak_2015-09.pdf
Bihar,2015,10,3735.0,3435.0,PSP_Peak_2015-10.pdf
Bihar,2015,11,3463.0,3313.0,PSP_Peak_2015-11.pdf
Bihar,2015,12,3427.0,3407.0,PSP_Peak_2015-12.pdf
Bihar,2016,1,3634.0,3484.0,PSP_Peak_2016-01.pdf
Bihar,2016,2,3313.0,3278.0,PSP_Peak_2016-02.pdf
Bihar,2016,3,3488.0,3419.0,PSP_Peak_2016-03.pdf
Bihar,2016,4,3542.0,3521.0,PSP_Peak_2016-04.pdf
Bihar,2016,5,3662.0,3638.0,PSP_Peak_2016-05.pdf
Bihar,2016,6,3591.0,3441.0,PSP_Peak_2016-06.pdf
Bihar,2016,7,3717.0,3596.0,PSP_Peak_2016-07.pdf
Bihar,2016,8,3403.0,3403.0,PSP_Peak_2016-08.pdf
Bihar,2016,9,3843.0,3624.0,PSP_Peak_2016-09.pdf
Bihar,2016,10,3883.0,3702.0,PSP_Peak_2016-10.pdf
Bihar,2016,11,3855.0,3759.0,PSP_Peak_2016-11.pdf
Bihar,2016,12,3729.0,3534.0,PSP_Peak_2016-12.pdf
Bihar,2017,1,3810.0,3701.0,PSP_Peak_2017-01.pdf
Bihar,2017,2,3810.0,3543.0,PSP_Peak_2017-02.pdf
Bihar,2017,3,3815.0,3715.0,PSP_Peak_2017-03.pdf
Bihar,2017,4,3926.0,3904.0,PSP_Peak_2017-04.pdf
Bihar,2017,5,4122.0,4021.0,PSP_Peak_2017-05.pdf
Bihar,2017,6,4394.0,4131.0,PSP_Peak_2017-06.pdf
Bihar,2017,7,4182.0,4113.0,PSP_Peak_2017-07.pdf
Bihar,2017,8,4167.0,4042.0,PSP_Peak_2017-08.pdf
Bihar,2017,9,4437.0,4428.0,PSP_Peak_2017-09.pdf
Bihar,2017,10,4521.0,4515.0,PSP_Peak_2017-10.pdf
Bihar,2017,11,3917.0,3917.0,PSP_Peak_2017-11.pdf
Bihar,2017,12,4038.0,4038.0,PSP_Peak_2017-12.pdf
Bihar,2018,1,4359.0,4343.0,PSP_Peak_2018-01.pdf
Bihar,2018,2,4356.0,4346.0,PSP_Peak_2018-02.pdf
Bihar,2018,3,4482.0,4469.0,PSP_Peak_2018-03.pdf
Bihar,2018,4,4595.0,4595.0,PSP_Peak_2018-04.pdf
Bihar,2018,5,4815.0,4814.0,PSP_Peak_2018-05.pdf
Bihar,2018,6,4900.0,4900.0,PSP_Peak_2018-06.pdf
Bihar,2018,7,4956.0,4931.0,PSP_Peak_2018-07.pdf
Bihar,2018,8,4999.0,4910.0,PSP_Peak_2018-08.pdf
Bihar,2018,9,5050.0,5045.0,PSP_Peak_2018-09.pdf
Bihar,2018,10,5115.0,5084.0,PSP_Peak_2018-10.pdf
Bihar,2018,11,4425.0,4425.0,PSP_Peak_2018-11.pdf
Bihar,2018,12,4155.0,4151.0,PSP_Peak_2018-12.pdf
Bihar,2019,1,4251.0,4249.0,PSP_Peak_2019-01.pdf
Bihar,2019,2,4130.0,4126.0,PSP_Peak_2019-02.pdf
Bihar,2019,3,4496.0,4489.0,PSP_Peak_2019-03.pdf
Bihar,2019,4,5157.0,5155.0,PSP_Peak_2019-04.pdf
Bihar,2019,5,5326.0,5326.0,PSP_Peak_2019-05.pdf
Bihar,2019,6,5579.0,5483.0,PSP_Peak_2019-06.pdf
Bihar,2019,7,5435.0,5433.0,PSP_Peak_2019-07.pdf
Bihar,2019,8,5778.0,5748.0,PSP_Peak_2019-08.pdf
Bihar,2019,9,5835.0,5789.0,PSP_Peak_2019-09.pdf
Bihar,2019,10,5027.0,5020.0,PSP_Peak_2019-10.pdf
Bihar,2019,11,4341.0,4323.0,PSP_Peak_2019-11.pdf
Bihar,2019,12,4617.0,4614.0,PSP_Peak_2019-12.pdf
Bihar,2020,1,4571.0,4571.0,PSP_Peak_2020-01.pdf
Bihar,2020,2,4280.0,4280.0,PSP_Peak_2020-02.pdf
Bihar,2020,3,4146.0,4146.0,PSP_Peak_2020-03.pdf
Bihar,2020,4,4725.0,4725.0,PSP_Peak_2020-04.pdf
Bihar,2020,5,5335.0,5332.0,PSP_Peak_2020-05.pdf
Bihar,2020,6,5721.0,5718.0,PSP_Peak_2020-06.pdf
Bihar,2020,7,5913.0,5774.0,PSP_Peak_2020-07.pdf
Bihar,2020,8,5995.0,5915.0,PSP_Peak_2020-08.pdf
Bihar,2020,9,5975.0,5938.0,PSP_Peak_2020-09.pdf
Bihar,2020,10,5783.0,5783.0,PSP_Peak_2020-10.pdf
Bihar,2020,11,4590.0,4590.0,PSP_Peak_2020-11.pdf
Bihar,2020,12,5060.0,4856.0,PSP_Peak_2020-12.pdf
Bihar,2021,1,5231.0,5153.0,PSP_Peak_2021-01.pdf
Bihar,2021,2,5009.0,5009.0,PSP_Peak_2021-02.pdf
Bihar,2021,3,5679.0,5452.0,PSP_Peak_2021-03.pdf
Bihar,2021,4,6011.0,5795.0,PSP_Peak_2021-04.pdf
Bihar,2021,5,5927.0,5919.0,PSP_Peak_2021-05.pdf
Bihar,2021,6,6102.0,6084.0,PSP_Peak_2021-06.pdf
Bihar,2021,7,7154.0,6490.0,PSP_Peak_2021-07.pdf
Bihar,2021,8,6679.0,6241.0,PSP_Peak_2021-08.pdf
Bihar,2021,9,6613.0,6340.0,PSP_Peak_2021-09.pdf
Bihar,2021,10,6544.0,5774.0,PSP_Peak_2021-10.pdf
Bihar,2021,11,4626.0,4345.0,PSP_Peak_2021-11.pdf
Bihar,2021,12,4967.0,4781.0,PSP_Peak_2021-12.pdf
Bihar,2022,1,5773.0,5243.0,PSP_Peak_2022-01.pdf
Bihar,2022,2,5080.0,5059.0,PSP_Peak_2022-02.pdf
Bihar,2022,3,6002.0,5651.0,PSP_Peak_2022-03.pdf
Bihar,2022,4,6802.0,6091.0,PSP_Peak_2022-04.pdf
Bihar,2022,5,6740.0,6034.0,PSP_Peak_2022-05.pdf
Bihar,2022,6,6831.0,6308.0,PSP_Peak_2022-06.pdf
Bihar,2022,7,7852.0,6631.0,PSP_Peak_2022-07.pdf
Bihar,2022,8,7608.0,6654.0,PSP_Peak_2022-08.pdf
Bihar,2022,9,6821.0,6546.0,PSP_Peak_2022-09.pdf
Bihar,2022,10,6491.0,6484.0,PSP_Peak_2022-10.pdf
Bihar,2022,11,5002.0,4704.0,PSP_Peak_2022-11.pdf
Bihar,2022,12,5118.0,5115.0,PSP_Peak_2022-12.pdf
Bihar,2023,1,5794.0,5586.0,PSP_Peak_2023-01.pdf
Bihar,2023,2,5027.0,5004.0,PSP_Peak_2023-02.pdf
Bihar,2023,3,5289.0,5267.0,PSP_Peak_2023-03.pdf
Bihar,2023,4,6373.0,6373.0,PSP_Peak_2023-04.pdf
Bihar,2023,5,6578.0,6578.0,PSP_Peak_2023-05.pdf
Bihar,2023,6,6974.0,6974.0,PSP_Peak_2023-06.pdf
Bihar,2023,7,7514.0,7509.0,PSP_Peak_2023-07.pdf
Bihar,2023,8,8049.0,7420.0,PSP_Peak_2023-08.pdf
Bihar,2023,9,7911.0,7704.0,PSP_Peak_2023-09.pdf
Bihar,2023,10,6575.0,6447.0,PSP_Peak_2023-10.pdf
Bihar,2023,11,5218.0,5081.0,PSP_Peak_2023-11.pdf
Bihar,2023,12,5041.0,5041.0,PSP_Peak_2023-12.pdf
Bihar,2024,1,5715.0,5715.0,PSP_Peak_2024-01.pdf
Bihar,2024,2,5115.0,5107.0,PSP_Peak_2024-02.pdf
Bihar,2024,3,5869.0,5868.0,PSP_Peak_2024-03.pdf
Bihar,2024,4,6949.0,6949.0,PSP_Peak_2024-04.pdf
Bihar,2024,5,7485.0,7466.0,PSP_Peak_2024-05.pdf
Bihar,2024,6,7604.0,7601.0,PSP_Peak_2024-06.pdf
Bihar,2024,7,7998.0,7888.0,PSP_Peak_2024-07.pdf
Bihar,2024,8,7666.0,7666.0,PSP_Peak_2024-08.pdf
Bihar,2024,9,8078.0,7852.0,PSP_Peak_2024-09.pdf
Bihar,2024,10,7224.0,7221.0,PSP_Peak_2024-10.pdf
Bihar,2024,11,6076.0,6076.0,PSP_Peak_2024-11.pdf
Bihar,2024,12,5252.0,5252.0,PSP_Peak_2024-12.pdf
Bihar,2025,1,5702.0,5702.0,PSP_Peak_2025-01.pdf
Bihar,2025,2,5388.0,5388.0,PSP_Peak_2025-02.pdf
Bihar,2025,3,6148.0,6139.0,PSP_Peak_2025-03.pdf
Bihar,2025,4,7581.0,7311.0,PSP_Peak_2025-04.pdf
Bihar,2025,5,7736.0,7736.0,PSP_Peak_2025-05.pdf
Bihar,2025,6,8373.0,8367.0,PSP_Peak_2025-06.pdf
Bihar,2025,7,8597.0,8594.0,PSP_Peak_2025-07.pdf
Bihar,2025,8,8073.0,8067.0,PSP_Peak_2025-08.pdf
Bihar,2025,9,8451.0,8437.0,PSP_Peak_2025-09.pdf
Bihar,2025,10,7710.0,7698.0,PSP_Peak_2025-10.pdf
Bihar,2025,11,5494.0,5494.0,PSP_Peak_2025-11.pdf
Bihar,2025,12,6305.0,6305.0,PSP_Peak_2025-12.pdf
Bihar,2026,1,6535.0,6527.0,PSP_Peak_2026-01.pdf
Bihar,2026,2,5904.0,5904.0,PSP_Peak_2026-02.pdf
Bihar,2026,3,6821.0,6808.0,PSP_Peak_2026-03.pdf
Bihar,2026,4,8172.0,8158.0,PSP_Peak_2026-04.pdf
Bihar,2026,5,8646.0,8628.0,PSP_Peak_2026-05.pdf
Bihar,2026,6,8917.0,8917.0,PSP_Peak_2026-06.pdf
Bihar,2026,7,9475.0,9475.0,PSP_Peak_2026-07.pdf
Bihar,2026,8,9486.0,9473.0,PSP_Peak_2026-08.pdf
Chandigarh,2015,1,252.0,252.0,PSP_Peak_2015-01.pdf
Chandigarh,2015,2,225.0,225.0,PSP_Peak_2015-02.pdf
Chandigarh,2015,3,199.0,199.0,PSP_Peak_2015-03.pdf
Chandigarh,2015,4,241.0,241.0,PSP_Peak_2015-04.pdf
Chandigarh,2015,5,266.0,266.0,PSP_Peak_2015-05.pdf
Chandigarh,2015,6,342.0,342.0,PSP_Peak_2015-06.pdf
Chandigarh,2015,7,331.0,331.0,PSP_Peak_2015-07.pdf
Chandigarh,2015,8,330.0,330.0,PSP_Peak_2015-08.pdf
Chandigarh,2015,9,319.0,319.0,PSP_Peak_2015-09.pdf
Chandigarh,2015,10,237.0,237.0,PSP_Peak_2015-10.pdf
Chandigarh,2015,11,190.0,190.0,PSP_Peak_2015-11.pdf
Chandigarh,2015,12,226.0,226.0,PSP_Peak_2015-12.pdf
Chandigarh,2016,1,248.0,248.0,PSP_Peak_2016-01.pdf
Chandigarh,2016,2,223.0,223.0,PSP_Peak_2016-02.pdf
Chandigarh,2016,3,195.0,195.0,PSP_Peak_2016-03.pdf
Chandigarh,2016,4,263.0,263.0,PSP_Peak_2016-04.pdf
Chandigarh,2016,5,361.0,361.0,PSP_Peak_2016-05.pdf
Chandigarh,2016,6,356.0,356.0,PSP_Peak_2016-06.pdf
Chandigarh,2016,7,358.0,358.0,PSP_Peak_2016-07.pdf
Chandigarh,2016,8,350.0,350.0,PSP_Peak_2016-08.pdf
Chandigarh,2016,9,313.0,313.0,PSP_Peak_2016-09.pdf
Chandigarh,2016,10,280.0,280.0,PSP_Peak_2016-10.pdf
Chandigarh,2016,11,183.0,183.0,PSP_Peak_2016-11.pdf
Chandigarh,2016,12,218.0,218.0,PSP_Peak_2016-12.pdf
Chandigarh,2017,1,246.0,246.0,PSP_Peak_2017-01.pdf
Chandigarh,2017,2,217.0,217.0,PSP_Peak_2017-02.pdf
Chandigarh,2017,3,214.0,214.0,PSP_Peak_2017-03.pdf
Chandigarh,2017,4,321.0,321.0,PSP_Peak_2017-04.pdf
Chandigarh,2017,5,340.0,340.0,PSP_Peak_2017-05.pdf
Chandigarh,2017,6,356.0,356.0,PSP_Peak_2017-06.pdf
Chandigarh,2017,7,363.0,363.0,PSP_Peak_2017-07.pdf
Chandigarh,2017,8,335.0,335.0,PSP_Peak_2017-08.pdf
Chandigarh,2017,9,287.0,287.0,PSP_Peak_2017-09.pdf
Chandigarh,2017,10,244.0,244.0,PSP_Peak_2017-10.pdf
Chandigarh,2017,11,189.0,189.0,PSP_Peak_2017-11.pdf
Chandigarh,2017,12,218.0,218.0,PSP_Peak_2017-12.pdf
Chandigarh,2018,1,242.0,242.0,PSP_Peak_2018-01.pdf
Chandigarh,2018,2,235.0,235.0,PSP_Peak_2018-02.pdf
Chandigarh,2018,3,232.0,232.0,PSP_Peak_2018-03.pdf
Chandigarh,2018,4,252.0,252.0,PSP_Peak_2018-04.pdf
Chandigarh,2018,5,350.0,350.0,PSP_Peak_2018-05.pdf
Chandigarh,2018,6,369.0,369.0,PSP_Peak_2018-06.pdf
Chandigarh,2018,7,368.0,368.0,PSP_Peak_2018-07.pdf
Chandigarh,2018,8,338.0,338.0,PSP_Peak_2018-08.pdf
Chandigarh,2018,9,293.0,293.0,PSP_Peak_2018-09.pdf
Chandigarh,2018,10,217.0,217.0,PSP_Peak_2018-10.pdf
Chandigarh,2018,11,199.0,199.0,PSP_Peak_2018-11.pdf
Chandigarh,2018,12,251.0,251.0,PSP_Peak_2018-12.pdf
Chandigarh,2019,1,258.0,258.0,PSP_Peak_2019-01.pdf
Chandigarh,2019,2,194.0,194.0,PSP_Peak_2019-02.pdf
Chandigarh,2019,3,223.0,223.0,PSP_Peak_2019-03.pdf
Chandigarh,2019,4,256.0,256.0,PSP_Peak_2019-04.pdf
Chandigarh,2019,5,380.0,380.0,PSP_Peak_2019-05.pdf
Chandigarh,2019,6,413.0,413.0,PSP_Peak_2019-06.pdf
Chandigarh,2019,7,431.0,431.0,PSP_Peak_2019-07.pdf
Chandigarh,2019,8,335.0,335.0,PSP_Peak_2019-08.pdf
Chandigarh,2019,9,379.0,379.0,PSP_Peak_2019-09.pdf
Chandigarh,2019,10,237.0,237.0,PSP_Peak_2019-10.pdf
Chandigarh,2019,11,211.0,211.0,PSP_Peak_2019-11.pdf
Chandigarh,2019,12,306.0,306.0,PSP_Peak_2019-12.pdf
Chandigarh,2020,1,265.0,265.0,PSP_Peak_2020-01.pdf
Chandigarh,2020,2,297.0,297.0,PSP_Peak_2020-02.pdf
Chandigarh,2020,3,218.0,218.0,PSP_Peak_2020-03.pdf
Chandigarh,2020,4,154.0,154.0,PSP_Peak_2020-04.pdf
Chandigarh,2020,5,297.0,297.0,PSP_Peak_2020-05.pdf
Chandigarh,2020,6,363.0,363.0,PSP_Peak_2020-06.pdf
Chandigarh,2020,7,383.0,383.0,PSP_Peak_2020-07.pdf
Chandigarh,2020,8,343.0,343.0,PSP_Peak_2020-08.pdf
Chandigarh,2020,9,318.0,318.0,PSP_Peak_2020-09.pdf
Chandigarh,2020,10,227.0,227.0,PSP_Peak_2020-10.pdf
Chandigarh,2020,11,205.0,205.0,PSP_Peak_2020-11.pdf
Chandigarh,2020,12,259.0,259.0,PSP_Peak_2020-12.pdf
Chandigarh,2021,1,285.0,285.0,PSP_Peak_2021-01.pdf
Chandigarh,2021,2,281.0,281.0,PSP_Peak_2021-02.pdf
Chandigarh,2021,3,198.0,198.0,PSP_Peak_2021-03.pdf
Chandigarh,2021,4,228.0,228.0,PSP_Peak_2021-04.pdf
Chandigarh,2021,5,282.0,282.0,PSP_Peak_2021-05.pdf
Chandigarh,2021,6,379.0,379.0,PSP_Peak_2021-06.pdf
Chandigarh,2021,7,426.0,426.0,PSP_Peak_2021-07.pdf
Chandigarh,2021,8,356.0,356.0,PSP_Peak_2021-08.pdf
Chandigarh,2021,9,334.0,334.0,PSP_Peak_2021-09.pdf
Chandigarh,2021,10,273.0,273.0,PSP_Peak_2021-10.pdf
Chandigarh,2021,11,194.0,194.0,PSP_Peak_2021-11.pdf
Chandigarh,2021,12,251.0,251.0,PSP_Peak_2021-12.pdf
Chandigarh,2022,1,271.0,271.0,PSP_Peak_2022-01.pdf
Chandigarh,2022,2,260.0,260.0,PSP_Peak_2022-02.pdf
Chandigarh,2022,3,220.0,220.0,PSP_Peak_2022-03.pdf
Chandigarh,2022,4,308.0,308.0,PSP_Peak_2022-04.pdf
Chandigarh,2022,5,367.0,367.0,PSP_Peak_2022-05.pdf
Chandigarh,2022,6,407.0,407.0,PSP_Peak_2022-06.pdf
Chandigarh,2022,7,401.0,401.0,PSP_Peak_2022-07.pdf
Chandigarh,2022,8,381.0,381.0,PSP_Peak_2022-08.pdf
Chandigarh,2022,9,374.0,374.0,PSP_Peak_2022-09.pdf
Chandigarh,2022,10,260.0,260.0,PSP_Peak_2022-10.pdf
Chandigarh,2022,11,254.0,254.0,PSP_Peak_2022-11.pdf
Chandigarh,2022,12,282.0,282.0,PSP_Peak_2022-12.pdf
Chandigarh,2023,1,323.0,323.0,PSP_Peak_2023-01.pdf
Chandigarh,2023,2,295.0,295.0,PSP_Peak_2023-02.pdf
Chandigarh,2023,3,204.0,204.0,PSP_Peak_2023-03.pdf
Chandigarh,2023,4,252.0,252.0,PSP_Peak_2023-04.pdf
Chandigarh,2023,5,321.0,321.0,PSP_Peak_2023-05.pdf
Chandigarh,2023,6,377.0,377.0,PSP_Peak_2023-06.pdf
Chandigarh,2023,7,371.0,371.0,PSP_Peak_2023-07.pdf
Chandigarh,2023,8,411.0,411.0,PSP_Peak_2023-08.pdf
Chandigarh,2023,9,388.0,388.0,PSP_Peak_2023-09.pdf
Chandigarh,2023,10,265.0,265.0,PSP_Peak_2023-10.pdf
Chandigarh,2023,11,205.0,205.0,PSP_Peak_2023-11.pdf
Chandigarh,2023,12,201.0,201.0,PSP_Peak_2023-12.pdf
Chandigarh,2024,1,348.0,348.0,PSP_Peak_2024-01.pdf
Chandigarh,2024,2,304.0,304.0,PSP_Peak_2024-02.pdf
Chandigarh,2024,3,237.0,237.0,PSP_Peak_2024-03.pdf
Chandigarh,2024,4,258.0,258.0,PSP_Peak_2024-04.pdf
Chandigarh,2024,5,432.0,432.0,PSP_Peak_2024-05.pdf
Chandigarh,2024,6,449.0,449.0,PSP_Peak_2024-06.pdf
Chandigarh,2024,7,434.0,434.0,PSP_Peak_2024-07.pdf
Chandigarh,2024,8,418.0,418.0,PSP_Peak_2024-08.pdf
Chandigarh,2024,9,397.0,397.0,PSP_Peak_2024-09.pdf
Chandigarh,2024,10,298.0,298.0,PSP_Peak_2024-10.pdf
Chandigarh,2024,11,221.0,221.0,PSP_Peak_2024-11.pdf
Chandigarh,2024,12,283.0,283.0,PSP_Peak_2024-12.pdf
Chandigarh,2025,1,312.0,312.0,PSP_Peak_2025-01.pdf
Chandigarh,2025,2,265.0,265.0,PSP_Peak_2025-02.pdf
Chandigarh,2025,3,229.0,229.0,PSP_Peak_2025-03.pdf
Chandigarh,2025,4,322.0,322.0,PSP_Peak_2025-04.pdf
Chandigarh,2025,5,431.0,431.0,PSP_Peak_2025-05.pdf
Chandigarh,2025,6,460.0,460.0,PSP_Peak_2025-06.pdf
Chandigarh,2025,7,399.0,399.0,PSP_Peak_2025-07.pdf
Chandigarh,2025,8,357.0,357.0,PSP_Peak_2025-08.pdf
Chandigarh,2025,9,350.0,350.0,PSP_Peak_2025-09.pdf
Chandigarh,2025,10,323.0,323.0,PSP_Peak_2025-10.pdf
Chandigarh,2025,11,218.0,218.0,PSP_Peak_2025-11.pdf
Chandigarh,2025,12,287.0,287.0,PSP_Peak_2025-12.pdf
Chandigarh,2026,1,340.0,340.0,PSP_Peak_2026-01.pdf
Chandigarh,2026,2,277.0,277.0,PSP_Peak_2026-02.pdf
Chandigarh,2026,3,228.0,228.0,PSP_Peak_2026-03.pdf
Chandigarh,2026,4,340.0,340.0,PSP_Peak_2026-04.pdf
Chandigarh,2026,5,411.0,411.0,PSP_Peak_2026-05.pdf
Chandigarh,2026,6,456.0,456.0,PSP_Peak_2026-06.pdf
Chandigarh,2026,7,447.0,447.0,PSP_Peak_2026-07.pdf
Chandigarh,2026,8,421.0,421.0,PSP_Peak_2026-08.pdf
Chhattisgarh,2015,1,3114.0,3011.0,PSP_Peak_2015-01.pdf
Chhattisgarh,2015,2,3619.0,3468.0,PSP_Peak_2015-02.pdf
Chhattisgarh,2015,3,3817.0,3638.0,PSP_Peak_2015-03.pdf
Chhattisgarh,2015,4,3788.0,3677.0,PSP_Peak_2015-04.pdf
Chhattisgarh,2015,5,3748.0,3466.0,PSP_Peak_2015-05.pdf
Chhattisgarh,2015,6,3394.0,3209.0,PSP_Peak_2015-06.pdf
Chhattisgarh,2015,7,3741.0,3410.0,PSP_Peak_2015-07.pdf
Chhattisgarh,2015,8,3622.0,3494.0,PSP_Peak_2015-08.pdf
Chhattisgarh,2015,9,3929.0,3681.0,PSP_Peak_2015-09.pdf
Chhattisgarh,2015,10,3912.0,3757.0,PSP_Peak_2015-10.pdf
Chhattisgarh,2015,11,3284.0,3174.0,PSP_Peak_2015-11.pdf
Chhattisgarh,2015,12,3589.0,3319.0,PSP_Peak_2015-12.pdf
Chhattisgarh,2016,1,3472.0,3377.0,PSP_Peak_2016-01.pdf
Chhattisgarh,2016,2,3932.0,3564.0,PSP_Peak_2016-02.pdf
Chhattisgarh,2016,3,3700.0,3593.0,PSP_Peak_2016-03.pdf
Chhattisgarh,2016,4,3875.0,3851.0,PSP_Peak_2016-04.pdf
Chhattisgarh,2016,5,3390.0,3388.0,PSP_Peak_2016-05.pdf
Chhattisgarh,2016,6,3293.0,3184.0,PSP_Peak_2016-06.pdf
Chhattisgarh,2016,7,3360.0,3321.0,PSP_Peak_2016-07.pdf
Chhattisgarh,2016,8,3848.0,3827.0,PSP_Peak_2016-08.pdf
Chhattisgarh,2016,9,3453.0,3449.0,PSP_Peak_2016-09.pdf
Chhattisgarh,2016,10,3247.0,3242.0,PSP_Peak_2016-10.pdf
Chhattisgarh,2016,11,3087.0,3058.0,PSP_Peak_2016-11.pdf
Chhattisgarh,2016,12,3502.0,3500.0,PSP_Peak_2016-12.pdf
Chhattisgarh,2017,1,3308.0,3110.0,PSP_Peak_2017-01.pdf
Chhattisgarh,2017,2,3397.0,3389.0,PSP_Peak_2017-02.pdf
Chhattisgarh,2017,3,3708.0,3642.0,PSP_Peak_2017-03.pdf
Chhattisgarh,2017,4,3888.0,3887.0,PSP_Peak_2017-04.pdf
Chhattisgarh,2017,5,3737.0,3713.0,PSP_Peak_2017-05.pdf
Chhattisgarh,2017,6,3388.0,3203.0,PSP_Peak_2017-06.pdf
Chhattisgarh,2017,7,3758.0,3553.0,PSP_Peak_2017-07.pdf
Chhattisgarh,2017,8,4035.0,3814.0,PSP_Peak_2017-08.pdf
Chhattisgarh,2017,9,4169.0,3817.0,PSP_Peak_2017-09.pdf
Chhattisgarh,2017,10,3651.0,3635.0,PSP_Peak_2017-10.pdf
Chhattisgarh,2017,11,3250.0,3231.0,PSP_Peak_2017-11.pdf
Chhattisgarh,2017,12,3202.0,3202.0,PSP_Peak_2017-12.pdf
Chhattisgarh,2018,1,3440.0,3223.0,PSP_Peak_2018-01.pdf
Chhattisgarh,2018,2,3390.0,3387.0,PSP_Peak_2018-02.pdf
Chhattisgarh,2018,3,3706.0,3706.0,PSP_Peak_2018-03.pdf
Chhattisgarh,2018,4,3658.0,3645.0,PSP_Peak_2018-04.pdf
Chhattisgarh,2018,5,3663.0,3652.0,PSP_Peak_2018-05.pdf
Chhattisgarh,2018,6,3722.0,3718.0,PSP_Peak_2018-06.pdf
Chhattisgarh,2018,7,3977.0,3654.0,PSP_Peak_2018-07.pdf
Chhattisgarh,2018,8,4140.0,4136.0,PSP_Peak_2018-08.pdf
Chhattisgarh,2018,9,4404.0,4075.0,PSP_Peak_2018-09.pdf
Chhattisgarh,2018,10,4416.0,4270.0,PSP_Peak_2018-10.pdf
Chhattisgarh,2018,11,3788.0,3774.0,PSP_Peak_2018-11.pdf
Chhattisgarh,2018,12,3414.0,3401.0,PSP_Peak_2018-12.pdf
Chhattisgarh,2019,1,3949.0,3858.0,PSP_Peak_2019-01.pdf
Chhattisgarh,2019,2,4094.0,4090.0,PSP_Peak_2019-02.pdf
Chhattisgarh,2019,3,4444.0,4128.0,PSP_Peak_2019-03.pdf
Chhattisgarh,2019,4,4596.0,4574.0,PSP_Peak_2019-04.pdf
Chhattisgarh,2019,5,4504.0,4504.0,PSP_Peak_2019-05.pdf
Chhattisgarh,2019,6,4103.0,4078.0,PSP_Peak_2019-06.pdf
Chhattisgarh,2019,7,4746.0,4736.0,PSP_Peak_2019-07.pdf
Chhattisgarh,2019,8,4285.0,4278.0,PSP_Peak_2019-08.pdf
Chhattisgarh,2019,9,4400.0,4385.0,PSP_Peak_2019-09.pdf
Chhattisgarh,2019,10,4079.0,4079.0,PSP_Peak_2019-10.pdf
Chhattisgarh,2019,11,3548.0,3544.0,PSP_Peak_2019-11.pdf
Chhattisgarh,2019,12,3805.0,3748.0,PSP_Peak_2019-12.pdf
Chhattisgarh,2020,1,3829.0,3826.0,PSP_Peak_2020-01.pdf
Chhattisgarh,2020,2,4033.0,4026.0,PSP_Peak_2020-02.pdf
Chhattisgarh,2020,3,3989.0,3989.0,PSP_Peak_2020-03.pdf
Chhattisgarh,2020,4,3473.0,3473.0,PSP_Peak_2020-04.pdf
Chhattisgarh,2020,5,3736.0,3736.0,PSP_Peak_2020-05.pdf
Chhattisgarh,2020,6,3677.0,3676.0,PSP_Peak_2020-06.pdf
Chhattisgarh,2020,7,4577.0,4569.0,PSP_Peak_2020-07.pdf
Chhattisgarh,2020,8,4485.0,4477.0,PSP_Peak_2020-08.pdf
Chhattisgarh,2020,9,4335.0,4335.0,PSP_Peak_2020-09.pdf
Chhattisgarh,2020,10,3963.0,3963.0,PSP_Peak_2020-10.pdf
Chhattisgarh,2020,11,3523.0,3516.0,PSP_Peak_2020-11.pdf
Chhattisgarh,2020,12,4118.0,4109.0,PSP_Peak_2020-12.pdf
Chhattisgarh,2021,1,4448.0,4448.0,PSP_Peak_2021-01.pdf
Chhattisgarh,2021,2,4513.0,4513.0,PSP_Peak_2021-02.pdf
Chhattisgarh,2021,3,4682.0,4682.0,PSP_Peak_2021-03.pdf
Chhattisgarh,2021,4,4792.0,4787.0,PSP_Peak_2021-04.pdf
Chhattisgarh,2021,5,4059.0,4059.0,PSP_Peak_2021-05.pdf
Chhattisgarh,2021,6,4110.0,4066.0,PSP_Peak_2021-06.pdf
Chhattisgarh,2021,7,4840.0,4814.0,PSP_Peak_2021-07.pdf
Chhattisgarh,2021,8,4878.0,4869.0,PSP_Peak_2021-08.pdf
Chhattisgarh,2021,9,4870.0,4870.0,PSP_Peak_2021-09.pdf
Chhattisgarh,2021,10,4387.0,4378.0,PSP_Peak_2021-10.pdf
Chhattisgarh,2021,11,3805.0,3802.0,PSP_Peak_2021-11.pdf
Chhattisgarh,2021,12,4019.0,4004.0,PSP_Peak_2021-12.pdf
Chhattisgarh,2022,1,4242.0,4242.0,PSP_Peak_2022-01.pdf
Chhattisgarh,2022,2,4664.0,4664.0,PSP_Peak_2022-02.pdf
Chhattisgarh,2022,3,5019.0,5014.0,PSP_Peak_2022-03.pdf
Chhattisgarh,2022,4,5339.0,5285.0,PSP_Peak_2022-04.pdf
Chhattisgarh,2022,5,4975.0,4975.0,PSP_Peak_2022-05.pdf
Chhattisgarh,2022,6,4685.0,4685.0,PSP_Peak_2022-06.pdf
Chhattisgarh,2022,7,4831.0,4831.0,PSP_Peak_2022-07.pdf
Chhattisgarh,2022,8,5073.0,5069.0,PSP_Peak_2022-08.pdf
Chhattisgarh,2022,9,4917.0,4915.0,PSP_Peak_2022-09.pdf
Chhattisgarh,2022,10,4648.0,4643.5,PSP_Peak_2022-10.pdf
Chhattisgarh,2022,11,4098.0,4098.0,PSP_Peak_2022-11.pdf
Chhattisgarh,2022,12,4814.0,4804.25,PSP_Peak_2022-12.pdf
Chhattisgarh,2023,1,5142.0,5129.75,PSP_Peak_2023-01.pdf
Chhattisgarh,2023,2,5326.0,5325.75,PSP_Peak_2023-02.pdf
Chhattisgarh,2023,3,5399.0,5399.0,PSP_Peak_2023-03.pdf
Chhattisgarh,2023,4,5399.0,5399.0,PSP_Peak_2023-04.pdf
Chhattisgarh,2023,5,4905.0,4901.0,PSP_Peak_2023-05.pdf
Chhattisgarh,2023,6,5289.0,5289.0,PSP_Peak_2023-06.pdf
Chhattisgarh,2023,7,5314.0,5216.0,PSP_Peak_2023-07.pdf
Chhattisgarh,2023,8,5827.0,5827.0,PSP_Peak_2023-08.pdf
Chhattisgarh,2023,9,5836.0,5832.0,PSP_Peak_2023-09.pdf
Chhattisgarh,2023,10,5325.0,5325.0,PSP_Peak_2023-10.pdf
Chhattisgarh,2023,11,4648.0,4644.0,PSP_Peak_2023-11.pdf
Chhattisgarh,2023,12,4726.0,4726.0,PSP_Peak_2023-12.pdf
Chhattisgarh,2024,1,5338.0,5334.0,PSP_Peak_2024-01.pdf
Chhattisgarh,2024,2,5819.0,5813.0,PSP_Peak_2024-02.pdf
Chhattisgarh,2024,3,6148.0,6148.0,PSP_Peak_2024-03.pdf
Chhattisgarh,2024,4,6367.0,6347.0,PSP_Peak_2024-04.pdf
Chhattisgarh,2024,5,6073.0,6073.0,PSP_Peak_2024-05.pdf
Chhattisgarh,2024,6,5438.0,5438.0,PSP_Peak_2024-06.pdf
Chhattisgarh,2024,7,5948.0,5944.0,PSP_Peak_2024-07.pdf
Chhattisgarh,2024,8,5478.0,5478.0,PSP_Peak_2024-08.pdf
Chhattisgarh,2024,9,5873.0,5873.0,PSP_Peak_2024-09.pdf
Chhattisgarh,2024,10,5916.0,5916.0,PSP_Peak_2024-10.pdf
Chhattisgarh,2024,11,4580.0,4566.0,PSP_Peak_2024-11.pdf
Chhattisgarh,2024,12,5169.0,5169.0,PSP_Peak_2024-12.pdf
Chhattisgarh,2025,1,5906.0,5890.0,PSP_Peak_2025-01.pdf
Chhattisgarh,2025,2,6181.0,6172.0,PSP_Peak_2025-02.pdf
Chhattisgarh,2025,3,6511.0,6511.0,PSP_Peak_2025-03.pdf
Chhattisgarh,2025,4,6819.0,6819.0,PSP_Peak_2025-04.pdf
Chhattisgarh,2025,5,5720.0,5720.0,PSP_Peak_2025-05.pdf
Chhattisgarh,2025,6,5604.0,5600.0,PSP_Peak_2025-06.pdf
Chhattisgarh,2025,7,5512.0,5512.0,PSP_Peak_2025-07.pdf
Chhattisgarh,2025,8,6487.0,6480.0,PSP_Peak_2025-08.pdf
Chhattisgarh,2025,9,6017.0,6017.0,PSP_Peak_2025-09.pdf
Chhattisgarh,2025,10,5288.0,5279.0,PSP_Peak_2025-10.pdf
Chhattisgarh,2025,11,4805.0,4805.0,PSP_Peak_2025-11.pdf
Chhattisgarh,2025,12,5486.0,5478.0,PSP_Peak_2025-12.pdf
Chhattisgarh,2026,1,5849.0,5849.0,PSP_Peak_2026-01.pdf
Chhattisgarh,2026,2,6282.0,6275.0,PSP_Peak_2026-02.pdf
Chhattisgarh,2026,3,6621.0,6621.0,PSP_Peak_2026-03.pdf
Chhattisgarh,2026,4,7080.0,7078.0,PSP_Peak_2026-04.pdf
Chhattisgarh,2026,5,6471.0,6471.0,PSP_Peak_2026-05.pdf
Chhattisgarh,2026,6,5990.0,5990.0,PSP_Peak_2026-06.pdf
Chhattisgarh,2026,7,6730.0,6122.0,PSP_Peak_2026-07.pdf
Chhattisgarh,2026,8,6008.0,6008.0,PSP_Peak_2026-08.pdf
DVC,2015,1,2502.0,2467.0,PSP_Peak_2015-01.pdf
DVC,2015,2,2360.0,2320.0,PSP_Peak_2015-02.pdf
DVC,2015,3,2423.0,2393.0,PSP_Peak_2015-03.pdf
DVC,2015,4,2562.0,2547.0,PSP_Peak_2015-04.pdf
DVC,2015,5,2630.0,2610.0,PSP_Peak_2015-05.pdf
DVC,2015,6,2749.0,2719.0,PSP_Peak_2015-06.pdf
DVC,2015,7,2718.0,2688.0,PSP_Peak_2015-07.pdf
DVC,2015,8,2381.0,2351.0,PSP_Peak_2015-08.pdf
DVC,2015,9,2411.0,2306.0,PSP_Peak_2015-09.pdf
DVC,2015,10,2324.0,2324.0,PSP_Peak_2015-10.pdf
DVC,2015,11,2310.0,2310.0,PSP_Peak_2015-11.pdf
DVC,2015,12,2347.0,2321.0,PSP_Peak_2015-12.pdf
DVC,2016,1,2421.0,2421.0,PSP_Peak_2016-01.pdf
DVC,2016,2,2474.0,2381.0,PSP_Peak_2016-02.pdf
DVC,2016,3,2473.0,2473.0,PSP_Peak_2016-03.pdf
DVC,2016,4,2562.0,2562.0,PSP_Peak_2016-04.pdf
DVC,2016,5,2478.0,2478.0,PSP_Peak_2016-05.pdf
DVC,2016,6,2686.0,2686.0,PSP_Peak_2016-06.pdf
DVC,2016,7,2459.0,2459.0,PSP_Peak_2016-07.pdf
DVC,2016,8,2469.0,2469.0,PSP_Peak_2016-08.pdf
DVC,2016,9,2524.0,2524.0,PSP_Peak_2016-09.pdf
DVC,2016,10,2450.0,2450.0,PSP_Peak_2016-10.pdf
DVC,2016,11,2357.0,2357.0,PSP_Peak_2016-11.pdf
DVC,2016,12,2507.0,2507.0,PSP_Peak_2016-12.pdf
DVC,2017,1,2721.0,2721.0,PSP_Peak_2017-01.pdf
DVC,2017,2,2570.0,2570.0,PSP_Peak_2017-02.pdf
DVC,2017,3,2663.0,2663.0,PSP_Peak_2017-03.pdf
DVC,2017,4,2651.0,2651.0,PSP_Peak_2017-04.pdf
DVC,2017,5,2684.0,2684.0,PSP_Peak_2017-05.pdf
DVC,2017,6,2518.0,2518.0,PSP_Peak_2017-06.pdf
DVC,2017,7,2592.0,2592.0,PSP_Peak_2017-07.pdf
DVC,2017,8,2538.0,2538.0,PSP_Peak_2017-08.pdf
DVC,2017,9,2785.0,2749.0,PSP_Peak_2017-09.pdf
DVC,2017,10,2573.0,2573.0,PSP_Peak_2017-10.pdf
DVC,2017,11,2731.0,2731.0,PSP_Peak_2017-11.pdf
DVC,2017,12,2737.0,2737.0,PSP_Peak_2017-12.pdf
DVC,2018,1,2886.0,2886.0,PSP_Peak_2018-01.pdf
DVC,2018,2,2758.0,2758.0,PSP_Peak_2018-02.pdf
DVC,2018,3,2896.0,2896.0,PSP_Peak_2018-03.pdf
DVC,2018,4,2799.0,2760.0,PSP_Peak_2018-04.pdf
DVC,2018,5,2701.0,2701.0,PSP_Peak_2018-05.pdf
DVC,2018,6,2700.0,2700.0,PSP_Peak_2018-06.pdf
DVC,2018,7,2874.0,2874.0,PSP_Peak_2018-07.pdf
DVC,2018,8,2717.0,2717.0,PSP_Peak_2018-08.pdf
DVC,2018,9,2641.0,2641.0,PSP_Peak_2018-09.pdf
DVC,2018,10,2893.0,2837.0,PSP_Peak_2018-10.pdf
DVC,2018,11,2837.0,2837.0,PSP_Peak_2018-11.pdf
DVC,2018,12,2958.0,2957.0,PSP_Peak_2018-12.pdf
DVC,2019,1,2873.0,2871.0,PSP_Peak_2019-01.pdf
DVC,2019,2,3100.0,3098.0,PSP_Peak_2019-02.pdf
DVC,2019,3,2954.0,2954.0,PSP_Peak_2019-03.pdf
DVC,2019,4,3014.0,3014.0,PSP_Peak_2019-04.pdf
DVC,2019,5,2971.0,2963.0,PSP_Peak_2019-05.pdf
DVC,2019,6,3002.0,2950.0,PSP_Peak_2019-06.pdf
DVC,2019,7,2874.0,2871.0,PSP_Peak_2019-07.pdf
DVC,2019,8,2855.0,2848.0,PSP_Peak_2019-08.pdf
DVC,2019,9,2881.0,2868.0,PSP_Peak_2019-09.pdf
DVC,2019,10,2831.0,2831.0,PSP_Peak_2019-10.pdf
DVC,2019,11,2809.0,2807.0,PSP_Peak_2019-11.pdf
DVC,2019,12,2850.0,2848.0,PSP_Peak_2019-12.pdf
DVC,2020,1,2979.0,2979.0,PSP_Peak_2020-01.pdf
DVC,2020,2,2905.0,2905.0,PSP_Peak_2020-02.pdf
DVC,2020,3,2509.0,2509.0,PSP_Peak_2020-03.pdf
DVC,2020,4,1417.0,1417.0,PSP_Peak_2020-04.pdf
DVC,2020,5,2462.0,2462.0,PSP_Peak_2020-05.pdf
DVC,2020,6,2715.0,2715.0,PSP_Peak_2020-06.pdf
DVC,2020,7,2925.0,2918.0,PSP_Peak_2020-07.pdf
DVC,2020,8,2805.0,2801.0,PSP_Peak_2020-08.pdf
DVC,2020,9,2934.0,2933.0,PSP_Peak_2020-09.pdf
DVC,2020,10,3173.0,3173.0,PSP_Peak_2020-10.pdf
DVC,2020,11,2882.0,2882.0,PSP_Peak_2020-11.pdf
DVC,2020,12,2925.0,2925.0,PSP_Peak_2020-12.pdf
DVC,2021,1,3141.0,3141.0,PSP_Peak_2021-01.pdf
DVC,2021,2,3084.0,3084.0,PSP_Peak_2021-02.pdf
DVC,2021,3,3129.0,3129.0,PSP_Peak_2021-03.pdf
DVC,2021,4,3086.0,3085.0,PSP_Peak_2021-04.pdf
DVC,2021,5,2965.0,2965.0,PSP_Peak_2021-05.pdf
DVC,2021,6,2923.0,2916.0,PSP_Peak_2021-06.pdf
DVC,2021,7,2909.0,2909.0,PSP_Peak_2021-07.pdf
DVC,2021,8,2919.0,2914.0,PSP_Peak_2021-08.pdf
DVC,2021,9,3037.0,3037.0,PSP_Peak_2021-09.pdf
DVC,2021,10,2976.0,2976.0,PSP_Peak_2021-10.pdf
DVC,2021,11,2998.0,2998.0,PSP_Peak_2021-11.pdf
DVC,2021,12,2932.0,2932.0,PSP_Peak_2021-12.pdf
DVC,2022,1,3125.0,3124.0,PSP_Peak_2022-01.pdf
DVC,2022,2,3102.0,3102.0,PSP_Peak_2022-02.pdf
DVC,2022,3,3355.0,3338.0,PSP_Peak_2022-03.pdf
DVC,2022,4,3402.0,3396.0,PSP_Peak_2022-04.pdf
DVC,2022,5,3330.0,3330.0,PSP_Peak_2022-05.pdf
DVC,2022,6,3355.0,3350.0,PSP_Peak_2022-06.pdf
DVC,2022,7,3309.0,3309.0,PSP_Peak_2022-07.pdf
DVC,2022,8,3261.0,3257.0,PSP_Peak_2022-08.pdf
DVC,2022,9,3298.0,3298.0,PSP_Peak_2022-09.pdf
DVC,2022,10,3157.0,3157.0,PSP_Peak_2022-10.pdf
DVC,2022,11,3093.0,3093.0,PSP_Peak_2022-11.pdf
DVC,2022,12,3228.0,3228.0,PSP_Peak_2022-12.pdf
DVC,2023,1,3339.0,3339.0,PSP_Peak_2023-01.pdf
DVC,2023,2,3338.0,3338.0,PSP_Peak_2023-02.pdf
DVC,2023,3,3268.0,3268.0,PSP_Peak_2023-03.pdf
DVC,2023,4,3420.0,3420.0,PSP_Peak_2023-04.pdf
DVC,2023,5,3387.0,3387.0,PSP_Peak_2023-05.pdf
DVC,2023,6,3395.0,3386.0,PSP_Peak_2023-06.pdf
DVC,2023,7,3238.0,3238.0,PSP_Peak_2023-07.pdf
DVC,2023,8,3394.0,3391.0,PSP_Peak_2023-08.pdf
DVC,2023,9,3451.0,3451.0,PSP_Peak_2023-09.pdf
DVC,2023,10,3312.0,3312.0,PSP_Peak_2023-10.pdf
DVC,2023,11,3183.0,3183.0,PSP_Peak_2023-11.pdf
DVC,2023,12,3271.0,3271.0,PSP_Peak_2023-12.pdf
DVC,2024,1,2974.0,2972.0,PSP_Peak_2024-01.pdf
DVC,2024,2,3231.0,3231.0,PSP_Peak_2024-02.pdf
DVC,2024,3,3336.0,3336.0,PSP_Peak_2024-03.pdf
DVC,2024,4,3288.0,3288.0,PSP_Peak_2024-04.pdf
DVC,2024,5,3409.0,3409.0,PSP_Peak_2024-05.pdf
DVC,2024,6,3482.0,3481.0,PSP_Peak_2024-06.pdf
DVC,2024,7,3557.0,3548.0,PSP_Peak_2024-07.pdf
DVC,2024,8,3552.0,3545.0,PSP_Peak_2024-08.pdf
DVC,2024,9,3579.0,3578.0,PSP_Peak_2024-09.pdf
DVC,2024,10,3456.0,3456.0,PSP_Peak_2024-10.pdf
DVC,2024,11,3172.0,3172.0,PSP_Peak_2024-11.pdf
DVC,2024,12,3605.0,3605.0,PSP_Peak_2024-12.pdf
DVC,2025,1,3708.0,3704.0,PSP_Peak_2025-01.pdf
DVC,2025,2,3649.0,3649.0,PSP_Peak_2025-02.pdf
DVC,2025,3,3662.0,3656.0,PSP_Peak_2025-03.pdf
DVC,2025,4,3520.0,3520.0,PSP_Peak_2025-04.pdf
DVC,2025,5,3471.0,3462.0,PSP_Peak_2025-05.pdf
DVC,2025,6,3396.0,3377.0,PSP_Peak_2025-06.pdf
DVC,2025,7,3326.0,3321.0,PSP_Peak_2025-07.pdf
DVC,2025,8,3333.0,3333.0,PSP_Peak_2025-08.pdf
DVC,2025,9,3358.0,3358.0,PSP_Peak_2025-09.pdf
DVC,2025,10,3365.0,3362.0,PSP_Peak_2025-10.pdf
DVC,2025,11,3101.0,3099.0,PSP_Peak_2025-11.pdf
DVC,2025,12,3312.0,3310.0,PSP_Peak_2025-12.pdf
DVC,2026,1,3532.0,3523.0,PSP_Peak_2026-01.pdf
DVC,2026,2,3317.0,3317.0,PSP_Peak_2026-02.pdf
DVC,2026,3,3329.0,3323.0,PSP_Peak_2026-03.pdf
DVC,2026,4,3676.0,3676.0,PSP_Peak_2026-04.pdf
DVC,2026,5,3431.0,3427.0,PSP_Peak_2026-05.pdf
DVC,2026,6,3468.0,3463.0,PSP_Peak_2026-06.pdf
DVC,2026,7,3463.0,3463.0,PSP_Peak_2026-07.pdf
DVC,2026,8,3247.0,3247.0,PSP_Peak_2026-08.pdf
Dadra and Nagar Haveli and Daman and Diu,2015,1,297.0,297.0,PSP_Peak_2015-01.pdf
Dadra and Nagar Haveli and Daman and Diu,2015,2,297.0,297.0,PSP_Peak_2015-02.pdf
Dadra and Nagar Haveli and Daman and Diu,2015,3,301.0,301.0,PSP_Peak_2015-03.pdf
Dadra and Nagar Haveli and Daman and Diu,2015,4,301.0,301.0,PSP_Peak_2015-04.pdf
Dadra and Nagar Haveli and Daman and Diu,2015,5,278.0,278.0,PSP_Peak_2015-05.pdf
Dadra and Nagar Haveli and Daman and Diu,2015,6,281.0,281.0,PSP_Peak_2015-06.pdf
Dadra and Nagar Haveli and Daman and Diu,2015,7,281.0,281.0,PSP_Peak_2015-07.pdf
Dadra and Nagar Haveli and Daman and Diu,2015,8,307.0,307.0,PSP_Peak_2015-08.pdf
Dadra and Nagar Haveli and Daman and Diu,2015,9,307.0,307.0,PSP_Peak_2015-09.pdf
Dadra and Nagar Haveli and Daman and Diu,2015,10,307.0,307.0,PSP_Peak_2015-10.pdf
Dadra and Nagar Haveli and Daman and Diu,2015,11,307.0,307.0,PSP_Peak_2015-11.pdf
Dadra and Nagar Haveli and Daman and Diu,2015,12,296.0,296.0,PSP_Peak_2015-12.pdf
Dadra and Nagar Haveli and Daman and Diu,2016,1,301.0,301.0,PSP_Peak_2016-01.pdf
Dadra and Nagar Haveli and Daman and Diu,2016,2,304.0,304.0,PSP_Peak_2016-02.pdf
Dadra and Nagar Haveli and Daman and Diu,2016,3,304.0,304.0,PSP_Peak_2016-03.pdf
Dadra and Nagar Haveli and Daman and Diu,2016,4,304.0,304.0,PSP_Peak_2016-04.pdf
Dadra and Nagar Haveli and Daman and Diu,2016,5,304.0,304.0,PSP_Peak_2016-05.pdf
Dadra and Nagar Haveli and Daman and Diu,2016,6,327.0,327.0,PSP_Peak_2016-06.pdf
Dadra and Nagar Haveli and Daman and Diu,2016,7,327.0,327.0,PSP_Peak_2016-07.pdf
Dadra and Nagar Haveli and Daman and Diu,2016,8,327.0,327.0,PSP_Peak_2016-08.pdf
Dadra and Nagar Haveli and Daman and Diu,2016,10,327.0,327.0,PSP_Peak_2016-10.pdf
Dadra and Nagar Haveli and Daman and Diu,2016,11,314.0,314.0,PSP_Peak_2016-11.pdf
Dadra and Nagar Haveli and Daman and Diu,2016,12,296.0,296.0,PSP_Peak_2016-12.pdf
Dadra and Nagar Haveli and Daman and Diu,2017,1,312.0,312.0,PSP_Peak_2017-01.pdf
Dadra and Nagar Haveli and Daman and Diu,2017,2,281.0,281.0,PSP_Peak_2017-02.pdf
Dadra and Nagar Haveli and Daman and Diu,2017,3,334.0,334.0,PSP_Peak_2017-03.pdf
Dadra and Nagar Haveli and Daman and Diu,2017,4,334.0,334.0,PSP_Peak_2017-04.pdf
Dadra and Nagar Haveli and Daman and Diu,2017,5,339.0,339.0,PSP_Peak_2017-05.pdf
Dadra and Nagar Haveli and Daman and Diu,2017,6,342.0,342.0,PSP_Peak_2017-06.pdf
Dadra and Nagar Haveli and Daman and Diu,2017,7,322.0,322.0,PSP_Peak_2017-07.pdf
Dadra and Nagar Haveli and Daman and Diu,2017,8,336.0,336.0,PSP_Peak_2017-08.pdf
Dadra and Nagar Haveli and Daman and Diu,2017,9,351.0,351.0,PSP_Peak_2017-09.pdf
Dadra and Nagar Haveli and Daman and Diu,2017,10,349.0,349.0,PSP_Peak_2017-10.pdf
Dadra and Nagar Haveli and Daman and Diu,2017,11,336.0,336.0,PSP_Peak_2017-11.pdf
Dadra and Nagar Haveli and Daman and Diu,2017,12,362.0,362.0,PSP_Peak_2017-12.pdf
Dadra and Nagar Haveli and Daman and Diu,2018,1,339.0,339.0,PSP_Peak_2018-01.pdf
Dadra and Nagar Haveli and Daman and Diu,2018,2,353.0,353.0,PSP_Peak_2018-02.pdf
Dadra and Nagar Haveli and Daman and Diu,2018,3,350.0,350.0,PSP_Peak_2018-03.pdf
Dadra and Nagar Haveli and Daman and Diu,2018,4,347.0,347.0,PSP_Peak_2018-04.pdf
Dadra and Nagar Haveli and Daman and Diu,2018,5,310.0,310.0,PSP_Peak_2018-05.pdf
Dadra and Nagar Haveli and Daman and Diu,2018,6,351.0,351.0,PSP_Peak_2018-06.pdf
Dadra and Nagar Haveli and Daman and Diu,2018,7,351.0,351.0,PSP_Peak_2018-07.pdf
Dadra and Nagar Haveli and Daman and Diu,2018,8,347.0,347.0,PSP_Peak_2018-08.pdf
Dadra and Nagar Haveli and Daman and Diu,2018,9,357.0,356.0,PSP_Peak_2018-09.pdf
Dadra and Nagar Haveli and Daman and Diu,2018,10,342.0,341.0,PSP_Peak_2018-10.pdf
Dadra and Nagar Haveli and Daman and Diu,2018,11,329.0,329.0,PSP_Peak_2018-11.pdf
Dadra and Nagar Haveli and Daman and Diu,2018,12,328.0,328.0,PSP_Peak_2018-12.pdf
Dadra and Nagar Haveli and Daman and Diu,2019,1,339.0,339.0,PSP_Peak_2019-01.pdf
Dadra and Nagar Haveli and Daman and Diu,2019,2,331.0,331.0,PSP_Peak_2019-02.pdf
Dadra and Nagar Haveli and Daman and Diu,2019,3,336.0,336.0,PSP_Peak_2019-03.pdf
Dadra and Nagar Haveli and Daman and Diu,2019,4,341.0,340.0,PSP_Peak_2019-04.pdf
Dadra and Nagar Haveli and Daman and Diu,2019,5,344.0,344.0,PSP_Peak_2019-05.pdf
Dadra and Nagar Haveli and Daman and Diu,2019,6,351.0,350.0,PSP_Peak_2019-06.pdf
Dadra and Nagar Haveli and Daman and Diu,2019,7,350.0,350.0,PSP_Peak_2019-07.pdf
Dadra and Nagar Haveli and Daman and Diu,2019,8,350.0,350.0,PSP_Peak_2019-08.pdf
Dadra and Nagar Haveli and Daman and Diu,2019,9,340.0,340.0,PSP_Peak_2019-09.pdf
Dadra and Nagar Haveli and Daman and Diu,2019,10,347.0,347.0,PSP_Peak_2019-10.pdf
Dadra and Nagar Haveli and Daman and Diu,2019,11,332.0,332.0,PSP_Peak_2019-11.pdf
Dadra and Nagar Haveli and Daman and Diu,2019,12,339.0,338.0,PSP_Peak_2019-12.pdf
Dadra and Nagar Haveli and Daman and Diu,2020,1,347.0,347.0,PSP_Peak_2020-01.pdf
Dadra and Nagar Haveli and Daman and Diu,2020,2,346.0,345.0,PSP_Peak_2020-02.pdf
Dadra and Nagar Haveli and Daman and Diu,2020,3,343.0,343.0,PSP_Peak_2020-03.pdf
Dadra and Nagar Haveli and Daman and Diu,2020,4,159.0,159.0,PSP_Peak_2020-04.pdf
Dadra and Nagar Haveli and Daman and Diu,2020,5,226.0,225.0,PSP_Peak_2020-05.pdf
Dadra and Nagar Haveli and Daman and Diu,2020,6,255.0,255.0,PSP_Peak_2020-06.pdf
Dadra and Nagar Haveli and Daman and Diu,2020,7,259.0,259.0,PSP_Peak_2020-07.pdf
Dadra and Nagar Haveli and Daman and Diu,2020,8,303.0,303.0,PSP_Peak_2020-08.pdf
Dadra and Nagar Haveli and Daman and Diu,2020,9,334.0,334.0,PSP_Peak_2020-09.pdf
Dadra and Nagar Haveli and Daman and Diu,2020,10,352.0,352.0,PSP_Peak_2020-10.pdf
Dadra and Nagar Haveli and Daman and Diu,2020,11,346.0,346.0,PSP_Peak_2020-11.pdf
Dadra and Nagar Haveli and Daman and Diu,2020,12,344.0,344.0,PSP_Peak_2020-12.pdf
Dadra and Nagar Haveli and Daman and Diu,2021,1,350.0,350.0,PSP_Peak_2021-01.pdf
Dadra and Nagar Haveli and Daman and Diu,2021,2,349.0,349.0,PSP_Peak_2021-02.pdf
Dadra and Nagar Haveli and Daman and Diu,2021,3,356.0,355.0,PSP_Peak_2021-03.pdf
Dadra and Nagar Haveli and Daman and Diu,2021,4,344.0,344.0,PSP_Peak_2021-04.pdf
Dadra and Nagar Haveli and Daman and Diu,2021,5,300.0,300.0,PSP_Peak_2021-05.pdf
Dadra and Nagar Haveli and Daman and Diu,2021,6,333.0,333.0,PSP_Peak_2021-06.pdf
Dadra and Nagar Haveli and Daman and Diu,2021,7,351.0,351.0,PSP_Peak_2021-07.pdf
Dadra and Nagar Haveli and Daman and Diu,2021,8,344.0,344.0,PSP_Peak_2021-08.pdf
Dadra and Nagar Haveli and Daman and Diu,2021,9,350.0,350.0,PSP_Peak_2021-09.pdf
Dadra and Nagar Haveli and Daman and Diu,2021,10,357.0,357.0,PSP_Peak_2021-10.pdf
Dadra and Nagar Haveli and Daman and Diu,2021,11,371.0,369.0,PSP_Peak_2021-11.pdf
Dadra and Nagar Haveli and Daman and Diu,2021,12,339.0,339.0,PSP_Peak_2021-12.pdf
Dadra and Nagar Haveli and Daman and Diu,2022,1,340.0,340.0,PSP_Peak_2022-01.pdf
Dadra and Nagar Haveli and Daman and Diu,2022,2,352.0,352.0,PSP_Peak_2022-02.pdf
Dadra and Nagar Haveli and Daman and Diu,2022,3,366.0,365.0,PSP_Peak_2022-03.pdf
Dadra and Nagar Haveli and Daman and Diu,2022,4,360.0,360.0,PSP_Peak_2022-04.pdf
Dadra and Nagar Haveli and Daman and Diu,2022,5,367.0,367.0,PSP_Peak_2022-05.pdf
Dadra and Nagar Haveli and Daman and Diu,2022,6,663.0,661.0,PSP_Peak_2022-06.pdf
Dadra and Nagar Haveli and Daman and Diu,2022,7,624.0,623.0,PSP_Peak_2022-07.pdf
Dadra and Nagar Haveli and Daman and Diu,2022,8,622.0,619.0,PSP_Peak_2022-08.pdf
Dadra and Nagar Haveli and Daman and Diu,2022,9,647.0,647.0,PSP_Peak_2022-09.pdf
Dadra and Nagar Haveli and Daman and Diu,2022,10,655.0,655.0,PSP_Peak_2022-10.pdf
Dadra and Nagar Haveli and Daman and Diu,2022,11,679.0,679.0,PSP_Peak_2022-11.pdf
Dadra and Nagar Haveli and Daman and Diu,2022,12,689.0,689.0,PSP_Peak_2022-12.pdf
Dadra and Nagar Haveli and Daman and Diu,2023,1,677.0,676.0,PSP_Peak_2023-01.pdf
Dadra and Nagar Haveli and Daman and Diu,2023,2,689.0,688.0,PSP_Peak_2023-02.pdf
Dadra and Nagar Haveli and Daman and Diu,2023,3,718.0,718.0,PSP_Peak_2023-03.pdf
Dadra and Nagar Haveli and Daman and Diu,2023,4,718.0,718.0,PSP_Peak_2023-04.pdf
Dadra and Nagar Haveli and Daman and Diu,2023,5,755.0,755.0,PSP_Peak_2023-05.pdf
Dadra and Nagar Haveli and Daman and Diu,2023,6,776.0,776.0,PSP_Peak_2023-06.pdf
Dadra and Nagar Haveli and Daman and Diu,2023,7,647.0,646.0,PSP_Peak_2023-07.pdf
Dadra and Nagar Haveli and Daman and Diu,2023,8,667.0,666.0,PSP_Peak_2023-08.pdf
Dadra and Nagar Haveli and Daman and Diu,2023,9,704.0,704.0,PSP_Peak_2023-09.pdf
Dadra and Nagar Haveli and Daman and Diu,2023,10,734.0,734.0,PSP_Peak_2023-10.pdf
Dadra and Nagar Haveli and Daman and Diu,2023,11,733.0,733.0,PSP_Peak_2023-11.pdf
Dadra and Nagar Haveli and Daman and Diu,2023,12,704.0,704.0,PSP_Peak_2023-12.pdf
Dadra and Nagar Haveli and Daman and Diu,2024,1,721.0,720.0,PSP_Peak_2024-01.pdf
Dadra and Nagar Haveli and Daman and Diu,2024,2,749.0,749.0,PSP_Peak_2024-02.pdf
Dadra and Nagar Haveli and Daman and Diu,2024,3,767.0,767.0,PSP_Peak_2024-03.pdf
Dadra and Nagar Haveli and Daman and Diu,2024,4,803.0,803.0,PSP_Peak_2024-04.pdf
Dadra and Nagar Haveli and Daman and Diu,2024,5,803.0,803.0,PSP_Peak_2024-05.pdf
Dadra and Nagar Haveli and Daman and Diu,2024,6,799.0,799.0,PSP_Peak_2024-06.pdf
Dadra and Nagar Haveli and Daman and Diu,2024,7,697.0,696.0,PSP_Peak_2024-07.pdf
Dadra and Nagar Haveli and Daman and Diu,2024,8,690.0,690.0,PSP_Peak_2024-08.pdf
Dadra and Nagar Haveli and Daman and Diu,2024,9,718.0,718.0,PSP_Peak_2024-09.pdf
Dadra and Nagar Haveli and Daman and Diu,2024,10,741.0,741.0,PSP_Peak_2024-10.pdf
Dadra and Nagar Haveli and Daman and Diu,2024,11,743.0,743.0,PSP_Peak_2024-11.pdf
Dadra and Nagar Haveli and Daman and Diu,2024,12,749.0,749.0,PSP_Peak_2024-12.pdf
Dadra and Nagar Haveli and Daman and Diu,2025,1,754.0,754.0,PSP_Peak_2025-01.pdf
Dadra and Nagar Haveli and Daman and Diu,2025,2,766.0,765.0,PSP_Peak_2025-02.pdf
Dadra and Nagar Haveli and Daman and Diu,2025,3,810.0,810.0,PSP_Peak_2025-03.pdf
Dadra and Nagar Haveli and Daman and Diu,2025,4,71.0,65.0,PSP_Peak_2025-04.pdf
Dadra and Nagar Haveli and Daman and Diu,2025,5,864.0,864.0,PSP_Peak_2025-05.pdf
Dadra and Nagar Haveli and Daman and Diu,2025,6,755.0,755.0,PSP_Peak_2025-06.pdf
Dadra and Nagar Haveli and Daman and Diu,2025,7,719.0,719.0,PSP_Peak_2025-07.pdf
Dadra and Nagar Haveli and Daman and Diu,2025,8,718.0,718.0,PSP_Peak_2025-08.pdf
Dadra and Nagar Haveli and Daman and Diu,2025,9,730.0,730.0,PSP_Peak_2025-09.pdf
Dadra and Nagar Haveli and Daman and Diu,2025,10,750.0,750.0,PSP_Peak_2025-10.pdf
Dadra and Nagar Haveli and Daman and Diu,2025,11,742.0,742.0,PSP_Peak_2025-11.pdf
Dadra and Nagar Haveli and Daman and Diu,2025,12,744.0,744.0,PSP_Peak_2025-12.pdf
Dadra and Nagar Haveli and Daman and Diu,2026,1,756.0,755.0,PSP_Peak_2026-01.pdf
Dadra and Nagar Haveli and Daman and Diu,2026,2,782.0,782.0,PSP_Peak_2026-02.pdf
Dadra and Nagar Haveli and Daman and Diu,2026,3,838.0,838.0,PSP_Peak_2026-03.pdf
Dadra and Nagar Haveli and Daman and Diu,2026,4,891.0,891.0,PSP_Peak_2026-04.pdf
Dadra and Nagar Haveli and Daman and Diu,2026,5,875.0,875.0,PSP_Peak_2026-05.pdf
Dadra and Nagar Haveli and Daman and Diu,2026,6,835.0,835.0,PSP_Peak_2026-06.pdf
Dadra and Nagar Haveli and Daman and Diu,2026,7,792.0,791.0,PSP_Peak_2026-07.pdf
Dadra and Nagar Haveli and Daman and Diu,2026,8,854.0,854.0,PSP_Peak_2026-08.pdf
Delhi,2015,1,4405.0,4405.0,PSP_Peak_2015-01.pdf
Delhi,2015,2,3847.0,3847.0,PSP_Peak_2015-02.pdf
Delhi,2015,3,3589.0,3589.0,PSP_Peak_2015-03.pdf
Delhi,2015,4,4517.0,4517.0,PSP_Peak_2015-04.pdf
Delhi,2015,5,5465.0,5465.0,PSP_Peak_2015-05.pdf
Delhi,2015,6,5846.0,5846.0,PSP_Peak_2015-06.pdf
Delhi,2015,7,5743.0,5743.0,PSP_Peak_2015-07.pdf
Delhi,2015,8,5434.0,5434.0,PSP_Peak_2015-08.pdf
Delhi,2015,9,5463.0,5457.0,PSP_Peak_2015-09.pdf
Delhi,2015,10,4481.0,4481.0,PSP_Peak_2015-10.pdf
Delhi,2015,11,3512.0,3512.0,PSP_Peak_2015-11.pdf
Delhi,2015,12,3944.0,3944.0,PSP_Peak_2015-12.pdf
Delhi,2016,1,4176.0,4125.0,PSP_Peak_2016-01.pdf
Delhi,2016,2,3849.0,3845.0,PSP_Peak_2016-02.pdf
Delhi,2016,3,3618.0,3617.0,PSP_Peak_2016-03.pdf
Delhi,2016,4,4799.0,4797.0,PSP_Peak_2016-04.pdf
Delhi,2016,5,6308.0,6188.0,PSP_Peak_2016-05.pdf
Delhi,2016,6,6261.0,6261.0,PSP_Peak_2016-06.pdf
Delhi,2016,7,6342.0,6261.0,PSP_Peak_2016-07.pdf
Delhi,2016,8,5707.0,5707.0,PSP_Peak_2016-08.pdf
Delhi,2016,9,5305.0,5301.0,PSP_Peak_2016-09.pdf
Delhi,2016,10,5442.0,5442.0,PSP_Peak_2016-10.pdf
Delhi,2016,11,3510.0,3510.0,PSP_Peak_2016-11.pdf
Delhi,2016,12,3857.0,3857.0,PSP_Peak_2016-12.pdf
Delhi,2017,1,4168.0,4168.0,PSP_Peak_2017-01.pdf
Delhi,2017,2,3882.0,3882.0,PSP_Peak_2017-02.pdf
Delhi,2017,3,4139.0,4139.0,PSP_Peak_2017-03.pdf
Delhi,2017,4,5688.0,5685.0,PSP_Peak_2017-04.pdf
Delhi,2017,5,6021.0,6021.0,PSP_Peak_2017-05.pdf
Delhi,2017,6,6553.0,6526.0,PSP_Peak_2017-06.pdf
Delhi,2017,7,6127.0,6121.0,PSP_Peak_2017-07.pdf
Delhi,2017,8,6133.0,6129.0,PSP_Peak_2017-08.pdf
Delhi,2017,9,5661.0,5661.0,PSP_Peak_2017-09.pdf
Delhi,2017,10,4723.0,4723.0,PSP_Peak_2017-10.pdf
Delhi,2017,11,3965.0,3965.0,PSP_Peak_2017-11.pdf
Delhi,2017,12,4008.0,4008.0,PSP_Peak_2017-12.pdf
Delhi,2018,1,4464.0,4464.0,PSP_Peak_2018-01.pdf
Delhi,2018,2,3946.0,3946.0,PSP_Peak_2018-02.pdf
Delhi,2018,3,3766.0,3766.0,PSP_Peak_2018-03.pdf
Delhi,2018,4,5200.0,5200.0,PSP_Peak_2018-04.pdf
Delhi,2018,5,6442.0,6442.0,PSP_Peak_2018-05.pdf
Delhi,2018,6,6937.0,6934.0,PSP_Peak_2018-06.pdf
Delhi,2018,7,7016.0,7016.0,PSP_Peak_2018-07.pdf
Delhi,2018,8,5937.0,5937.0,PSP_Peak_2018-08.pdf
Delhi,2018,9,5358.0,5358.0,PSP_Peak_2018-09.pdf
Delhi,2018,10,4713.0,4713.0,PSP_Peak_2018-10.pdf
Delhi,2018,11,3788.0,3788.0,PSP_Peak_2018-11.pdf
Delhi,2018,12,4417.0,4417.0,PSP_Peak_2018-12.pdf
Delhi,2019,1,4472.0,4472.0,PSP_Peak_2019-01.pdf
Delhi,2019,2,4398.0,4386.0,PSP_Peak_2019-02.pdf
Delhi,2019,3,4016.0,4016.0,PSP_Peak_2019-03.pdf
Delhi,2019,4,5664.0,5664.0,PSP_Peak_2019-04.pdf
Delhi,2019,5,6461.0,6461.0,PSP_Peak_2019-05.pdf
Delhi,2019,6,6904.0,6904.0,PSP_Peak_2019-06.pdf
Delhi,2019,7,7409.0,7409.0,PSP_Peak_2019-07.pdf
Delhi,2019,8,6473.0,6473.0,PSP_Peak_2019-08.pdf
Delhi,2019,9,6626.0,6626.0,PSP_Peak_2019-09.pdf
Delhi,2019,10,4605.0,4605.0,PSP_Peak_2019-10.pdf
Delhi,2019,11,3631.0,3631.0,PSP_Peak_2019-11.pdf
Delhi,2019,12,5245.0,5245.0,PSP_Peak_2019-12.pdf
Delhi,2020,1,5226.0,5226.0,PSP_Peak_2020-01.pdf
Delhi,2020,2,4447.0,4447.0,PSP_Peak_2020-02.pdf
Delhi,2020,3,3775.0,3775.0,PSP_Peak_2020-03.pdf
Delhi,2020,4,3362.0,3362.0,PSP_Peak_2020-04.pdf
Delhi,2020,5,5464.0,5464.0,PSP_Peak_2020-05.pdf
Delhi,2020,6,6314.0,6314.0,PSP_Peak_2020-06.pdf
Delhi,2020,7,6310.0,6310.0,PSP_Peak_2020-07.pdf
Delhi,2020,8,5737.0,5737.0,PSP_Peak_2020-08.pdf
Delhi,2020,9,6231.0,6231.0,PSP_Peak_2020-09.pdf
Delhi,2020,10,4820.0,4820.0,PSP_Peak_2020-10.pdf
Delhi,2020,11,3769.0,3769.0,PSP_Peak_2020-11.pdf
Delhi,2020,12,4671.0,4671.0,PSP_Peak_2020-12.pdf
Delhi,2021,1,5021.0,5021.0,PSP_Peak_2021-01.pdf
Delhi,2021,2,4486.0,4486.0,PSP_Peak_2021-02.pdf
Delhi,2021,3,3709.0,3709.0,PSP_Peak_2021-03.pdf
Delhi,2021,4,4372.0,4372.0,PSP_Peak_2021-04.pdf
Delhi,2021,5,4959.0,4959.0,PSP_Peak_2021-05.pdf
Delhi,2021,6,6921.0,6921.0,PSP_Peak_2021-06.pdf
Delhi,2021,7,7323.0,7323.0,PSP_Peak_2021-07.pdf
Delhi,2021,8,6550.0,6550.0,PSP_Peak_2021-08.pdf
Delhi,2021,9,5548.0,5548.0,PSP_Peak_2021-09.pdf
Delhi,2021,10,5391.0,5391.0,PSP_Peak_2021-10.pdf
Delhi,2021,11,3831.0,3831.0,PSP_Peak_2021-11.pdf
Delhi,2021,12,4685.0,4685.0,PSP_Peak_2021-12.pdf
Delhi,2022,1,5104.0,5104.0,PSP_Peak_2022-01.pdf
Delhi,2022,2,4985.0,4985.0,PSP_Peak_2022-02.pdf
Delhi,2022,3,4648.0,4648.0,PSP_Peak_2022-03.pdf
Delhi,2022,4,6197.0,6197.0,PSP_Peak_2022-04.pdf
Delhi,2022,5,7070.0,7070.0,PSP_Peak_2022-05.pdf
Delhi,2022,6,7695.0,7695.0,PSP_Peak_2022-06.pdf
Delhi,2022,7,7517.0,7517.0,PSP_Peak_2022-07.pdf
Delhi,2022,8,6446.0,6446.0,PSP_Peak_2022-08.pdf
Delhi,2022,9,6687.0,6687.0,PSP_Peak_2022-09.pdf
Delhi,2022,10,4990.0,4990.0,PSP_Peak_2022-10.pdf
Delhi,2022,11,3941.0,3941.0,PSP_Peak_2022-11.pdf
Delhi,2022,12,4964.0,4964.0,PSP_Peak_2022-12.pdf
Delhi,2023,1,5623.0,5526.0,PSP_Peak_2023-01.pdf
Delhi,2023,2,4667.0,4667.0,PSP_Peak_2023-02.pdf
Delhi,2023,3,3979.0,3979.0,PSP_Peak_2023-03.pdf
Delhi,2023,4,5422.0,5422.0,PSP_Peak_2023-04.pdf
Delhi,2023,5,6916.0,6916.0,PSP_Peak_2023-05.pdf
Delhi,2023,6,7226.0,7226.0,PSP_Peak_2023-06.pdf
Delhi,2023,7,7398.0,7398.0,PSP_Peak_2023-07.pdf
Delhi,2023,8,7437.0,7437.0,PSP_Peak_2023-08.pdf
Delhi,2023,9,6993.0,6993.0,PSP_Peak_2023-09.pdf
Delhi,2023,10,5583.0,5583.0,PSP_Peak_2023-10.pdf
Delhi,2023,11,4320.0,4320.0,PSP_Peak_2023-11.pdf
Delhi,2023,12,4884.0,4884.0,PSP_Peak_2023-12.pdf
Delhi,2024,1,5816.0,5816.0,PSP_Peak_2024-01.pdf
Delhi,2024,2,5406.0,5406.0,PSP_Peak_2024-02.pdf
Delhi,2024,3,4482.0,4482.0,PSP_Peak_2024-03.pdf
Delhi,2024,4,5447.0,5447.0,PSP_Peak_2024-04.pdf
Delhi,2024,5,8302.0,8302.0,PSP_Peak_2024-05.pdf
Delhi,2024,6,8656.0,8656.0,PSP_Peak_2024-06.pdf
Delhi,2024,7,8175.0,8175.0,PSP_Peak_2024-07.pdf
Delhi,2024,8,6890.0,6890.0,PSP_Peak_2024-08.pdf
Delhi,2024,9,6785.0,6780.0,PSP_Peak_2024-09.pdf
Delhi,2024,10,6161.0,6161.0,PSP_Peak_2024-10.pdf
Delhi,2024,11,4259.0,4259.0,PSP_Peak_2024-11.pdf
Delhi,2024,12,5213.0,5213.0,PSP_Peak_2024-12.pdf
Delhi,2025,1,5655.0,5655.0,PSP_Peak_2025-01.pdf
Delhi,2025,2,4657.0,4657.0,PSP_Peak_2025-02.pdf
Delhi,2025,3,4361.0,4361.0,PSP_Peak_2025-03.pdf
Delhi,2025,4,6014.0,6014.0,PSP_Peak_2025-04.pdf
Delhi,2025,5,7748.0,7748.0,PSP_Peak_2025-05.pdf
Delhi,2025,6,8442.0,8442.0,PSP_Peak_2025-06.pdf
Delhi,2025,7,7568.0,7568.0,PSP_Peak_2025-07.pdf
Delhi,2025,8,7050.0,7050.0,PSP_Peak_2025-08.pdf
Delhi,2025,9,7064.0,7064.0,PSP_Peak_2025-09.pdf
Delhi,2025,10,5956.0,5956.0,PSP_Peak_2025-10.pdf
Delhi,2025,11,4486.0,4486.0,PSP_Peak_2025-11.pdf
Delhi,2025,12,5505.0,5505.0,PSP_Peak_2025-12.pdf
Delhi,2026,1,6087.0,6087.0,PSP_Peak_2026-01.pdf
Delhi,2026,2,5452.0,5452.0,PSP_Peak_2026-02.pdf
Delhi,2026,3,4592.0,4588.0,PSP_Peak_2026-03.pdf
Delhi,2026,4,7091.0,7091.0,PSP_Peak_2026-04.pdf
Delhi,2026,5,8439.0,8439.0,PSP_Peak_2026-05.pdf
Delhi,2026,6,8439.0,8439.0,PSP_Peak_2026-06.pdf
Delhi,2026,7,8491.0,8480.0,PSP_Peak_2026-07.pdf
Delhi,2026,8,7660.0,7658.0,PSP_Peak_2026-08.pdf
Goa,2015,1,395.0,393.0,PSP_Peak_2015-01.pdf
Goa,2015,2,435.0,433.0,PSP_Peak_2015-02.pdf
Goa,2015,3,466.0,465.0,PSP_Peak_2015-03.pdf
Goa,2015,4,583.0,552.0,PSP_Peak_2015-04.pdf
Goa,2015,5,43538.0,43240.0,PSP_Peak_2015-05.pdf
Goa,2015,6,42608.0,41884.0,PSP_Peak_2015-06.pdf
Goa,2015,7,43333.0,42689.0,PSP_Peak_2015-07.pdf
Goa,2015,8,42024.0,41781.0,PSP_Peak_2015-08.pdf
Goa,2015,9,43946.0,43325.0,PSP_Peak_2015-09.pdf
Goa,2015,10,48640.0,48199.0,PSP_Peak_2015-10.pdf
Goa,2015,11,45108.0,44645.0,PSP_Peak_2015-11.pdf
Goa,2015,12,45110.0,44902.0,PSP_Peak_2015-12.pdf
Goa,2016,1,45267.0,45204.0,PSP_Peak_2016-01.pdf
Goa,2016,2,45110.0,45071.0,PSP_Peak_2016-02.pdf
Goa,2016,3,44424.0,44225.0,PSP_Peak_2016-03.pdf
Goa,2016,4,45022.0,44940.0,PSP_Peak_2016-04.pdf
Goa,2016,5,45369.0,44957.0,PSP_Peak_2016-05.pdf
Goa,2016,6,44714.0,43998.0,PSP_Peak_2016-06.pdf
Goa,2016,7,38999.0,38709.0,PSP_Peak_2016-07.pdf
Goa,2016,8,40122.0,39903.0,PSP_Peak_2016-08.pdf
Goa,2016,10,46123.0,46090.0,PSP_Peak_2016-10.pdf
Goa,2016,11,46898.0,46865.0,PSP_Peak_2016-11.pdf
Goa,2016,12,47837.0,47463.0,PSP_Peak_2016-12.pdf
Goa,2017,1,47881.0,47844.0,PSP_Peak_2017-01.pdf
Goa,2017,2,47994.0,47821.0,PSP_Peak_2017-02.pdf
Goa,2017,3,48531.0,48313.0,PSP_Peak_2017-03.pdf
Goa,2017,4,558.0,557.0,PSP_Peak_2017-04.pdf
Goa,2017,5,49208.0,49048.0,PSP_Peak_2017-05.pdf
Goa,2017,6,47324.0,47034.0,PSP_Peak_2017-06.pdf
Goa,2017,7,41325.0,41280.0,PSP_Peak_2017-07.pdf
Goa,2017,8,45228.0,45174.0,PSP_Peak_2017-08.pdf
Goa,2017,9,46382.0,45710.0,PSP_Peak_2017-09.pdf
Goa,2017,10,542.0,517.0,PSP_Peak_2017-10.pdf
Goa,2017,11,519.0,494.0,PSP_Peak_2017-11.pdf
Goa,2017,12,515.0,490.0,PSP_Peak_2017-12.pdf
Goa,2018,1,523.0,522.0,PSP_Peak_2018-01.pdf
Goa,2018,2,486.0,486.0,PSP_Peak_2018-02.pdf
Goa,2018,3,522.0,521.0,PSP_Peak_2018-03.pdf
Goa,2018,4,562.0,562.0,PSP_Peak_2018-04.pdf
Goa,2018,5,532.0,530.0,PSP_Peak_2018-05.pdf
Goa,2018,6,494.0,493.0,PSP_Peak_2018-06.pdf
Goa,2018,7,497.0,493.0,PSP_Peak_2018-07.pdf
Goa,2018,8,538.0,535.0,PSP_Peak_2018-08.pdf
Goa,2018,9,596.0,596.0,PSP_Peak_2018-09.pdf
Goa,2018,10,536.0,536.0,PSP_Peak_2018-10.pdf
Goa,2018,11,514.0,513.0,PSP_Peak_2018-11.pdf
Goa,2018,12,513.0,512.0,PSP_Peak_2018-12.pdf
Goa,2019,1,577.0,577.0,PSP_Peak_2019-01.pdf
Goa,2019,2,595.0,594.0,PSP_Peak_2019-02.pdf
Goa,2019,3,538.0,538.0,PSP_Peak_2019-03.pdf
Goa,2019,4,594.0,594.0,PSP_Peak_2019-04.pdf
Goa,2019,5,554.0,554.0,PSP_Peak_2019-05.pdf
Goa,2019,6,622.0,621.0,PSP_Peak_2019-06.pdf
Goa,2019,7,566.0,566.0,PSP_Peak_2019-07.pdf
Goa,2019,8,561.0,561.0,PSP_Peak_2019-08.pdf
Goa,2019,9,572.0,571.0,PSP_Peak_2019-09.pdf
Goa,2019,10,590.0,590.0,PSP_Peak_2019-10.pdf
Goa,2019,11,611.0,611.0,PSP_Peak_2019-11.pdf
Goa,2019,12,625.0,625.0,PSP_Peak_2019-12.pdf
Goa,2020,1,603.0,602.0,PSP_Peak_2020-01.pdf
Goa,2020,2,609.0,609.0,PSP_Peak_2020-02.pdf
Goa,2020,3,610.0,610.0,PSP_Peak_2020-03.pdf
Goa,2020,4,480.0,479.0,PSP_Peak_2020-04.pdf
Goa,2020,5,513.0,512.0,PSP_Peak_2020-05.pdf
Goa,2020,6,516.0,515.0,PSP_Peak_2020-06.pdf
Goa,2020,7,451.0,450.0,PSP_Peak_2020-07.pdf
Goa,2020,8,536.0,532.0,PSP_Peak_2020-08.pdf
Goa,2020,9,541.0,541.0,PSP_Peak_2020-09.pdf
Goa,2020,10,546.0,546.0,PSP_Peak_2020-10.pdf
Goa,2020,11,542.0,542.0,PSP_Peak_2020-11.pdf
Goa,2020,12,520.0,520.0,PSP_Peak_2020-12.pdf
Goa,2021,1,577.0,577.0,PSP_Peak_2021-01.pdf
Goa,2021,2,583.0,583.0,PSP_Peak_2021-02.pdf
Goa,2021,3,612.0,612.0,PSP_Peak_2021-03.pdf
Goa,2021,4,614.0,605.0,PSP_Peak_2021-04.pdf
Goa,2021,5,646.0,646.0,PSP_Peak_2021-05.pdf
Goa,2021,6,587.0,587.0,PSP_Peak_2021-06.pdf
Goa,2021,7,590.0,590.0,PSP_Peak_2021-07.pdf
Goa,2021,8,607.0,605.0,PSP_Peak_2021-08.pdf
Goa,2021,9,614.0,614.0,PSP_Peak_2021-09.pdf
Goa,2021,10,639.0,639.0,PSP_Peak_2021-10.pdf
Goa,2021,11,629.0,629.0,PSP_Peak_2021-11.pdf
Goa,2021,12,610.0,610.0,PSP_Peak_2021-12.pdf
Goa,2022,1,609.0,609.0,PSP_Peak_2022-01.pdf
Goa,2022,2,625.0,625.0,PSP_Peak_2022-02.pdf
Goa,2022,3,703.0,701.0,PSP_Peak_2022-03.pdf
Goa,2022,4,718.0,713.0,PSP_Peak_2022-04.pdf
Goa,2022,5,711.0,711.0,PSP_Peak_2022-05.pdf
Goa,2022,6,65826.0,65826.0,PSP_Peak_2022-06.pdf
Goa,2022,7,53550.0,53550.0,PSP_Peak_2022-07.pdf
Goa,2022,8,56976.0,56976.0,PSP_Peak_2022-08.pdf
Goa,2022,9,57709.0,57709.0,PSP_Peak_2022-09.pdf
Goa,2022,10,58367.0,58367.0,PSP_Peak_2022-10.pdf
Goa,2022,11,66879.0,66739.0,PSP_Peak_2022-11.pdf
Goa,2022,12,71677.0,71677.0,PSP_Peak_2022-12.pdf
Goa,2023,1,71227.0,71053.0,PSP_Peak_2023-01.pdf
Goa,2023,2,69777.0,69777.0,PSP_Peak_2023-02.pdf
Goa,2023,3,70223.0,70133.0,PSP_Peak_2023-03.pdf
Goa,2023,4,70223.0,70133.0,PSP_Peak_2023-04.pdf
Goa,2023,5,68767.0,68671.0,PSP_Peak_2023-05.pdf
Goa,2023,6,69366.0,69022.0,PSP_Peak_2023-06.pdf
Goa,2023,7,58165.0,58064.0,PSP_Peak_2023-07.pdf
Goa,2023,8,76050.0,72556.0,PSP_Peak_2023-08.pdf
Goa,2023,9,75027.0,73948.0,PSP_Peak_2023-09.pdf
Goa,2023,10,71411.0,71411.0,PSP_Peak_2023-10.pdf
Goa,2023,11,73288.0,73288.0,PSP_Peak_2023-11.pdf
Goa,2023,12,74483.0,74431.0,PSP_Peak_2023-12.pdf
Goa,2024,1,1615.0,1612.0,PSP_Peak_2024-01.pdf
Goa,2024,2,73830.0,73830.0,PSP_Peak_2024-02.pdf
Goa,2024,3,70528.0,70528.0,PSP_Peak_2024-03.pdf
Goa,2024,4,73511.0,73511.0,PSP_Peak_2024-04.pdf
Goa,2024,5,74829.0,74829.0,PSP_Peak_2024-05.pdf
Goa,2024,6,74933.0,74933.0,PSP_Peak_2024-06.pdf
Goa,2024,7,62168.0,61998.0,PSP_Peak_2024-07.pdf
Goa,2024,8,67019.0,63713.0,PSP_Peak_2024-08.pdf
Goa,2024,9,69843.0,68493.0,PSP_Peak_2024-09.pdf
Goa,2024,10,68640.0,68568.0,PSP_Peak_2024-10.pdf
Goa,2024,11,72959.0,72959.0,PSP_Peak_2024-11.pdf
Goa,2024,12,77574.0,77438.0,PSP_Peak_2024-12.pdf
Goa,2025,1,1342.0,1341.0,PSP_Peak_2025-01.pdf
Goa,2025,2,80861.0,80523.0,PSP_Peak_2025-02.pdf
Goa,2025,3,78082.0,78082.0,PSP_Peak_2025-03.pdf
Goa,2025,4,824.0,821.0,PSP_Peak_2025-04.pdf
Goa,2025,5,76126.0,76126.0,PSP_Peak_2025-05.pdf
Goa,2025,6,71603.0,71578.0,PSP_Peak_2025-06.pdf
Goa,2025,7,65375.0,64856.0,PSP_Peak_2025-07.pdf
Goa,2025,8,70779.0,70779.0,PSP_Peak_2025-08.pdf
Goa,2025,9,68591.0,68591.0,PSP_Peak_2025-09.pdf
Goa,2025,10,68618.0,68498.0,PSP_Peak_2025-10.pdf
Goa,2025,11,75153.0,75153.0,PSP_Peak_2025-11.pdf
Goa,2025,12,80307.0,80307.0,PSP_Peak_2025-12.pdf
Goa,2026,1,1836.0,1835.0,PSP_Peak_2026-01.pdf
Goa,2026,2,1864.0,1864.0,PSP_Peak_2026-02.pdf
Goa,2026,3,1946.0,1946.0,PSP_Peak_2026-03.pdf
Goa,2026,4,1953.0,1951.0,PSP_Peak_2026-04.pdf
Goa,2026,5,82114.0,82000.0,PSP_Peak_2026-05.pdf
Goa,2026,6,80330.0,80330.0,PSP_Peak_2026-06.pdf
Goa,2026,7,74692.0,74692.0,PSP_Peak_2026-07.pdf
Goa,2026,8,1736.0,1736.0,PSP_Peak_2026-08.pdf
Gujarat,2015,1,11844.0,11804.0,PSP_Peak_2015-01.pdf
Gujarat,2015,2,12277.0,12273.0,PSP_Peak_2015-02.pdf
Gujarat,2015,3,12724.0,12719.0,PSP_Peak_2015-03.pdf
Gujarat,2015,4,13207.0,13178.0,PSP_Peak_2015-04.pdf
Gujarat,2015,5,13314.0,13188.0,PSP_Peak_2015-05.pdf
Gujarat,2015,6,13266.0,13237.0,PSP_Peak_2015-06.pdf
Gujarat,2015,7,14443.0,14417.0,PSP_Peak_2015-07.pdf
Gujarat,2015,8,14422.0,14391.0,PSP_Peak_2015-08.pdf
Gujarat,2015,9,14495.0,14448.0,PSP_Peak_2015-09.pdf
Gujarat,2015,10,14092.0,14062.0,PSP_Peak_2015-10.pdf
Gujarat,2015,11,13280.0,13276.0,PSP_Peak_2015-11.pdf
Gujarat,2015,12,12348.0,12317.0,PSP_Peak_2015-12.pdf
Gujarat,2016,1,12892.0,12882.0,PSP_Peak_2016-01.pdf
Gujarat,2016,2,12745.0,12735.0,PSP_Peak_2016-02.pdf
Gujarat,2016,3,13312.0,13283.0,PSP_Peak_2016-03.pdf
Gujarat,2016,4,13533.0,13513.0,PSP_Peak_2016-04.pdf
Gujarat,2016,5,14701.0,14664.0,PSP_Peak_2016-05.pdf
Gujarat,2016,6,14724.0,14708.0,PSP_Peak_2016-06.pdf
Gujarat,2016,7,12692.0,12692.0,PSP_Peak_2016-07.pdf
Gujarat,2016,8,12564.0,12564.0,PSP_Peak_2016-08.pdf
Gujarat,2016,10,14134.0,14134.0,PSP_Peak_2016-10.pdf
Gujarat,2016,11,12915.0,12911.0,PSP_Peak_2016-11.pdf
Gujarat,2016,12,12920.0,12883.0,PSP_Peak_2016-12.pdf
Gujarat,2017,1,13188.0,13174.0,PSP_Peak_2017-01.pdf
Gujarat,2017,2,13359.0,13354.0,PSP_Peak_2017-02.pdf
Gujarat,2017,3,14724.0,14719.0,PSP_Peak_2017-03.pdf
Gujarat,2017,4,15285.0,15285.0,PSP_Peak_2017-04.pdf
Gujarat,2017,5,15325.0,15325.0,PSP_Peak_2017-05.pdf
Gujarat,2017,6,15695.0,15695.0,PSP_Peak_2017-06.pdf
Gujarat,2017,7,11954.0,11946.0,PSP_Peak_2017-07.pdf
Gujarat,2017,8,14689.0,14689.0,PSP_Peak_2017-08.pdf
Gujarat,2017,9,15498.0,15498.0,PSP_Peak_2017-09.pdf
Gujarat,2017,10,16590.0,16590.0,PSP_Peak_2017-10.pdf
Gujarat,2017,11,14745.0,14735.0,PSP_Peak_2017-11.pdf
Gujarat,2017,12,14723.0,14664.0,PSP_Peak_2017-12.pdf
Gujarat,2018,1,14031.0,14021.0,PSP_Peak_2018-01.pdf
Gujarat,2018,2,14252.0,14246.0,PSP_Peak_2018-02.pdf
Gujarat,2018,3,14820.0,14782.0,PSP_Peak_2018-03.pdf
Gujarat,2018,4,15016.0,15005.0,PSP_Peak_2018-04.pdf
Gujarat,2018,5,17053.0,15855.0,PSP_Peak_2018-05.pdf
Gujarat,2018,6,16404.0,16327.0,PSP_Peak_2018-06.pdf
Gujarat,2018,7,14590.0,14569.0,PSP_Peak_2018-07.pdf
Gujarat,2018,8,16717.0,16705.0,PSP_Peak_2018-08.pdf
Gujarat,2018,9,16963.0,16963.0,PSP_Peak_2018-09.pdf
Gujarat,2018,10,16624.0,16606.0,PSP_Peak_2018-10.pdf
Gujarat,2018,11,14632.0,14610.0,PSP_Peak_2018-11.pdf
Gujarat,2018,12,14304.0,14272.0,PSP_Peak_2018-12.pdf
Gujarat,2019,1,14897.0,14891.0,PSP_Peak_2019-01.pdf
Gujarat,2019,2,15409.0,15409.0,PSP_Peak_2019-02.pdf
Gujarat,2019,3,16263.0,16263.0,PSP_Peak_2019-03.pdf
Gujarat,2019,4,17871.0,17865.0,PSP_Peak_2019-04.pdf
Gujarat,2019,5,18094.0,18094.0,PSP_Peak_2019-05.pdf
Gujarat,2019,6,18437.0,18424.0,PSP_Peak_2019-06.pdf
Gujarat,2019,7,17577.0,17577.0,PSP_Peak_2019-07.pdf
Gujarat,2019,8,14599.0,14599.0,PSP_Peak_2019-08.pdf
Gujarat,2019,9,14487.0,14487.0,PSP_Peak_2019-09.pdf
Gujarat,2019,10,16499.0,16499.0,PSP_Peak_2019-10.pdf
Gujarat,2019,11,15992.0,15992.0,PSP_Peak_2019-11.pdf
Gujarat,2019,12,16148.0,16097.0,PSP_Peak_2019-12.pdf
Gujarat,2020,1,16189.0,16189.0,PSP_Peak_2020-01.pdf
Gujarat,2020,2,16538.0,16538.0,PSP_Peak_2020-02.pdf
Gujarat,2020,3,16816.0,16816.0,PSP_Peak_2020-03.pdf
Gujarat,2020,4,13508.0,13508.0,PSP_Peak_2020-04.pdf
Gujarat,2020,5,15589.0,15578.0,PSP_Peak_2020-05.pdf
Gujarat,2020,6,15924.0,15924.0,PSP_Peak_2020-06.pdf
Gujarat,2020,7,15741.0,15741.0,PSP_Peak_2020-07.pdf
Gujarat,2020,8,14829.0,14829.0,PSP_Peak_2020-08.pdf
Gujarat,2020,9,15749.0,15749.0,PSP_Peak_2020-09.pdf
Gujarat,2020,10,17304.0,17298.0,PSP_Peak_2020-10.pdf
Gujarat,2020,11,16596.0,16596.0,PSP_Peak_2020-11.pdf
Gujarat,2020,12,16759.0,16759.0,PSP_Peak_2020-12.pdf
Gujarat,2021,1,17323.0,17305.0,PSP_Peak_2021-01.pdf
Gujarat,2021,2,17304.0,17292.0,PSP_Peak_2021-02.pdf
Gujarat,2021,3,18528.0,18483.0,PSP_Peak_2021-03.pdf
Gujarat,2021,4,19360.0,19360.0,PSP_Peak_2021-04.pdf
Gujarat,2021,5,17924.0,17918.0,PSP_Peak_2021-05.pdf
Gujarat,2021,6,18112.0,18093.0,PSP_Peak_2021-06.pdf
Gujarat,2021,7,19007.0,19007.0,PSP_Peak_2021-07.pdf
Gujarat,2021,8,19451.0,19431.0,PSP_Peak_2021-08.pdf
Gujarat,2021,9,15499.0,15421.0,PSP_Peak_2021-09.pdf
Gujarat,2021,10,17420.0,17420.0,PSP_Peak_2021-10.pdf
Gujarat,2021,11,17076.0,17076.0,PSP_Peak_2021-11.pdf
Gujarat,2021,12,18022.0,17709.0,PSP_Peak_2021-12.pdf
Gujarat,2022,1,17680.0,17680.0,PSP_Peak_2022-01.pdf
Gujarat,2022,2,17493.0,17456.0,PSP_Peak_2022-02.pdf
Gujarat,2022,3,19348.0,19301.0,PSP_Peak_2022-03.pdf
Gujarat,2022,4,21464.0,21382.0,PSP_Peak_2022-04.pdf
Gujarat,2022,5,20769.0,20769.0,PSP_Peak_2022-05.pdf
Gujarat,2022,6,21236.0,21236.0,PSP_Peak_2022-06.pdf
Gujarat,2022,7,17428.0,17428.0,PSP_Peak_2022-07.pdf
Gujarat,2022,8,17632.0,17632.0,PSP_Peak_2022-08.pdf
Gujarat,2022,9,20341.0,20341.0,PSP_Peak_2022-09.pdf
Gujarat,2022,10,20275.0,20254.0,PSP_Peak_2022-10.pdf
Gujarat,2022,11,19704.0,19704.0,PSP_Peak_2022-11.pdf
Gujarat,2022,12,20146.0,20111.0,PSP_Peak_2022-12.pdf
Gujarat,2023,1,19699.0,19658.0,PSP_Peak_2023-01.pdf
Gujarat,2023,2,19185.0,19185.0,PSP_Peak_2023-02.pdf
Gujarat,2023,3,19464.0,19464.0,PSP_Peak_2023-03.pdf
Gujarat,2023,4,19464.0,19464.0,PSP_Peak_2023-04.pdf
Gujarat,2023,5,21340.0,21310.0,PSP_Peak_2023-05.pdf
Gujarat,2023,6,22225.0,22225.0,PSP_Peak_2023-06.pdf
Gujarat,2023,7,17715.0,17672.0,PSP_Peak_2023-07.pdf
Gujarat,2023,8,23012.0,22972.0,PSP_Peak_2023-08.pdf
Gujarat,2023,9,24829.0,24544.0,PSP_Peak_2023-09.pdf
Gujarat,2023,10,21689.0,21689.0,PSP_Peak_2023-10.pdf
Gujarat,2023,11,21702.0,21694.0,PSP_Peak_2023-11.pdf
Gujarat,2023,12,21430.0,21408.0,PSP_Peak_2023-12.pdf
Gujarat,2024,1,21861.0,21861.0,PSP_Peak_2024-01.pdf
Gujarat,2024,2,21248.0,21248.0,PSP_Peak_2024-02.pdf
Gujarat,2024,3,21843.0,21843.0,PSP_Peak_2024-03.pdf
Gujarat,2024,4,23933.0,23916.0,PSP_Peak_2024-04.pdf
Gujarat,2024,5,24922.0,24922.0,PSP_Peak_2024-05.pdf
Gujarat,2024,6,25588.0,25588.0,PSP_Peak_2024-06.pdf
Gujarat,2024,7,19991.0,19991.0,PSP_Peak_2024-07.pdf
Gujarat,2024,8,21918.0,21918.0,PSP_Peak_2024-08.pdf
Gujarat,2024,9,24205.0,24205.0,PSP_Peak_2024-09.pdf
Gujarat,2024,10,22092.0,22092.0,PSP_Peak_2024-10.pdf
Gujarat,2024,11,21493.0,21493.0,PSP_Peak_2024-11.pdf
Gujarat,2024,12,22461.0,22453.0,PSP_Peak_2024-12.pdf
Gujarat,2025,1,23929.0,23929.0,PSP_Peak_2025-01.pdf
Gujarat,2025,2,23780.0,23780.0,PSP_Peak_2025-02.pdf
Gujarat,2025,3,24395.0,24378.0,PSP_Peak_2025-03.pdf
Gujarat,2025,4,26430.0,26421.0,PSP_Peak_2025-04.pdf
Gujarat,2025,5,25699.0,25681.0,PSP_Peak_2025-05.pdf
Gujarat,2025,6,26457.0,26457.0,PSP_Peak_2025-06.pdf
Gujarat,2025,7,20751.0,20751.0,PSP_Peak_2025-07.pdf
Gujarat,2025,8,25059.0,24998.0,PSP_Peak_2025-08.pdf
Gujarat,2025,9,24291.0,24274.0,PSP_Peak_2025-09.pdf
Gujarat,2025,10,21822.0,21822.0,PSP_Peak_2025-10.pdf
Gujarat,2025,11,23296.0,23296.0,PSP_Peak_2025-11.pdf
Gujarat,2025,12,24369.0,24369.0,PSP_Peak_2025-12.pdf
Gujarat,2026,1,25495.0,25495.0,PSP_Peak_2026-01.pdf
Gujarat,2026,2,24764.0,24764.0,PSP_Peak_2026-02.pdf
Gujarat,2026,3,23843.0,23843.0,PSP_Peak_2026-03.pdf
Gujarat,2026,4,25795.0,25786.0,PSP_Peak_2026-04.pdf
Gujarat,2026,5,26455.0,26418.0,PSP_Peak_2026-05.pdf
Gujarat,2026,6,28853.0,28833.0,PSP_Peak_2026-06.pdf
Gujarat,2026,7,25611.0,25611.0,PSP_Peak_2026-07.pdf
Gujarat,2026,8,28390.0,28390.0,PSP_Peak_2026-08.pdf
Haryana,2015,1,6720.0,6720.0,PSP_Peak_2015-01.pdf
Haryana,2015,2,6692.0,6692.0,PSP_Peak_2015-02.pdf
Haryana,2015,3,6010.0,6010.0,PSP_Peak_2015-03.pdf
Haryana,2015,4,6370.0,6370.0,PSP_Peak_2015-04.pdf
Haryana,2015,5,7400.0,7400.0,PSP_Peak_2015-05.pdf
Haryana,2015,6,8086.0,8086.0,PSP_Peak_2015-06.pdf
Haryana,2015,7,8531.0,8504.0,PSP_Peak_2015-07.pdf
Haryana,2015,8,8871.0,8871.0,PSP_Peak_2015-08.pdf
Haryana,2015,9,9113.0,9113.0,PSP_Peak_2015-09.pdf
Haryana,2015,10,8215.0,7962.0,PSP_Peak_2015-10.pdf
Haryana,2015,11,6610.0,6610.0,PSP_Peak_2015-11.pdf
Haryana,2015,12,6502.0,6502.0,PSP_Peak_2015-12.pdf
Haryana,2016,1,7045.0,7045.0,PSP_Peak_2016-01.pdf
Haryana,2016,2,6799.0,6799.0,PSP_Peak_2016-02.pdf
Haryana,2016,3,6433.0,6433.0,PSP_Peak_2016-03.pdf
Haryana,2016,4,7477.0,7477.0,PSP_Peak_2016-04.pdf
Haryana,2016,5,7950.0,7950.0,PSP_Peak_2016-05.pdf
Haryana,2016,6,8763.0,8763.0,PSP_Peak_2016-06.pdf
Haryana,2016,7,9262.0,9262.0,PSP_Peak_2016-07.pdf
Haryana,2016,8,8984.0,8984.0,PSP_Peak_2016-08.pdf
Haryana,2016,9,9109.0,9109.0,PSP_Peak_2016-09.pdf
Haryana,2016,10,8181.0,8181.0,PSP_Peak_2016-10.pdf
Haryana,2016,11,6642.0,6642.0,PSP_Peak_2016-11.pdf
Haryana,2016,12,6561.0,6561.0,PSP_Peak_2016-12.pdf
Haryana,2017,1,6815.0,6815.0,PSP_Peak_2017-01.pdf
Haryana,2017,2,6556.0,6556.0,PSP_Peak_2017-02.pdf
Haryana,2017,3,6668.0,6668.0,PSP_Peak_2017-03.pdf
Haryana,2017,4,7463.0,7463.0,PSP_Peak_2017-04.pdf
Haryana,2017,5,7780.0,7780.0,PSP_Peak_2017-05.pdf
Haryana,2017,6,8912.0,8912.0,PSP_Peak_2017-06.pdf
Haryana,2017,7,9539.0,9539.0,PSP_Peak_2017-07.pdf
Haryana,2017,8,9671.0,9501.0,PSP_Peak_2017-08.pdf
Haryana,2017,9,9215.0,8932.0,PSP_Peak_2017-09.pdf
Haryana,2017,10,7860.0,7860.0,PSP_Peak_2017-10.pdf
Haryana,2017,11,6593.0,6593.0,PSP_Peak_2017-11.pdf
Haryana,2017,12,7042.0,7042.0,PSP_Peak_2017-12.pdf
Haryana,2018,1,6990.0,6940.0,PSP_Peak_2018-01.pdf
Haryana,2018,2,7120.0,7120.0,PSP_Peak_2018-02.pdf
Haryana,2018,3,6815.0,6815.0,PSP_Peak_2018-03.pdf
Haryana,2018,4,7706.0,7706.0,PSP_Peak_2018-04.pdf
Haryana,2018,5,8351.0,8351.0,PSP_Peak_2018-05.pdf
Haryana,2018,6,10050.0,10050.0,PSP_Peak_2018-06.pdf
Haryana,2018,7,10270.0,10270.0,PSP_Peak_2018-07.pdf
Haryana,2018,8,9415.0,9415.0,PSP_Peak_2018-08.pdf
Haryana,2018,9,9008.0,9008.0,PSP_Peak_2018-09.pdf
Haryana,2018,10,7948.0,7948.0,PSP_Peak_2018-10.pdf
Haryana,2018,11,6445.0,6445.0,PSP_Peak_2018-11.pdf
Haryana,2018,12,6865.0,6865.0,PSP_Peak_2018-12.pdf
Haryana,2019,1,7078.0,7078.0,PSP_Peak_2019-01.pdf
Haryana,2019,2,6946.0,6946.0,PSP_Peak_2019-02.pdf
Haryana,2019,3,6544.0,6544.0,PSP_Peak_2019-03.pdf
Haryana,2019,4,8127.0,8127.0,PSP_Peak_2019-04.pdf
Haryana,2019,5,8874.0,8874.0,PSP_Peak_2019-05.pdf
Haryana,2019,6,10237.0,10237.0,PSP_Peak_2019-06.pdf
Haryana,2019,7,11001.0,11001.0,PSP_Peak_2019-07.pdf
Haryana,2019,8,10130.0,10130.0,PSP_Peak_2019-08.pdf
Haryana,2019,9,10451.0,10451.0,PSP_Peak_2019-09.pdf
Haryana,2019,10,7779.0,7779.0,PSP_Peak_2019-10.pdf
Haryana,2019,11,6138.0,6138.0,PSP_Peak_2019-11.pdf
Haryana,2019,12,7049.0,7049.0,PSP_Peak_2019-12.pdf
Haryana,2020,1,7016.0,7016.0,PSP_Peak_2020-01.pdf
Haryana,2020,2,7520.0,7520.0,PSP_Peak_2020-02.pdf
Haryana,2020,3,6338.0,6338.0,PSP_Peak_2020-03.pdf
Haryana,2020,4,6422.0,6422.0,PSP_Peak_2020-04.pdf
Haryana,2020,5,8011.0,8011.0,PSP_Peak_2020-05.pdf
Haryana,2020,6,10308.0,10308.0,PSP_Peak_2020-06.pdf
Haryana,2020,7,10982.0,10982.0,PSP_Peak_2020-07.pdf
Haryana,2020,8,10159.0,10159.0,PSP_Peak_2020-08.pdf
Haryana,2020,9,10009.0,10009.0,PSP_Peak_2020-09.pdf
Haryana,2020,10,8500.0,8500.0,PSP_Peak_2020-10.pdf
Haryana,2020,11,6396.0,6396.0,PSP_Peak_2020-11.pdf
Haryana,2020,12,7068.0,7068.0,PSP_Peak_2020-12.pdf
Haryana,2021,1,7310.0,7310.0,PSP_Peak_2021-01.pdf
Haryana,2021,2,7317.0,7317.0,PSP_Peak_2021-02.pdf
Haryana,2021,3,7018.0,7018.0,PSP_Peak_2021-03.pdf
Haryana,2021,4,7763.0,7763.0,PSP_Peak_2021-04.pdf
Haryana,2021,5,8286.0,8286.0,PSP_Peak_2021-05.pdf
Haryana,2021,6,11383.0,11383.0,PSP_Peak_2021-06.pdf
Haryana,2021,7,12120.0,12120.0,PSP_Peak_2021-07.pdf
Haryana,2021,8,11378.0,11378.0,PSP_Peak_2021-08.pdf
Haryana,2021,9,8980.0,8980.0,PSP_Peak_2021-09.pdf
Haryana,2021,10,8803.0,8803.0,PSP_Peak_2021-10.pdf
Haryana,2021,11,6785.0,6785.0,PSP_Peak_2021-11.pdf
Haryana,2021,12,7613.0,7613.0,PSP_Peak_2021-12.pdf
Haryana,2022,1,7164.0,7164.0,PSP_Peak_2022-01.pdf
Haryana,2022,2,7208.0,7208.0,PSP_Peak_2022-02.pdf
Haryana,2022,3,7792.0,7792.0,PSP_Peak_2022-03.pdf
Haryana,2022,4,9320.0,9320.0,PSP_Peak_2022-04.pdf
Haryana,2022,5,10052.0,10052.0,PSP_Peak_2022-05.pdf
Haryana,2022,6,12768.0,12768.0,PSP_Peak_2022-06.pdf
Haryana,2022,7,12327.0,12327.0,PSP_Peak_2022-07.pdf
Haryana,2022,8,12015.0,12015.0,PSP_Peak_2022-08.pdf
Haryana,2022,9,12015.0,12015.0,PSP_Peak_2022-09.pdf
Haryana,2022,10,8663.0,8663.0,PSP_Peak_2022-10.pdf
Haryana,2022,11,7578.0,7578.0,PSP_Peak_2022-11.pdf
Haryana,2022,12,8137.0,8137.0,PSP_Peak_2022-12.pdf
Haryana,2023,1,8259.0,8259.0,PSP_Peak_2023-01.pdf
Haryana,2023,2,8570.0,8570.0,PSP_Peak_2023-02.pdf
Haryana,2023,3,7732.0,7732.0,PSP_Peak_2023-03.pdf
Haryana,2023,4,9054.0,7604.0,PSP_Peak_2023-04.pdf
Haryana,2023,5,10654.0,10020.0,PSP_Peak_2023-05.pdf
Haryana,2023,6,11634.0,11634.0,PSP_Peak_2023-06.pdf
Haryana,2023,7,12260.0,12227.0,PSP_Peak_2023-07.pdf
Haryana,2023,8,13088.0,12844.0,PSP_Peak_2023-08.pdf
Haryana,2023,9,12753.0,12753.0,PSP_Peak_2023-09.pdf
Haryana,2023,10,9947.0,9947.0,PSP_Peak_2023-10.pdf
Haryana,2023,11,7685.0,7685.0,PSP_Peak_2023-11.pdf
Haryana,2023,12,8225.0,8225.0,PSP_Peak_2023-12.pdf
Haryana,2024,1,9530.0,9530.0,PSP_Peak_2024-01.pdf
Haryana,2024,2,8868.0,8868.0,PSP_Peak_2024-02.pdf
Haryana,2024,3,7747.0,7747.0,PSP_Peak_2024-03.pdf
Haryana,2024,4,9502.0,9502.0,PSP_Peak_2024-04.pdf
Haryana,2024,5,12451.0,12451.0,PSP_Peak_2024-05.pdf
Haryana,2024,6,14469.0,14469.0,PSP_Peak_2024-06.pdf
Haryana,2024,7,14662.0,14662.0,PSP_Peak_2024-07.pdf
Haryana,2024,8,12703.0,12703.0,PSP_Peak_2024-08.pdf
Haryana,2024,9,12414.0,12414.0,PSP_Peak_2024-09.pdf
Haryana,2024,10,11087.0,11087.0,PSP_Peak_2024-10.pdf
Haryana,2024,11,7848.0,7848.0,PSP_Peak_2024-11.pdf
Haryana,2024,12,9351.0,9351.0,PSP_Peak_2024-12.pdf
Haryana,2025,1,9157.0,9157.0,PSP_Peak_2025-01.pdf
Haryana,2025,2,9602.0,9602.0,PSP_Peak_2025-02.pdf
Haryana,2025,3,8750.0,8750.0,PSP_Peak_2025-03.pdf
Haryana,2025,4,9937.0,9937.0,PSP_Peak_2025-04.pdf
Haryana,2025,5,12526.0,12526.0,PSP_Peak_2025-05.pdf
Haryana,2025,6,13600.0,13600.0,PSP_Peak_2025-06.pdf
Haryana,2025,7,14084.0,14084.0,PSP_Peak_2025-07.pdf
Haryana,2025,8,13010.0,13010.0,PSP_Peak_2025-08.pdf
Haryana,2025,9,12787.0,12787.0,PSP_Peak_2025-09.pdf
Haryana,2025,10,11372.0,11372.0,PSP_Peak_2025-10.pdf
Haryana,2025,11,8795.0,8795.0,PSP_Peak_2025-11.pdf
Haryana,2025,12,9512.0,9512.0,PSP_Peak_2025-12.pdf
Haryana,2026,1,10156.0,10156.0,PSP_Peak_2026-01.pdf
Haryana,2026,2,9621.0,9621.0,PSP_Peak_2026-02.pdf
Haryana,2026,3,8822.0,8822.0,PSP_Peak_2026-03.pdf
Haryana,2026,4,11018.0,11018.0,PSP_Peak_2026-04.pdf
Haryana,2026,5,13507.0,13507.0,PSP_Peak_2026-05.pdf
Haryana,2026,6,15558.0,15558.0,PSP_Peak_2026-06.pdf
Haryana,2026,7,16170.0,16170.0,PSP_Peak_2026-07.pdf
Haryana,2026,8,14895.0,14895.0,PSP_Peak_2026-08.pdf
Himachal Pradesh,2015,1,1417.0,1403.0,PSP_Peak_2015-01.pdf
Himachal Pradesh,2015,2,1422.0,1422.0,PSP_Peak_2015-02.pdf
Himachal Pradesh,2015,3,1365.0,1365.0,PSP_Peak_2015-03.pdf
Himachal Pradesh,2015,4,1379.0,1379.0,PSP_Peak_2015-04.pdf
Himachal Pradesh,2015,5,1311.0,1311.0,PSP_Peak_2015-05.pdf
Himachal Pradesh,2015,6,1299.0,1299.0,PSP_Peak_2015-06.pdf
Himachal Pradesh,2015,7,1337.0,1337.0,PSP_Peak_2015-07.pdf
Himachal Pradesh,2015,8,1312.0,1312.0,PSP_Peak_2015-08.pdf
Himachal Pradesh,2015,9,1300.0,1300.0,PSP_Peak_2015-09.pdf
Himachal Pradesh,2015,10,1338.0,1338.0,PSP_Peak_2015-10.pdf
Himachal Pradesh,2015,11,1361.0,1361.0,PSP_Peak_2015-11.pdf
Himachal Pradesh,2015,12,1488.0,1488.0,PSP_Peak_2015-12.pdf
Himachal Pradesh,2016,1,1480.0,1480.0,PSP_Peak_2016-01.pdf
Himachal Pradesh,2016,2,1457.0,1457.0,PSP_Peak_2016-02.pdf
Himachal Pradesh,2016,3,1428.0,1428.0,PSP_Peak_2016-03.pdf
Himachal Pradesh,2016,4,1272.0,1272.0,PSP_Peak_2016-04.pdf
Himachal Pradesh,2016,5,1270.0,1270.0,PSP_Peak_2016-05.pdf
Himachal Pradesh,2016,6,1330.0,1330.0,PSP_Peak_2016-06.pdf
Himachal Pradesh,2016,7,1297.0,1297.0,PSP_Peak_2016-07.pdf
Himachal Pradesh,2016,8,1293.0,1293.0,PSP_Peak_2016-08.pdf
Himachal Pradesh,2016,9,1329.0,1329.0,PSP_Peak_2016-09.pdf
Himachal Pradesh,2016,10,1342.0,1342.0,PSP_Peak_2016-10.pdf
Himachal Pradesh,2016,11,1410.0,1410.0,PSP_Peak_2016-11.pdf
Himachal Pradesh,2016,12,1408.0,1408.0,PSP_Peak_2016-12.pdf
Himachal Pradesh,2017,1,1492.0,1492.0,PSP_Peak_2017-01.pdf
Himachal Pradesh,2017,2,1479.0,1479.0,PSP_Peak_2017-02.pdf
Himachal Pradesh,2017,3,1499.0,1499.0,PSP_Peak_2017-03.pdf
Himachal Pradesh,2017,4,1329.0,1329.0,PSP_Peak_2017-04.pdf
Himachal Pradesh,2017,5,1349.0,1349.0,PSP_Peak_2017-05.pdf
Himachal Pradesh,2017,6,1377.0,1377.0,PSP_Peak_2017-06.pdf
Himachal Pradesh,2017,7,1346.0,1346.0,PSP_Peak_2017-07.pdf
Himachal Pradesh,2017,8,1369.0,1369.0,PSP_Peak_2017-08.pdf
Himachal Pradesh,2017,9,1413.0,1413.0,PSP_Peak_2017-09.pdf
Himachal Pradesh,2017,10,1425.0,1425.0,PSP_Peak_2017-10.pdf
Himachal Pradesh,2017,11,1491.0,1491.0,PSP_Peak_2017-11.pdf
Himachal Pradesh,2017,12,1560.0,1560.0,PSP_Peak_2017-12.pdf
Himachal Pradesh,2018,1,1594.0,1594.0,PSP_Peak_2018-01.pdf
Himachal Pradesh,2018,2,1555.0,1555.0,PSP_Peak_2018-02.pdf
Himachal Pradesh,2018,3,1494.0,1494.0,PSP_Peak_2018-03.pdf
Himachal Pradesh,2018,4,1424.0,1424.0,PSP_Peak_2018-04.pdf
Himachal Pradesh,2018,5,1405.0,1405.0,PSP_Peak_2018-05.pdf
Himachal Pradesh,2018,6,1474.0,1474.0,PSP_Peak_2018-06.pdf
Himachal Pradesh,2018,7,1471.0,1471.0,PSP_Peak_2018-07.pdf
Himachal Pradesh,2018,8,1479.0,1479.0,PSP_Peak_2018-08.pdf
Himachal Pradesh,2018,9,1466.0,1466.0,PSP_Peak_2018-09.pdf
Himachal Pradesh,2018,10,1520.0,1520.0,PSP_Peak_2018-10.pdf
Himachal Pradesh,2018,11,1605.0,1605.0,PSP_Peak_2018-11.pdf
Himachal Pradesh,2018,12,1700.0,1700.0,PSP_Peak_2018-12.pdf
Himachal Pradesh,2019,1,1686.0,1686.0,PSP_Peak_2019-01.pdf
Himachal Pradesh,2019,2,1679.0,1679.0,PSP_Peak_2019-02.pdf
Himachal Pradesh,2019,3,1683.0,1683.0,PSP_Peak_2019-03.pdf
Himachal Pradesh,2019,4,1387.0,1387.0,PSP_Peak_2019-04.pdf
Himachal Pradesh,2019,5,1480.0,1480.0,PSP_Peak_2019-05.pdf
Himachal Pradesh,2019,6,1619.0,1619.0,PSP_Peak_2019-06.pdf
Himachal Pradesh,2019,7,1531.0,1527.0,PSP_Peak_2019-07.pdf
Himachal Pradesh,2019,8,1565.0,1565.0,PSP_Peak_2019-08.pdf
Himachal Pradesh,2019,9,1517.0,1517.0,PSP_Peak_2019-09.pdf
Himachal Pradesh,2019,10,1542.0,1542.0,PSP_Peak_2019-10.pdf
Himachal Pradesh,2019,11,1629.0,1629.0,PSP_Peak_2019-11.pdf
Himachal Pradesh,2019,12,1729.0,1729.0,PSP_Peak_2019-12.pdf
Himachal Pradesh,2020,1,1786.0,1786.0,PSP_Peak_2020-01.pdf
Himachal Pradesh,2020,2,1742.0,1742.0,PSP_Peak_2020-02.pdf
Himachal Pradesh,2020,3,1656.0,1656.0,PSP_Peak_2020-03.pdf
Himachal Pradesh,2020,4,900.0,900.0,PSP_Peak_2020-04.pdf
Himachal Pradesh,2020,5,1312.0,1312.0,PSP_Peak_2020-05.pdf
Himachal Pradesh,2020,6,1423.0,1423.0,PSP_Peak_2020-06.pdf
Himachal Pradesh,2020,7,1479.0,1479.0,PSP_Peak_2020-07.pdf
Himachal Pradesh,2020,8,1456.0,1456.0,PSP_Peak_2020-08.pdf
Himachal Pradesh,2020,9,1552.0,1537.0,PSP_Peak_2020-09.pdf
Himachal Pradesh,2020,10,1556.0,1556.0,PSP_Peak_2020-10.pdf
Himachal Pradesh,2020,11,1737.0,1737.0,PSP_Peak_2020-11.pdf
Himachal Pradesh,2020,12,1896.0,1896.0,PSP_Peak_2020-12.pdf
Himachal Pradesh,2021,1,1932.0,1932.0,PSP_Peak_2021-01.pdf
Himachal Pradesh,2021,2,1867.0,1867.0,PSP_Peak_2021-02.pdf
Himachal Pradesh,2021,3,1806.0,1806.0,PSP_Peak_2021-03.pdf
Himachal Pradesh,2021,4,1568.0,1568.0,PSP_Peak_2021-04.pdf
Himachal Pradesh,2021,5,1440.0,1440.0,PSP_Peak_2021-05.pdf
Himachal Pradesh,2021,6,1578.0,1578.0,PSP_Peak_2021-06.pdf
Himachal Pradesh,2021,7,1598.0,1598.0,PSP_Peak_2021-07.pdf
Himachal Pradesh,2021,8,1589.0,1589.0,PSP_Peak_2021-08.pdf
Himachal Pradesh,2021,9,1566.0,1566.0,PSP_Peak_2021-09.pdf
Himachal Pradesh,2021,10,1732.0,1732.0,PSP_Peak_2021-10.pdf
Himachal Pradesh,2021,11,1832.0,1819.0,PSP_Peak_2021-11.pdf
Himachal Pradesh,2021,12,1955.0,1955.0,PSP_Peak_2021-12.pdf
Himachal Pradesh,2022,1,2030.0,2030.0,PSP_Peak_2022-01.pdf
Himachal Pradesh,2022,2,1968.0,1968.0,PSP_Peak_2022-02.pdf
Himachal Pradesh,2022,3,1879.0,1879.0,PSP_Peak_2022-03.pdf
Himachal Pradesh,2022,4,1717.0,1717.0,PSP_Peak_2022-04.pdf
Himachal Pradesh,2022,5,1644.0,1644.0,PSP_Peak_2022-05.pdf
Himachal Pradesh,2022,6,1739.0,1739.0,PSP_Peak_2022-06.pdf
Himachal Pradesh,2022,7,1732.0,1732.0,PSP_Peak_2022-07.pdf
Himachal Pradesh,2022,8,1711.0,1711.0,PSP_Peak_2022-08.pdf
Himachal Pradesh,2022,9,1748.0,1748.0,PSP_Peak_2022-09.pdf
Himachal Pradesh,2022,10,1771.0,1771.0,PSP_Peak_2022-10.pdf
Himachal Pradesh,2022,11,1965.0,1965.0,PSP_Peak_2022-11.pdf
Himachal Pradesh,2022,12,2004.0,2004.0,PSP_Peak_2022-12.pdf
Himachal Pradesh,2023,1,2071.0,2071.0,PSP_Peak_2023-01.pdf
Himachal Pradesh,2023,2,1977.0,1977.0,PSP_Peak_2023-02.pdf
Himachal Pradesh,2023,3,1922.0,1922.0,PSP_Peak_2023-03.pdf
Himachal Pradesh,2023,4,1809.0,1809.0,PSP_Peak_2023-04.pdf
Himachal Pradesh,2023,5,1702.0,1702.0,PSP_Peak_2023-05.pdf
Himachal Pradesh,2023,6,1753.0,1753.0,PSP_Peak_2023-06.pdf
Himachal Pradesh,2023,7,1775.0,1775.0,PSP_Peak_2023-07.pdf
Himachal Pradesh,2023,8,1724.0,1724.0,PSP_Peak_2023-08.pdf
Himachal Pradesh,2023,9,1758.0,1758.0,PSP_Peak_2023-09.pdf
Himachal Pradesh,2023,10,1871.0,1871.0,PSP_Peak_2023-10.pdf
Himachal Pradesh,2023,11,1977.0,1977.0,PSP_Peak_2023-11.pdf
Himachal Pradesh,2023,12,2162.0,2162.0,PSP_Peak_2023-12.pdf
Himachal Pradesh,2024,1,2181.0,2181.0,PSP_Peak_2024-01.pdf
Himachal Pradesh,2024,2,2133.0,2133.0,PSP_Peak_2024-02.pdf
Himachal Pradesh,2024,3,1982.0,1982.0,PSP_Peak_2024-03.pdf
Himachal Pradesh,2024,4,1819.0,1819.0,PSP_Peak_2024-04.pdf
Himachal Pradesh,2024,5,1827.0,1827.0,PSP_Peak_2024-05.pdf
Himachal Pradesh,2024,6,1919.0,1919.0,PSP_Peak_2024-06.pdf
Himachal Pradesh,2024,7,1888.0,1888.0,PSP_Peak_2024-07.pdf
Himachal Pradesh,2024,8,1732.0,1732.0,PSP_Peak_2024-08.pdf
Himachal Pradesh,2024,9,1884.0,1884.0,PSP_Peak_2024-09.pdf
Himachal Pradesh,2024,10,1947.0,1947.0,PSP_Peak_2024-10.pdf
Himachal Pradesh,2024,11,2107.0,2107.0,PSP_Peak_2024-11.pdf
Himachal Pradesh,2024,12,2254.0,2254.0,PSP_Peak_2024-12.pdf
Himachal Pradesh,2025,1,2273.0,2273.0,PSP_Peak_2025-01.pdf
Himachal Pradesh,2025,2,2193.0,2193.0,PSP_Peak_2025-02.pdf
Himachal Pradesh,2025,3,2075.0,2075.0,PSP_Peak_2025-03.pdf
Himachal Pradesh,2025,4,1818.0,1818.0,PSP_Peak_2025-04.pdf
Himachal Pradesh,2025,5,1866.0,1866.0,PSP_Peak_2025-05.pdf
Himachal Pradesh,2025,6,1943.0,1943.0,PSP_Peak_2025-06.pdf
Himachal Pradesh,2025,7,1835.0,1835.0,PSP_Peak_2025-07.pdf
Himachal Pradesh,2025,8,1888.0,1888.0,PSP_Peak_2025-08.pdf
Himachal Pradesh,2025,9,1896.0,1896.0,PSP_Peak_2025-09.pdf
Himachal Pradesh,2025,10,2003.0,2003.0,PSP_Peak_2025-10.pdf
Himachal Pradesh,2025,11,2239.0,2239.0,PSP_Peak_2025-11.pdf
Himachal Pradesh,2025,12,2234.0,2234.0,PSP_Peak_2025-12.pdf
Himachal Pradesh,2026,1,2310.0,2310.0,PSP_Peak_2026-01.pdf
Himachal Pradesh,2026,2,2228.0,2228.0,PSP_Peak_2026-02.pdf
Himachal Pradesh,2026,3,2060.0,2060.0,PSP_Peak_2026-03.pdf
Himachal Pradesh,2026,4,1839.0,1839.0,PSP_Peak_2026-04.pdf
Himachal Pradesh,2026,5,1836.0,1836.0,PSP_Peak_2026-05.pdf
Himachal Pradesh,2026,6,1913.0,1913.0,PSP_Peak_2026-06.pdf
Himachal Pradesh,2026,7,1843.0,1843.0,PSP_Peak_2026-07.pdf
Himachal Pradesh,2026,8,1832.0,1832.0,PSP_Peak_2026-08.pdf
Jammu and Kashmir,2015,1,2393.0,2006.0,PSP_Peak_2015-01.pdf
Jammu and Kashmir,2015,2,2377.0,2021.0,PSP_Peak_2015-02.pdf
Jammu and Kashmir,2015,3,2286.0,1988.0,PSP_Peak_2015-03.pdf
Jammu and Kashmir,2015,4,2191.0,1906.0,PSP_Peak_2015-04.pdf
Jammu and Kashmir,2015,5,2285.0,1987.0,PSP_Peak_2015-05.pdf
Jammu and Kashmir,2015,6,2437.0,1978.0,PSP_Peak_2015-06.pdf
Jammu and Kashmir,2015,7,2318.0,1967.0,PSP_Peak_2015-07.pdf
Jammu and Kashmir,2015,8,2237.0,1898.0,PSP_Peak_2015-08.pdf
Jammu and Kashmir,2015,9,2388.0,2026.0,PSP_Peak_2015-09.pdf
Jammu and Kashmir,2015,10,2362.0,2004.0,PSP_Peak_2015-10.pdf
Jammu and Kashmir,2015,11,2433.0,2064.0,PSP_Peak_2015-11.pdf
Jammu and Kashmir,2015,12,2474.0,2099.0,PSP_Peak_2015-12.pdf
Jammu and Kashmir,2016,1,2544.0,2158.0,PSP_Peak_2016-01.pdf
Jammu and Kashmir,2016,2,2397.0,2034.0,PSP_Peak_2016-02.pdf
Jammu and Kashmir,2016,3,2439.0,2069.0,PSP_Peak_2016-03.pdf
Jammu and Kashmir,2016,4,2412.0,2046.0,PSP_Peak_2016-04.pdf
Jammu and Kashmir,2016,5,2478.0,2102.0,PSP_Peak_2016-05.pdf
Jammu and Kashmir,2016,6,2466.0,2092.0,PSP_Peak_2016-06.pdf
Jammu and Kashmir,2016,7,2385.0,1950.0,PSP_Peak_2016-07.pdf
Jammu and Kashmir,2016,8,2367.0,2008.0,PSP_Peak_2016-08.pdf
Jammu and Kashmir,2016,9,2469.0,1975.0,PSP_Peak_2016-09.pdf
Jammu and Kashmir,2016,10,2480.0,1984.0,PSP_Peak_2016-10.pdf
Jammu and Kashmir,2016,11,2480.0,1984.0,PSP_Peak_2016-11.pdf
Jammu and Kashmir,2016,12,2591.0,2073.0,PSP_Peak_2016-12.pdf
Jammu and Kashmir,2017,1,2675.0,2140.0,PSP_Peak_2017-01.pdf
Jammu and Kashmir,2017,2,2622.0,2098.0,PSP_Peak_2017-02.pdf
Jammu and Kashmir,2017,3,2542.0,2033.0,PSP_Peak_2017-03.pdf
Jammu and Kashmir,2017,4,2577.0,2062.0,PSP_Peak_2017-04.pdf
Jammu and Kashmir,2017,5,2668.0,2134.0,PSP_Peak_2017-05.pdf
Jammu and Kashmir,2017,6,2768.0,2214.0,PSP_Peak_2017-06.pdf
Jammu and Kashmir,2017,7,2643.0,2114.0,PSP_Peak_2017-07.pdf
Jammu and Kashmir,2017,8,2671.0,2137.0,PSP_Peak_2017-08.pdf
Jammu and Kashmir,2017,9,2704.0,2163.0,PSP_Peak_2017-09.pdf
Jammu and Kashmir,2017,10,2579.0,2063.0,PSP_Peak_2017-10.pdf
Jammu and Kashmir,2017,11,2485.0,1988.0,PSP_Peak_2017-11.pdf
Jammu and Kashmir,2017,12,2758.0,2206.0,PSP_Peak_2017-12.pdf
Jammu and Kashmir,2018,1,2899.0,2319.0,PSP_Peak_2018-01.pdf
Jammu and Kashmir,2018,2,2748.0,2199.0,PSP_Peak_2018-02.pdf
Jammu and Kashmir,2018,3,2703.0,2162.0,PSP_Peak_2018-03.pdf
Jammu and Kashmir,2018,4,2729.0,2183.0,PSP_Peak_2018-04.pdf
Jammu and Kashmir,2018,5,2945.0,2356.0,PSP_Peak_2018-05.pdf
Jammu and Kashmir,2018,6,2746.0,2197.0,PSP_Peak_2018-06.pdf
Jammu and Kashmir,2018,7,2642.0,2113.0,PSP_Peak_2018-07.pdf
Jammu and Kashmir,2018,8,2845.0,2276.0,PSP_Peak_2018-08.pdf
Jammu and Kashmir,2018,9,2951.0,2361.0,PSP_Peak_2018-09.pdf
Jammu and Kashmir,2018,10,2856.0,2285.0,PSP_Peak_2018-10.pdf
Jammu and Kashmir,2018,11,2755.0,2204.0,PSP_Peak_2018-11.pdf
Jammu and Kashmir,2018,12,3080.0,2464.0,PSP_Peak_2018-12.pdf
Jammu and Kashmir,2019,1,3078.0,2463.0,PSP_Peak_2019-01.pdf
Jammu and Kashmir,2019,2,3041.0,2433.0,PSP_Peak_2019-02.pdf
Jammu and Kashmir,2019,3,2996.0,2397.0,PSP_Peak_2019-03.pdf
Jammu and Kashmir,2019,4,2885.0,2308.0,PSP_Peak_2019-04.pdf
Jammu and Kashmir,2019,5,3033.0,2426.0,PSP_Peak_2019-05.pdf
Jammu and Kashmir,2019,6,2362.0,2362.0,PSP_Peak_2019-06.pdf
Jammu and Kashmir,2019,7,2904.0,2323.0,PSP_Peak_2019-07.pdf
Jammu and Kashmir,2019,8,2734.0,2178.0,PSP_Peak_2019-08.pdf
Jammu and Kashmir,2019,9,2928.0,2342.0,PSP_Peak_2019-09.pdf
Jammu and Kashmir,2019,10,3042.0,2434.0,PSP_Peak_2019-10.pdf
Jammu and Kashmir,2019,11,5503.0,5503.0,PSP_Peak_2019-11.pdf
Jammu and Kashmir,2019,12,6767.0,6767.0,PSP_Peak_2019-12.pdf
Jammu and Kashmir,2020,1,6327.0,6327.0,PSP_Peak_2020-01.pdf
Jammu and Kashmir,2020,2,7078.0,7078.0,PSP_Peak_2020-02.pdf
Jammu and Kashmir,2020,3,5758.0,5758.0,PSP_Peak_2020-03.pdf
Jammu and Kashmir,2020,4,5113.0,5113.0,PSP_Peak_2020-04.pdf
Jammu and Kashmir,2020,5,8201.0,8201.0,PSP_Peak_2020-05.pdf
Jammu and Kashmir,2020,6,12683.0,12683.0,PSP_Peak_2020-06.pdf
Jammu and Kashmir,2020,7,13148.0,13148.0,PSP_Peak_2020-07.pdf
Jammu and Kashmir,2020,8,12815.0,12815.0,PSP_Peak_2020-08.pdf
Jammu and Kashmir,2020,9,12433.0,12433.0,PSP_Peak_2020-09.pdf
Jammu and Kashmir,2020,10,8940.0,8940.0,PSP_Peak_2020-10.pdf
Jammu and Kashmir,2020,11,6002.0,6002.0,PSP_Peak_2020-11.pdf
Jammu and Kashmir,2020,12,6707.0,6707.0,PSP_Peak_2020-12.pdf
Jammu and Kashmir,2021,1,7017.0,7017.0,PSP_Peak_2021-01.pdf
Jammu and Kashmir,2021,2,7118.0,7118.0,PSP_Peak_2021-02.pdf
Jammu and Kashmir,2021,3,7440.0,7440.0,PSP_Peak_2021-03.pdf
Jammu and Kashmir,2021,4,6860.0,6860.0,PSP_Peak_2021-04.pdf
Jammu and Kashmir,2021,5,8195.0,8195.0,PSP_Peak_2021-05.pdf
Jammu and Kashmir,2021,6,13359.0,13359.0,PSP_Peak_2021-06.pdf
Jammu and Kashmir,2021,7,13556.0,13431.0,PSP_Peak_2021-07.pdf
Jammu and Kashmir,2021,8,13215.0,13215.0,PSP_Peak_2021-08.pdf
Jammu and Kashmir,2021,9,12002.0,12002.0,PSP_Peak_2021-09.pdf
Jammu and Kashmir,2021,10,9625.0,9625.0,PSP_Peak_2021-10.pdf
Jammu and Kashmir,2021,11,6405.0,6405.0,PSP_Peak_2021-11.pdf
Jammu and Kashmir,2021,12,7337.0,7337.0,PSP_Peak_2021-12.pdf
Jammu and Kashmir,2022,1,7105.0,7105.0,PSP_Peak_2022-01.pdf
Jammu and Kashmir,2022,2,7076.0,7076.0,PSP_Peak_2022-02.pdf
Jammu and Kashmir,2022,3,8475.0,8475.0,PSP_Peak_2022-03.pdf
Jammu and Kashmir,2022,4,9889.0,9789.0,PSP_Peak_2022-04.pdf
Jammu and Kashmir,2022,5,10887.0,10887.0,PSP_Peak_2022-05.pdf
Jammu and Kashmir,2022,6,14311.0,14311.0,PSP_Peak_2022-06.pdf
Jammu and Kashmir,2022,7,14069.0,14069.0,PSP_Peak_2022-07.pdf
Jammu and Kashmir,2022,8,14298.0,14298.0,PSP_Peak_2022-08.pdf
Jammu and Kashmir,2022,9,14187.0,14187.0,PSP_Peak_2022-09.pdf
Jammu and Kashmir,2022,10,11479.0,11479.0,PSP_Peak_2022-10.pdf
Jammu and Kashmir,2022,11,7267.0,7267.0,PSP_Peak_2022-11.pdf
Jammu and Kashmir,2022,12,7989.0,7989.0,PSP_Peak_2022-12.pdf
Jammu and Kashmir,2023,1,9063.0,9063.0,PSP_Peak_2023-01.pdf
Jammu and Kashmir,2023,2,8864.0,8864.0,PSP_Peak_2023-02.pdf
Jammu and Kashmir,2023,3,8840.0,8840.0,PSP_Peak_2023-03.pdf
Jammu and Kashmir,2023,4,8187.0,8187.0,PSP_Peak_2023-04.pdf
Jammu and Kashmir,2023,5,11725.0,11725.0,PSP_Peak_2023-05.pdf
Jammu and Kashmir,2023,6,15293.0,15293.0,PSP_Peak_2023-06.pdf
Jammu and Kashmir,2023,7,14665.0,14665.0,PSP_Peak_2023-07.pdf
Jammu and Kashmir,2023,8,15132.0,15132.0,PSP_Peak_2023-08.pdf
Jammu and Kashmir,2023,9,14964.0,14964.0,PSP_Peak_2023-09.pdf
Jammu and Kashmir,2023,10,12213.0,12213.0,PSP_Peak_2023-10.pdf
Jammu and Kashmir,2023,11,7380.0,7380.0,PSP_Peak_2023-11.pdf
Jammu and Kashmir,2023,12,8041.0,8041.0,PSP_Peak_2023-12.pdf
Jammu and Kashmir,2024,1,9370.0,9370.0,PSP_Peak_2024-01.pdf
Jammu and Kashmir,2024,2,10180.0,10180.0,PSP_Peak_2024-02.pdf
Jammu and Kashmir,2024,3,10112.0,10112.0,PSP_Peak_2024-03.pdf
Jammu and Kashmir,2024,4,9914.0,9914.0,PSP_Peak_2024-04.pdf
Jammu and Kashmir,2024,5,14366.0,14366.0,PSP_Peak_2024-05.pdf
Jammu and Kashmir,2024,6,16058.0,16058.0,PSP_Peak_2024-06.pdf
Jammu and Kashmir,2024,7,16006.0,16006.0,PSP_Peak_2024-07.pdf
Jammu and Kashmir,2024,8,15307.0,15307.0,PSP_Peak_2024-08.pdf
Jammu and Kashmir,2024,9,15310.0,15310.0,PSP_Peak_2024-09.pdf
Jammu and Kashmir,2024,10,14311.0,14311.0,PSP_Peak_2024-10.pdf
Jammu and Kashmir,2024,11,8755.0,8755.0,PSP_Peak_2024-11.pdf
Jammu and Kashmir,2024,12,9381.0,9381.0,PSP_Peak_2024-12.pdf
Jammu and Kashmir,2025,1,9869.0,9869.0,PSP_Peak_2025-01.pdf
Jammu and Kashmir,2025,2,10165.0,10165.0,PSP_Peak_2025-02.pdf
Jammu and Kashmir,2025,3,10083.0,10083.0,PSP_Peak_2025-03.pdf
Jammu and Kashmir,2025,5,13969.0,13969.0,PSP_Peak_2025-05.pdf
Jammu and Kashmir,2025,6,16428.0,16428.0,PSP_Peak_2025-06.pdf
Jammu and Kashmir,2025,7,16670.0,16670.0,PSP_Peak_2025-07.pdf
Jammu and Kashmir,2025,8,16310.0,16310.0,PSP_Peak_2025-08.pdf
Jammu and Kashmir,2025,9,14440.0,14440.0,PSP_Peak_2025-09.pdf
Jammu and Kashmir,2025,10,12989.0,12989.0,PSP_Peak_2025-10.pdf
Jammu and Kashmir,2025,11,9647.0,9647.0,PSP_Peak_2025-11.pdf
Jammu and Kashmir,2025,12,10172.0,10172.0,PSP_Peak_2025-12.pdf
Jammu and Kashmir,2026,1,10661.0,10661.0,PSP_Peak_2026-01.pdf
Jammu and Kashmir,2026,2,10999.0,10999.0,PSP_Peak_2026-02.pdf
Jammu and Kashmir,2026,3,11127.0,11127.0,PSP_Peak_2026-03.pdf
Jammu and Kashmir,2026,4,11863.0,11863.0,PSP_Peak_2026-04.pdf
Jammu and Kashmir,2026,5,14268.0,14268.0,PSP_Peak_2026-05.pdf
Jammu and Kashmir,2026,7,17221.0,17221.0,PSP_Peak_2026-07.pdf
Jammu and Kashmir,2026,8,16174.0,16174.0,PSP_Peak_2026-08.pdf
Jharkhand,2015,1,1040.0,1018.0,PSP_Peak_2015-01.pdf
Jharkhand,2015,2,1038.0,1016.0,PSP_Peak_2015-02.pdf
Jharkhand,2015,3,1025.0,1007.0,PSP_Peak_2015-03.pdf
Jharkhand,2015,4,1061.0,1043.0,PSP_Peak_2015-04.pdf
Jharkhand,2015,5,1085.0,1067.0,PSP_Peak_2015-05.pdf
Jharkhand,2015,6,1101.0,1083.0,PSP_Peak_2015-06.pdf
Jharkhand,2015,7,1101.0,1083.0,PSP_Peak_2015-07.pdf
Jharkhand,2015,8,1115.0,1090.0,PSP_Peak_2015-08.pdf
Jharkhand,2015,9,1085.0,1085.0,PSP_Peak_2015-09.pdf
Jharkhand,2015,10,1103.0,1103.0,PSP_Peak_2015-10.pdf
Jharkhand,2015,11,1127.0,1127.0,PSP_Peak_2015-11.pdf
Jharkhand,2015,12,1151.0,1101.0,PSP_Peak_2015-12.pdf
Jharkhand,2016,1,1117.0,1117.0,PSP_Peak_2016-01.pdf
Jharkhand,2016,2,1129.0,1102.0,PSP_Peak_2016-02.pdf
Jharkhand,2016,3,1153.0,1153.0,PSP_Peak_2016-03.pdf
Jharkhand,2016,4,1177.0,1177.0,PSP_Peak_2016-04.pdf
Jharkhand,2016,5,1498.0,1498.0,PSP_Peak_2016-05.pdf
Jharkhand,2016,6,1119.0,1119.0,PSP_Peak_2016-06.pdf
Jharkhand,2016,7,1134.0,1134.0,PSP_Peak_2016-07.pdf
Jharkhand,2016,8,1142.0,1142.0,PSP_Peak_2016-08.pdf
Jharkhand,2016,9,1153.0,1153.0,PSP_Peak_2016-09.pdf
Jharkhand,2016,10,1172.0,1172.0,PSP_Peak_2016-10.pdf
Jharkhand,2016,11,1168.0,1168.0,PSP_Peak_2016-11.pdf
Jharkhand,2016,12,1194.0,1194.0,PSP_Peak_2016-12.pdf
Jharkhand,2017,1,1211.0,1211.0,PSP_Peak_2017-01.pdf
Jharkhand,2017,2,1165.0,1165.0,PSP_Peak_2017-02.pdf
Jharkhand,2017,3,1148.0,1148.0,PSP_Peak_2017-03.pdf
Jharkhand,2017,4,1197.0,1197.0,PSP_Peak_2017-04.pdf
Jharkhand,2017,5,1211.0,1211.0,PSP_Peak_2017-05.pdf
Jharkhand,2017,6,1228.0,1228.0,PSP_Peak_2017-06.pdf
Jharkhand,2017,7,1203.0,1203.0,PSP_Peak_2017-07.pdf
Jharkhand,2017,8,1260.0,1260.0,PSP_Peak_2017-08.pdf
Jharkhand,2017,9,1212.0,1212.0,PSP_Peak_2017-09.pdf
Jharkhand,2017,10,1206.0,1206.0,PSP_Peak_2017-10.pdf
Jharkhand,2017,11,1245.0,1245.0,PSP_Peak_2017-11.pdf
Jharkhand,2017,12,1332.0,1200.0,PSP_Peak_2017-12.pdf
Jharkhand,2018,1,1192.0,1192.0,PSP_Peak_2018-01.pdf
Jharkhand,2018,2,1175.0,1175.0,PSP_Peak_2018-02.pdf
Jharkhand,2018,3,1205.0,1162.0,PSP_Peak_2018-03.pdf
Jharkhand,2018,4,1221.0,1221.0,PSP_Peak_2018-04.pdf
Jharkhand,2018,5,1284.0,1284.0,PSP_Peak_2018-05.pdf
Jharkhand,2018,6,1198.0,1198.0,PSP_Peak_2018-06.pdf
Jharkhand,2018,7,1339.0,1245.0,PSP_Peak_2018-07.pdf
Jharkhand,2018,8,1248.0,1248.0,PSP_Peak_2018-08.pdf
Jharkhand,2018,9,1233.0,1233.0,PSP_Peak_2018-09.pdf
Jharkhand,2018,10,1247.0,1247.0,PSP_Peak_2018-10.pdf
Jharkhand,2018,11,1289.0,1289.0,PSP_Peak_2018-11.pdf
Jharkhand,2018,12,1292.0,1291.0,PSP_Peak_2018-12.pdf
Jharkhand,2019,1,1260.0,1260.0,PSP_Peak_2019-01.pdf
Jharkhand,2019,2,1265.0,1264.0,PSP_Peak_2019-02.pdf
Jharkhand,2019,3,1250.0,1248.0,PSP_Peak_2019-03.pdf
Jharkhand,2019,4,1326.0,1325.0,PSP_Peak_2019-04.pdf
Jharkhand,2019,5,1396.0,1389.0,PSP_Peak_2019-05.pdf
Jharkhand,2019,6,1385.0,1362.0,PSP_Peak_2019-06.pdf
Jharkhand,2019,7,1323.0,1323.0,PSP_Peak_2019-07.pdf
Jharkhand,2019,8,1316.0,1316.0,PSP_Peak_2019-08.pdf
Jharkhand,2019,9,1328.0,1328.0,PSP_Peak_2019-09.pdf
Jharkhand,2019,10,1277.0,1277.0,PSP_Peak_2019-10.pdf
Jharkhand,2019,11,1280.0,1280.0,PSP_Peak_2019-11.pdf
Jharkhand,2019,12,1356.0,1356.0,PSP_Peak_2019-12.pdf
Jharkhand,2020,1,1373.0,1373.0,PSP_Peak_2020-01.pdf
Jharkhand,2020,2,1331.0,1331.0,PSP_Peak_2020-02.pdf
Jharkhand,2020,3,1274.0,1274.0,PSP_Peak_2020-03.pdf
Jharkhand,2020,4,1292.0,1291.0,PSP_Peak_2020-04.pdf
Jharkhand,2020,5,1397.0,1396.0,PSP_Peak_2020-05.pdf
Jharkhand,2020,6,1370.0,1368.0,PSP_Peak_2020-06.pdf
Jharkhand,2020,7,1431.0,1426.0,PSP_Peak_2020-07.pdf
Jharkhand,2020,8,1643.0,1470.0,PSP_Peak_2020-08.pdf
Jharkhand,2020,9,1619.0,1522.0,PSP_Peak_2020-09.pdf
Jharkhand,2020,10,1644.0,1513.0,PSP_Peak_2020-10.pdf
Jharkhand,2020,11,1452.0,1420.0,PSP_Peak_2020-11.pdf
Jharkhand,2020,12,1595.0,1500.0,PSP_Peak_2020-12.pdf
Jharkhand,2021,1,1651.0,1501.0,PSP_Peak_2021-01.pdf
Jharkhand,2021,2,1632.0,1416.0,PSP_Peak_2021-02.pdf
Jharkhand,2021,3,1639.0,1527.0,PSP_Peak_2021-03.pdf
Jharkhand,2021,4,1719.0,1582.0,PSP_Peak_2021-04.pdf
Jharkhand,2021,5,1566.0,1557.0,PSP_Peak_2021-05.pdf
Jharkhand,2021,6,1702.0,1520.0,PSP_Peak_2021-06.pdf
Jharkhand,2021,7,1709.0,1590.0,PSP_Peak_2021-07.pdf
Jharkhand,2021,8,1786.0,1611.0,PSP_Peak_2021-08.pdf
Jharkhand,2021,9,1706.0,1543.0,PSP_Peak_2021-09.pdf
Jharkhand,2021,10,1698.0,1520.0,PSP_Peak_2021-10.pdf
Jharkhand,2021,11,1719.0,1513.0,PSP_Peak_2021-11.pdf
Jharkhand,2021,12,1808.0,1552.0,PSP_Peak_2021-12.pdf
Jharkhand,2022,1,1850.0,1610.0,PSP_Peak_2022-01.pdf
Jharkhand,2022,2,1764.0,1505.0,PSP_Peak_2022-02.pdf
Jharkhand,2022,3,1887.0,1605.0,PSP_Peak_2022-03.pdf
Jharkhand,2022,4,2118.0,1807.0,PSP_Peak_2022-04.pdf
Jharkhand,2022,5,1837.0,1528.0,PSP_Peak_2022-05.pdf
Jharkhand,2022,6,1895.0,1615.0,PSP_Peak_2022-06.pdf
Jharkhand,2022,7,2253.0,1918.0,PSP_Peak_2022-07.pdf
Jharkhand,2022,8,2138.0,1757.0,PSP_Peak_2022-08.pdf
Jharkhand,2022,9,2081.0,1797.0,PSP_Peak_2022-09.pdf
Jharkhand,2022,10,2068.0,1854.0,PSP_Peak_2022-10.pdf
Jharkhand,2022,11,2128.0,1635.0,PSP_Peak_2022-11.pdf
Jharkhand,2022,12,2138.0,1708.0,PSP_Peak_2022-12.pdf
Jharkhand,2023,1,2061.0,1775.0,PSP_Peak_2023-01.pdf
Jharkhand,2023,2,2019.0,1703.0,PSP_Peak_2023-02.pdf
Jharkhand,2023,3,1970.0,1719.0,PSP_Peak_2023-03.pdf
Jharkhand,2023,4,2026.0,2023.0,PSP_Peak_2023-04.pdf
Jharkhand,2023,5,2001.0,1998.0,PSP_Peak_2023-05.pdf
Jharkhand,2023,6,2077.0,2077.0,PSP_Peak_2023-06.pdf
Jharkhand,2023,7,2036.0,2036.0,PSP_Peak_2023-07.pdf
Jharkhand,2023,8,2193.0,2020.0,PSP_Peak_2023-08.pdf
Jharkhand,2023,9,1960.0,1955.0,PSP_Peak_2023-09.pdf
Jharkhand,2023,10,1830.0,1830.0,PSP_Peak_2023-10.pdf
Jharkhand,2023,11,1788.0,1788.0,PSP_Peak_2023-11.pdf
Jharkhand,2023,12,1810.0,1809.0,PSP_Peak_2023-12.pdf
Jharkhand,2024,1,1908.0,1905.0,PSP_Peak_2024-01.pdf
Jharkhand,2024,2,1836.0,1836.0,PSP_Peak_2024-02.pdf
Jharkhand,2024,3,1995.0,1817.0,PSP_Peak_2024-03.pdf
Jharkhand,2024,4,2133.0,2133.0,PSP_Peak_2024-04.pdf
Jharkhand,2024,5,2295.0,2292.0,PSP_Peak_2024-05.pdf
Jharkhand,2024,6,2289.0,2289.0,PSP_Peak_2024-06.pdf
Jharkhand,2024,7,2224.0,2218.0,PSP_Peak_2024-07.pdf
Jharkhand,2024,8,2107.0,2104.0,PSP_Peak_2024-08.pdf
Jharkhand,2024,9,2161.0,2161.0,PSP_Peak_2024-09.pdf
Jharkhand,2024,10,2210.0,2210.0,PSP_Peak_2024-10.pdf
Jharkhand,2024,11,2033.0,2032.0,PSP_Peak_2024-11.pdf
Jharkhand,2024,12,2051.0,2043.0,PSP_Peak_2024-12.pdf
Jharkhand,2025,1,2103.0,2103.0,PSP_Peak_2025-01.pdf
Jharkhand,2025,2,2026.0,2026.0,PSP_Peak_2025-02.pdf
Jharkhand,2025,3,2108.0,2104.0,PSP_Peak_2025-03.pdf
Jharkhand,2025,4,2156.0,2149.0,PSP_Peak_2025-04.pdf
Jharkhand,2025,5,2230.0,2230.0,PSP_Peak_2025-05.pdf
Jharkhand,2025,6,2261.0,2258.0,PSP_Peak_2025-06.pdf
Jharkhand,2025,7,2149.0,2146.0,PSP_Peak_2025-07.pdf
Jharkhand,2025,8,2267.0,2267.0,PSP_Peak_2025-08.pdf
Jharkhand,2025,9,2338.0,2323.0,PSP_Peak_2025-09.pdf
Jharkhand,2025,10,2192.0,2189.0,PSP_Peak_2025-10.pdf
Jharkhand,2025,11,2090.0,2090.0,PSP_Peak_2025-11.pdf
Jharkhand,2025,12,2350.0,2350.0,PSP_Peak_2025-12.pdf
Jharkhand,2026,1,2255.0,2255.0,PSP_Peak_2026-01.pdf
Jharkhand,2026,2,2158.0,2158.0,PSP_Peak_2026-02.pdf
Jharkhand,2026,3,2353.0,2350.0,PSP_Peak_2026-03.pdf
Jharkhand,2026,4,2409.0,2409.0,PSP_Peak_2026-04.pdf
Jharkhand,2026,5,2589.0,2589.0,PSP_Peak_2026-05.pdf
Jharkhand,2026,6,2544.0,2544.0,PSP_Peak_2026-06.pdf
Jharkhand,2026,7,2622.0,2622.0,PSP_Peak_2026-07.pdf
Jharkhand,2026,8,2594.0,2594.0,PSP_Peak_2026-08.pdf
Karnataka,2015,1,9825.0,9175.0,PSP_Peak_2015-01.pdf
Karnataka,2015,2,9810.0,9349.0,PSP_Peak_2015-02.pdf
Karnataka,2015,3,9889.0,9549.0,PSP_Peak_2015-03.pdf
Karnataka,2015,4,9463.0,9335.0,PSP_Peak_2015-04.pdf
Karnataka,2015,5,8930.0,8746.0,PSP_Peak_2015-05.pdf
Karnataka,2015,6,8428.0,8235.0,PSP_Peak_2015-06.pdf
Karnataka,2015,7,9184.0,8705.0,PSP_Peak_2015-07.pdf
Karnataka,2015,8,8772.0,8208.0,PSP_Peak_2015-08.pdf
Karnataka,2015,9,9000.0,7303.0,PSP_Peak_2015-09.pdf
Karnataka,2015,10,9255.0,7460.0,PSP_Peak_2015-10.pdf
Karnataka,2015,11,8273.0,7623.0,PSP_Peak_2015-11.pdf
Karnataka,2015,12,9048.0,8396.0,PSP_Peak_2015-12.pdf
Karnataka,2016,1,9734.0,9137.0,PSP_Peak_2016-01.pdf
Karnataka,2016,2,9998.0,9397.0,PSP_Peak_2016-02.pdf
Karnataka,2016,3,10202.0,9508.0,PSP_Peak_2016-03.pdf
Karnataka,2016,4,9980.0,9551.0,PSP_Peak_2016-04.pdf
Karnataka,2016,5,9304.0,9302.0,PSP_Peak_2016-05.pdf
Karnataka,2016,6,8183.0,8183.0,PSP_Peak_2016-06.pdf
Karnataka,2016,7,8302.0,8302.0,PSP_Peak_2016-07.pdf
Karnataka,2016,8,9324.0,9218.0,PSP_Peak_2016-08.pdf
Karnataka,2016,9,9504.0,9497.0,PSP_Peak_2016-09.pdf
Karnataka,2016,10,9851.0,9574.0,PSP_Peak_2016-10.pdf
Karnataka,2016,11,10061.0,9871.0,PSP_Peak_2016-11.pdf
Karnataka,2016,12,9344.0,9331.0,PSP_Peak_2016-12.pdf
Karnataka,2017,1,9577.0,9530.0,PSP_Peak_2017-01.pdf
Karnataka,2017,2,10261.0,10242.0,PSP_Peak_2017-02.pdf
Karnataka,2017,3,10187.0,10170.0,PSP_Peak_2017-03.pdf
Karnataka,2017,4,9992.0,9987.0,PSP_Peak_2017-04.pdf
Karnataka,2017,5,9376.0,9358.0,PSP_Peak_2017-05.pdf
Karnataka,2017,6,8648.0,8612.0,PSP_Peak_2017-06.pdf
Karnataka,2017,7,8980.0,8978.0,PSP_Peak_2017-07.pdf
Karnataka,2017,8,8970.0,8970.0,PSP_Peak_2017-08.pdf
Karnataka,2017,9,8450.0,8407.0,PSP_Peak_2017-09.pdf
Karnataka,2017,10,8404.0,8404.0,PSP_Peak_2017-10.pdf
Karnataka,2017,11,9715.0,9688.0,PSP_Peak_2017-11.pdf
Karnataka,2017,12,10144.0,10100.0,PSP_Peak_2017-12.pdf
Karnataka,2018,1,10381.0,10347.0,PSP_Peak_2018-01.pdf
Karnataka,2018,2,10235.0,10212.0,PSP_Peak_2018-02.pdf
Karnataka,2018,3,10857.0,10802.0,PSP_Peak_2018-03.pdf
Karnataka,2018,4,10690.0,10688.0,PSP_Peak_2018-04.pdf
Karnataka,2018,5,9870.0,9778.0,PSP_Peak_2018-05.pdf
Karnataka,2018,6,9008.0,8991.0,PSP_Peak_2018-06.pdf
Karnataka,2018,7,9509.0,9484.0,PSP_Peak_2018-07.pdf
Karnataka,2018,8,9486.0,9464.0,PSP_Peak_2018-08.pdf
Karnataka,2018,9,10103.0,10090.0,PSP_Peak_2018-09.pdf
Karnataka,2018,10,10799.0,10766.0,PSP_Peak_2018-10.pdf
Karnataka,2018,11,11244.0,11233.0,PSP_Peak_2018-11.pdf
Karnataka,2018,12,11255.0,11230.0,PSP_Peak_2018-12.pdf
Karnataka,2019,1,11819.0,11783.0,PSP_Peak_2019-01.pdf
Karnataka,2019,2,12011.0,12011.0,PSP_Peak_2019-02.pdf
Karnataka,2019,3,12877.0,12877.0,PSP_Peak_2019-03.pdf
Karnataka,2019,4,12700.0,12688.0,PSP_Peak_2019-04.pdf
Karnataka,2019,5,12172.0,12158.0,PSP_Peak_2019-05.pdf
Karnataka,2019,6,11490.0,11490.0,PSP_Peak_2019-06.pdf
Karnataka,2019,7,10508.0,10496.0,PSP_Peak_2019-07.pdf
Karnataka,2019,8,10462.0,10440.0,PSP_Peak_2019-08.pdf
Karnataka,2019,9,10466.0,10466.0,PSP_Peak_2019-09.pdf
Karnataka,2019,10,9090.0,9090.0,PSP_Peak_2019-10.pdf
Karnataka,2019,11,10682.0,10670.0,PSP_Peak_2019-11.pdf
Karnataka,2019,12,12810.0,12803.0,PSP_Peak_2019-12.pdf
Karnataka,2020,1,13169.0,13169.0,PSP_Peak_2020-01.pdf
Karnataka,2020,2,13031.0,13001.0,PSP_Peak_2020-02.pdf
Karnataka,2020,3,13272.0,13258.0,PSP_Peak_2020-03.pdf
Karnataka,2020,4,11516.0,11516.0,PSP_Peak_2020-04.pdf
Karnataka,2020,5,11027.0,10999.0,PSP_Peak_2020-05.pdf
Karnataka,2020,6,10689.0,10670.0,PSP_Peak_2020-06.pdf
Karnataka,2020,7,9401.0,9400.0,PSP_Peak_2020-07.pdf
Karnataka,2020,8,10578.0,10562.0,PSP_Peak_2020-08.pdf
Karnataka,2020,9,9236.0,9216.0,PSP_Peak_2020-09.pdf
Karnataka,2020,10,9923.0,9923.0,PSP_Peak_2020-10.pdf
Karnataka,2020,11,10900.0,10878.0,PSP_Peak_2020-11.pdf
Karnataka,2020,12,12123.0,12102.0,PSP_Peak_2020-12.pdf
Karnataka,2021,1,12795.0,12795.0,PSP_Peak_2021-01.pdf
Karnataka,2021,2,13441.0,13432.0,PSP_Peak_2021-02.pdf
Karnataka,2021,3,14367.0,14367.0,PSP_Peak_2021-03.pdf
Karnataka,2021,4,14158.0,14158.0,PSP_Peak_2021-04.pdf
Karnataka,2021,5,10829.0,10829.0,PSP_Peak_2021-05.pdf
Karnataka,2021,6,11180.0,11174.0,PSP_Peak_2021-06.pdf
Karnataka,2021,7,11432.0,11408.0,PSP_Peak_2021-07.pdf
Karnataka,2021,8,11371.0,11371.0,PSP_Peak_2021-08.pdf
Karnataka,2021,9,12125.0,12125.0,PSP_Peak_2021-09.pdf
Karnataka,2021,10,11210.0,11197.0,PSP_Peak_2021-10.pdf
Karnataka,2021,11,9390.0,9356.0,PSP_Peak_2021-11.pdf
Karnataka,2021,12,11926.0,11910.0,PSP_Peak_2021-12.pdf
Karnataka,2022,1,13581.0,13581.0,PSP_Peak_2022-01.pdf
Karnataka,2022,2,14674.0,14674.0,PSP_Peak_2022-02.pdf
Karnataka,2022,3,14830.0,14818.0,PSP_Peak_2022-03.pdf
Karnataka,2022,4,14725.0,14725.0,PSP_Peak_2022-04.pdf
Karnataka,2022,5,12260.0,12260.0,PSP_Peak_2022-05.pdf
Karnataka,2022,6,11805.0,11781.0,PSP_Peak_2022-06.pdf
Karnataka,2022,7,10885.0,10855.0,PSP_Peak_2022-07.pdf
Karnataka,2022,8,11275.0,11268.0,PSP_Peak_2022-08.pdf
Karnataka,2022,9,11834.0,11818.0,PSP_Peak_2022-09.pdf
Karnataka,2022,10,10306.0,10292.0,PSP_Peak_2022-10.pdf
Karnataka,2022,11,12463.0,12448.0,PSP_Peak_2022-11.pdf
Karnataka,2022,12,13149.0,13149.0,PSP_Peak_2022-12.pdf
Karnataka,2023,1,14972.0,14972.0,PSP_Peak_2023-01.pdf
Karnataka,2023,2,15543.0,15543.0,PSP_Peak_2023-02.pdf
Karnataka,2023,3,15828.0,15828.0,PSP_Peak_2023-03.pdf
Karnataka,2023,4,16110.0,16110.0,PSP_Peak_2023-04.pdf
Karnataka,2023,5,15111.0,15111.0,PSP_Peak_2023-05.pdf
Karnataka,2023,6,14198.0,14198.0,PSP_Peak_2023-06.pdf
Karnataka,2023,7,12359.0,12359.0,PSP_Peak_2023-07.pdf
Karnataka,2023,8,16958.0,16950.0,PSP_Peak_2023-08.pdf
Karnataka,2023,9,14814.0,14698.0,PSP_Peak_2023-09.pdf
Karnataka,2023,10,15978.0,15978.0,PSP_Peak_2023-10.pdf
Karnataka,2023,11,15301.0,15203.0,PSP_Peak_2023-11.pdf
Karnataka,2023,12,15005.0,15005.0,PSP_Peak_2023-12.pdf
Karnataka,2024,1,15668.0,15668.0,PSP_Peak_2024-01.pdf
Karnataka,2024,2,16632.0,16632.0,PSP_Peak_2024-02.pdf
Karnataka,2024,3,17212.0,17212.0,PSP_Peak_2024-03.pdf
Karnataka,2024,4,17015.0,16985.0,PSP_Peak_2024-04.pdf
Karnataka,2024,5,16826.0,16826.0,PSP_Peak_2024-05.pdf
Karnataka,2024,6,14357.0,14335.0,PSP_Peak_2024-06.pdf
Karnataka,2024,7,13820.0,13820.0,PSP_Peak_2024-07.pdf
Karnataka,2024,8,12580.0,12580.0,PSP_Peak_2024-08.pdf
Karnataka,2024,9,16061.0,16050.0,PSP_Peak_2024-09.pdf
Karnataka,2024,10,12850.0,12850.0,PSP_Peak_2024-10.pdf
Karnataka,2024,11,14853.0,14853.0,PSP_Peak_2024-11.pdf
Karnataka,2024,12,15353.0,15312.0,PSP_Peak_2024-12.pdf
Karnataka,2025,1,17757.0,17691.0,PSP_Peak_2025-01.pdf
Karnataka,2025,2,18350.0,18350.0,PSP_Peak_2025-02.pdf
Karnataka,2025,3,18398.0,18395.0,PSP_Peak_2025-03.pdf
Karnataka,2025,4,17351.0,17330.0,PSP_Peak_2025-04.pdf
Karnataka,2025,5,15952.0,15952.0,PSP_Peak_2025-05.pdf
Karnataka,2025,6,13945.0,13917.0,PSP_Peak_2025-06.pdf
Karnataka,2025,7,15014.0,15014.0,PSP_Peak_2025-07.pdf
Karnataka,2025,8,14708.0,14700.0,PSP_Peak_2025-08.pdf
Karnataka,2025,9,14486.0,14486.0,PSP_Peak_2025-09.pdf
Karnataka,2025,10,14508.0,14508.0,PSP_Peak_2025-10.pdf
Karnataka,2025,11,15978.0,15978.0,PSP_Peak_2025-11.pdf
Karnataka,2025,12,17225.0,17220.0,PSP_Peak_2025-12.pdf
Karnataka,2026,1,17700.0,17700.0,PSP_Peak_2026-01.pdf
Karnataka,2026,2,18206.0,18206.0,PSP_Peak_2026-02.pdf
Karnataka,2026,3,18655.0,18655.0,PSP_Peak_2026-03.pdf
Karnataka,2026,4,18488.0,18478.0,PSP_Peak_2026-04.pdf
Karnataka,2026,5,17695.0,17682.0,PSP_Peak_2026-05.pdf
Karnataka,2026,6,16357.0,16357.0,PSP_Peak_2026-06.pdf
Karnataka,2026,7,18514.0,18478.0,PSP_Peak_2026-07.pdf
Karnataka,2026,8,16907.0,16894.0,PSP_Peak_2026-08.pdf
Kerala,2015,1,3540.0,3413.0,PSP_Peak_2015-01.pdf
Kerala,2015,2,3604.0,3481.0,PSP_Peak_2015-02.pdf
Kerala,2015,3,3724.0,3594.0,PSP_Peak_2015-03.pdf
Kerala,2015,4,3653.0,3512.0,PSP_Peak_2015-04.pdf
Kerala,2015,5,3723.0,3632.0,PSP_Peak_2015-05.pdf
Kerala,2015,6,3672.0,3448.0,PSP_Peak_2015-06.pdf
Kerala,2015,7,3510.0,3391.0,PSP_Peak_2015-07.pdf
Kerala,2015,8,3562.0,3411.0,PSP_Peak_2015-08.pdf
Kerala,2015,9,3597.0,3491.0,PSP_Peak_2015-09.pdf
Kerala,2015,10,3469.0,3469.0,PSP_Peak_2015-10.pdf
Kerala,2015,11,3545.0,3418.0,PSP_Peak_2015-11.pdf
Kerala,2015,12,3468.0,3466.0,PSP_Peak_2015-12.pdf
Kerala,2016,1,3537.0,3537.0,PSP_Peak_2016-01.pdf
Kerala,2016,2,3670.0,3666.0,PSP_Peak_2016-02.pdf
Kerala,2016,3,3977.0,3856.0,PSP_Peak_2016-03.pdf
Kerala,2016,4,4132.0,3996.0,PSP_Peak_2016-04.pdf
Kerala,2016,5,4059.0,3932.0,PSP_Peak_2016-05.pdf
Kerala,2016,6,3565.0,3494.0,PSP_Peak_2016-06.pdf
Kerala,2016,7,3372.0,3369.0,PSP_Peak_2016-07.pdf
Kerala,2016,8,3542.0,3528.0,PSP_Peak_2016-08.pdf
Kerala,2016,9,3505.0,3505.0,PSP_Peak_2016-09.pdf
Kerala,2016,10,3640.0,3598.0,PSP_Peak_2016-10.pdf
Kerala,2016,11,3638.0,3595.0,PSP_Peak_2016-11.pdf
Kerala,2016,12,3624.0,3526.0,PSP_Peak_2016-12.pdf
Kerala,2017,1,3594.0,3594.0,PSP_Peak_2017-01.pdf
Kerala,2017,2,3696.0,3688.0,PSP_Peak_2017-02.pdf
Kerala,2017,3,3807.0,3798.0,PSP_Peak_2017-03.pdf
Kerala,2017,4,3885.0,3862.0,PSP_Peak_2017-04.pdf
Kerala,2017,5,3889.0,3837.0,PSP_Peak_2017-05.pdf
Kerala,2017,6,3597.0,3597.0,PSP_Peak_2017-06.pdf
Kerala,2017,7,3667.0,3452.0,PSP_Peak_2017-07.pdf
Kerala,2017,8,3634.0,3490.0,PSP_Peak_2017-08.pdf
Kerala,2017,9,3548.0,3529.0,PSP_Peak_2017-09.pdf
Kerala,2017,10,3745.0,3535.0,PSP_Peak_2017-10.pdf
Kerala,2017,11,3647.0,3645.0,PSP_Peak_2017-11.pdf
Kerala,2017,12,3629.0,3553.0,PSP_Peak_2017-12.pdf
Kerala,2018,1,3547.0,3543.0,PSP_Peak_2018-01.pdf
Kerala,2018,2,3844.0,3706.0,PSP_Peak_2018-02.pdf
Kerala,2018,3,3892.0,3870.0,PSP_Peak_2018-03.pdf
Kerala,2018,4,3934.0,3934.0,PSP_Peak_2018-04.pdf
Kerala,2018,5,4050.0,3997.0,PSP_Peak_2018-05.pdf
Kerala,2018,6,3633.0,3533.0,PSP_Peak_2018-06.pdf
Kerala,2018,7,3657.0,3489.0,PSP_Peak_2018-07.pdf
Kerala,2018,8,3550.0,3342.0,PSP_Peak_2018-08.pdf
Kerala,2018,9,3888.0,3638.0,PSP_Peak_2018-09.pdf
Kerala,2018,10,3796.0,3644.0,PSP_Peak_2018-10.pdf
Kerala,2018,11,3761.0,3678.0,PSP_Peak_2018-11.pdf
Kerala,2018,12,3734.0,3727.0,PSP_Peak_2018-12.pdf
Kerala,2019,1,3720.0,3699.0,PSP_Peak_2019-01.pdf
Kerala,2019,2,3845.0,3833.0,PSP_Peak_2019-02.pdf
Kerala,2019,3,4245.0,4228.0,PSP_Peak_2019-03.pdf
Kerala,2019,4,4316.0,4300.0,PSP_Peak_2019-04.pdf
Kerala,2019,5,4487.0,4205.0,PSP_Peak_2019-05.pdf
Kerala,2019,6,4097.0,4071.0,PSP_Peak_2019-06.pdf
Kerala,2019,7,3877.0,3816.0,PSP_Peak_2019-07.pdf
Kerala,2019,8,3705.0,3591.0,PSP_Peak_2019-08.pdf
Kerala,2019,9,3620.0,3552.0,PSP_Peak_2019-09.pdf
Kerala,2019,10,3692.0,3576.0,PSP_Peak_2019-10.pdf
Kerala,2019,11,3789.0,3714.0,PSP_Peak_2019-11.pdf
Kerala,2019,12,3705.0,3705.0,PSP_Peak_2019-12.pdf
Kerala,2020,1,4117.0,3785.0,PSP_Peak_2020-01.pdf
Kerala,2020,2,4043.0,3954.0,PSP_Peak_2020-02.pdf
Kerala,2020,3,4178.0,4171.0,PSP_Peak_2020-03.pdf
Kerala,2020,4,3915.0,3775.0,PSP_Peak_2020-04.pdf
Kerala,2020,5,3821.0,3701.0,PSP_Peak_2020-05.pdf
Kerala,2020,6,3308.0,3292.0,PSP_Peak_2020-06.pdf
Kerala,2020,7,3193.0,3192.0,PSP_Peak_2020-07.pdf
Kerala,2020,8,3527.0,3526.0,PSP_Peak_2020-08.pdf
Kerala,2020,9,3375.0,3354.0,PSP_Peak_2020-09.pdf
Kerala,2020,10,3577.0,3577.0,PSP_Peak_2020-10.pdf
Kerala,2020,11,3660.0,3660.0,PSP_Peak_2020-11.pdf
Kerala,2020,12,3807.0,3693.0,PSP_Peak_2020-12.pdf
Kerala,2021,1,3891.0,3731.0,PSP_Peak_2021-01.pdf
Kerala,2021,2,4200.0,3914.0,PSP_Peak_2021-02.pdf
Kerala,2021,3,4275.0,4269.0,PSP_Peak_2021-03.pdf
Kerala,2021,4,4261.0,4235.0,PSP_Peak_2021-04.pdf
Kerala,2021,5,3882.0,3880.0,PSP_Peak_2021-05.pdf
Kerala,2021,6,3593.0,3593.0,PSP_Peak_2021-06.pdf
Kerala,2021,7,3618.0,3618.0,PSP_Peak_2021-07.pdf
Kerala,2021,8,3895.0,3591.0,PSP_Peak_2021-08.pdf
Kerala,2021,9,3761.0,3761.0,PSP_Peak_2021-09.pdf
Kerala,2021,10,3747.0,3742.0,PSP_Peak_2021-10.pdf
Kerala,2021,11,3680.0,3680.0,PSP_Peak_2021-11.pdf
Kerala,2021,12,3830.0,3825.0,PSP_Peak_2021-12.pdf
Kerala,2022,1,3892.0,3889.0,PSP_Peak_2022-01.pdf
Kerala,2022,2,4038.0,4038.0,PSP_Peak_2022-02.pdf
Kerala,2022,3,4374.0,4364.0,PSP_Peak_2022-03.pdf
Kerala,2022,4,4699.0,4370.0,PSP_Peak_2022-04.pdf
Kerala,2022,5,4184.0,4168.0,PSP_Peak_2022-05.pdf
Kerala,2022,6,3975.0,3975.0,PSP_Peak_2022-06.pdf
Kerala,2022,7,3648.0,3646.0,PSP_Peak_2022-07.pdf
Kerala,2022,8,3815.0,3791.0,PSP_Peak_2022-08.pdf
Kerala,2022,9,3864.0,3851.0,PSP_Peak_2022-09.pdf
Kerala,2022,10,4338.0,4336.0,PSP_Peak_2022-10.pdf
Kerala,2022,11,3919.0,3919.0,PSP_Peak_2022-11.pdf
Kerala,2022,12,3945.0,3945.0,PSP_Peak_2022-12.pdf
Kerala,2023,1,3980.0,3980.0,PSP_Peak_2023-01.pdf
Kerala,2023,2,4198.0,4198.0,PSP_Peak_2023-02.pdf
Kerala,2023,3,4504.0,4504.0,PSP_Peak_2023-03.pdf
Kerala,2023,4,5010.0,5010.0,PSP_Peak_2023-04.pdf
Kerala,2023,5,4848.0,4846.0,PSP_Peak_2023-05.pdf
Kerala,2023,6,4610.0,4600.0,PSP_Peak_2023-06.pdf
Kerala,2023,7,3983.0,3983.0,PSP_Peak_2023-07.pdf
Kerala,2023,8,4356.0,4356.0,PSP_Peak_2023-08.pdf
Kerala,2023,9,4109.0,4107.0,PSP_Peak_2023-09.pdf
Kerala,2023,10,4159.0,4143.0,PSP_Peak_2023-10.pdf
Kerala,2023,11,4293.0,4293.0,PSP_Peak_2023-11.pdf
Kerala,2023,12,4260.0,4260.0,PSP_Peak_2023-12.pdf
Kerala,2024,1,4340.0,4340.0,PSP_Peak_2024-01.pdf
Kerala,2024,2,4827.0,4827.0,PSP_Peak_2024-02.pdf
Kerala,2024,3,5284.0,5284.0,PSP_Peak_2024-03.pdf
Kerala,2024,4,5904.0,5631.0,PSP_Peak_2024-04.pdf
Kerala,2024,5,5797.0,5797.0,PSP_Peak_2024-05.pdf
Kerala,2024,6,4383.0,4383.0,PSP_Peak_2024-06.pdf
Kerala,2024,7,4167.0,4167.0,PSP_Peak_2024-07.pdf
Kerala,2024,8,4247.0,4247.0,PSP_Peak_2024-08.pdf
Kerala,2024,9,4545.0,4336.0,PSP_Peak_2024-09.pdf
Kerala,2024,10,4440.0,4440.0,PSP_Peak_2024-10.pdf
Kerala,2024,11,4489.0,4489.0,PSP_Peak_2024-11.pdf
Kerala,2024,12,4466.0,4466.0,PSP_Peak_2024-12.pdf
Kerala,2025,1,4515.0,4506.0,PSP_Peak_2025-01.pdf
Kerala,2025,2,5006.0,5000.0,PSP_Peak_2025-02.pdf
Kerala,2025,3,5341.0,5334.0,PSP_Peak_2025-03.pdf
Kerala,2025,4,5138.0,5125.0,PSP_Peak_2025-04.pdf
Kerala,2025,5,5185.0,5178.0,PSP_Peak_2025-05.pdf
Kerala,2025,6,4473.0,4473.0,PSP_Peak_2025-06.pdf
Kerala,2025,7,4153.0,4144.0,PSP_Peak_2025-07.pdf
Kerala,2025,8,4382.0,4382.0,PSP_Peak_2025-08.pdf
Kerala,2025,9,4467.0,4467.0,PSP_Peak_2025-09.pdf
Kerala,2025,10,4581.0,4581.0,PSP_Peak_2025-10.pdf
Kerala,2025,11,4602.0,4602.0,PSP_Peak_2025-11.pdf
Kerala,2025,12,4567.0,4567.0,PSP_Peak_2025-12.pdf
Kerala,2026,1,4768.0,4767.0,PSP_Peak_2026-01.pdf
Kerala,2026,2,5099.0,5099.0,PSP_Peak_2026-02.pdf
Kerala,2026,3,5819.0,5819.0,PSP_Peak_2026-03.pdf
Kerala,2026,4,6488.0,6178.0,PSP_Peak_2026-04.pdf
Kerala,2026,5,5742.0,5742.0,PSP_Peak_2026-05.pdf
Kerala,2026,6,5473.0,5472.0,PSP_Peak_2026-06.pdf
Kerala,2026,7,5348.0,4820.0,PSP_Peak_2026-07.pdf
Kerala,2026,8,4950.0,4861.0,PSP_Peak_2026-08.pdf
Lakshadweep,2015,1,8.0,8.0,PSP_Peak_2015-01.pdf
Lakshadweep,2015,2,8.0,8.0,PSP_Peak_2015-02.pdf
Lakshadweep,2015,3,8.0,8.0,PSP_Peak_2015-03.pdf
Lakshadweep,2015,4,8.0,8.0,PSP_Peak_2015-04.pdf
Lakshadweep,2015,5,8.0,8.0,PSP_Peak_2015-05.pdf
Lakshadweep,2015,6,8.0,8.0,PSP_Peak_2015-06.pdf
Lakshadweep,2015,7,8.0,8.0,PSP_Peak_2015-07.pdf
Lakshadweep,2015,8,8.0,8.0,PSP_Peak_2015-08.pdf
Lakshadweep,2015,9,8.0,8.0,PSP_Peak_2015-09.pdf
Lakshadweep,2015,10,8.0,8.0,PSP_Peak_2015-10.pdf
Lakshadweep,2015,11,8.0,8.0,PSP_Peak_2015-11.pdf
Lakshadweep,2015,12,8.0,8.0,PSP_Peak_2015-12.pdf
Lakshadweep,2016,1,8.0,8.0,PSP_Peak_2016-01.pdf
Lakshadweep,2016,2,8.0,8.0,PSP_Peak_2016-02.pdf
Lakshadweep,2016,3,8.0,8.0,PSP_Peak_2016-03.pdf
Lakshadweep,2016,4,8.0,8.0,PSP_Peak_2016-04.pdf
Lakshadweep,2016,5,8.0,8.0,PSP_Peak_2016-05.pdf
Lakshadweep,2016,6,8.0,8.0,PSP_Peak_2016-06.pdf
Lakshadweep,2016,7,8.0,8.0,PSP_Peak_2016-07.pdf
Lakshadweep,2016,8,8.0,8.0,PSP_Peak_2016-08.pdf
Lakshadweep,2016,9,8.0,8.0,PSP_Peak_2016-09.pdf
Lakshadweep,2016,10,8.0,8.0,PSP_Peak_2016-10.pdf
Lakshadweep,2016,11,8.0,8.0,PSP_Peak_2016-11.pdf
Lakshadweep,2016,12,8.0,8.0,PSP_Peak_2016-12.pdf
Lakshadweep,2017,1,8.0,8.0,PSP_Peak_2017-01.pdf
Lakshadweep,2017,2,8.0,8.0,PSP_Peak_2017-02.pdf
Lakshadweep,2017,3,8.0,8.0,PSP_Peak_2017-03.pdf
Lakshadweep,2017,4,8.0,8.0,PSP_Peak_2017-04.pdf
Lakshadweep,2017,5,8.0,8.0,PSP_Peak_2017-05.pdf
Lakshadweep,2017,6,9.0,9.0,PSP_Peak_2017-06.pdf
Lakshadweep,2017,7,8.0,8.0,PSP_Peak_2017-07.pdf
Lakshadweep,2017,8,8.0,8.0,PSP_Peak_2017-08.pdf
Lakshadweep,2017,9,8.0,8.0,PSP_Peak_2017-09.pdf
Lakshadweep,2017,10,8.0,8.0,PSP_Peak_2017-10.pdf
Lakshadweep,2017,11,8.0,8.0,PSP_Peak_2017-11.pdf
Lakshadweep,2017,12,8.0,8.0,PSP_Peak_2017-12.pdf
Lakshadweep,2018,1,8.0,8.0,PSP_Peak_2018-01.pdf
Lakshadweep,2018,2,8.0,8.0,PSP_Peak_2018-02.pdf
Lakshadweep,2018,3,8.0,8.0,PSP_Peak_2018-03.pdf
Lakshadweep,2018,4,8.0,8.0,PSP_Peak_2018-04.pdf
Lakshadweep,2018,5,8.0,8.0,PSP_Peak_2018-05.pdf
Lakshadweep,2018,6,8.0,8.0,PSP_Peak_2018-06.pdf
Lakshadweep,2018,7,8.0,8.0,PSP_Peak_2018-07.pdf
Lakshadweep,2018,8,8.0,8.0,PSP_Peak_2018-08.pdf
Lakshadweep,2018,9,8.0,8.0,PSP_Peak_2018-09.pdf
Lakshadweep,2018,10,8.0,8.0,PSP_Peak_2018-10.pdf
Lakshadweep,2018,11,8.0,8.0,PSP_Peak_2018-11.pdf
Lakshadweep,2018,12,8.0,8.0,PSP_Peak_2018-12.pdf
Lakshadweep,2019,1,8.0,8.0,PSP_Peak_2019-01.pdf
Lakshadweep,2019,2,8.0,8.0,PSP_Peak_2019-02.pdf
Lakshadweep,2019,3,8.0,8.0,PSP_Peak_2019-03.pdf
Lakshadweep,2019,4,8.0,8.0,PSP_Peak_2019-04.pdf
Lakshadweep,2019,5,8.0,8.0,PSP_Peak_2019-05.pdf
Lakshadweep,2019,6,8.0,8.0,PSP_Peak_2019-06.pdf
Lakshadweep,2019,7,8.0,8.0,PSP_Peak_2019-07.pdf
Lakshadweep,2019,8,8.0,8.0,PSP_Peak_2019-08.pdf
Lakshadweep,2019,9,8.0,8.0,PSP_Peak_2019-09.pdf
Lakshadweep,2019,10,8.0,8.0,PSP_Peak_2019-10.pdf
Lakshadweep,2019,11,8.0,8.0,PSP_Peak_2019-11.pdf
Lakshadweep,2019,12,8.0,8.0,PSP_Peak_2019-12.pdf
Lakshadweep,2020,1,8.0,8.0,PSP_Peak_2020-01.pdf
Lakshadweep,2020,2,8.0,8.0,PSP_Peak_2020-02.pdf
Lakshadweep,2020,3,8.0,8.0,PSP_Peak_2020-03.pdf
Lakshadweep,2020,4,10.0,10.0,PSP_Peak_2020-04.pdf
Lakshadweep,2020,5,11.0,11.0,PSP_Peak_2020-05.pdf
Lakshadweep,2020,6,10.0,10.0,PSP_Peak_2020-06.pdf
Lakshadweep,2020,7,9.0,9.0,PSP_Peak_2020-07.pdf
Lakshadweep,2020,8,9.0,9.0,PSP_Peak_2020-08.pdf
Lakshadweep,2020,9,10.0,10.0,PSP_Peak_2020-09.pdf
Lakshadweep,2020,10,9.0,9.0,PSP_Peak_2020-10.pdf
Lakshadweep,2020,11,9.0,9.0,PSP_Peak_2020-11.pdf
Lakshadweep,2020,12,9.0,9.0,PSP_Peak_2020-12.pdf
Lakshadweep,2021,1,10.0,10.0,PSP_Peak_2021-01.pdf
Lakshadweep,2021,2,10.0,10.0,PSP_Peak_2021-02.pdf
Lakshadweep,2021,3,11.0,11.0,PSP_Peak_2021-03.pdf
Lakshadweep,2021,4,10.0,10.0,PSP_Peak_2021-04.pdf
Lakshadweep,2021,5,11.0,11.0,PSP_Peak_2021-05.pdf
Lakshadweep,2021,6,10.0,10.0,PSP_Peak_2021-06.pdf
Lakshadweep,2021,7,9.0,9.0,PSP_Peak_2021-07.pdf
Lakshadweep,2021,8,9.0,9.0,PSP_Peak_2021-08.pdf
Lakshadweep,2021,9,10.0,10.0,PSP_Peak_2021-09.pdf
Lakshadweep,2021,10,9.0,9.0,PSP_Peak_2021-10.pdf
Lakshadweep,2021,11,9.0,9.0,PSP_Peak_2021-11.pdf
Lakshadweep,2021,12,9.0,9.0,PSP_Peak_2021-12.pdf
Lakshadweep,2022,1,10.0,10.0,PSP_Peak_2022-01.pdf
Lakshadweep,2022,2,10.0,10.0,PSP_Peak_2022-02.pdf
Lakshadweep,2022,3,11.0,11.0,PSP_Peak_2022-03.pdf
Lakshadweep,2022,4,12.0,12.0,PSP_Peak_2022-04.pdf
Lakshadweep,2022,5,12.0,12.0,PSP_Peak_2022-05.pdf
Lakshadweep,2022,6,11.0,11.0,PSP_Peak_2022-06.pdf
Lakshadweep,2022,7,11.0,11.0,PSP_Peak_2022-07.pdf
Lakshadweep,2022,8,11.0,11.0,PSP_Peak_2022-08.pdf
Lakshadweep,2022,9,11.0,11.0,PSP_Peak_2022-09.pdf
Lakshadweep,2022,10,11.0,11.0,PSP_Peak_2022-10.pdf
Lakshadweep,2022,11,10.0,10.0,PSP_Peak_2022-11.pdf
Lakshadweep,2022,12,10.0,10.0,PSP_Peak_2022-12.pdf
Lakshadweep,2023,1,11.0,11.0,PSP_Peak_2023-01.pdf
Lakshadweep,2023,2,11.0,11.0,PSP_Peak_2023-02.pdf
Lakshadweep,2023,3,12.0,12.0,PSP_Peak_2023-03.pdf
Lakshadweep,2023,4,12.0,12.0,PSP_Peak_2023-04.pdf
Lakshadweep,2023,5,12.0,12.0,PSP_Peak_2023-05.pdf
Lakshadweep,2023,6,11.0,11.0,PSP_Peak_2023-06.pdf
Lakshadweep,2023,7,11.0,11.0,PSP_Peak_2023-07.pdf
Lakshadweep,2023,8,11.0,11.0,PSP_Peak_2023-08.pdf
Lakshadweep,2023,9,11.0,11.0,PSP_Peak_2023-09.pdf
Lakshadweep,2023,10,11.0,11.0,PSP_Peak_2023-10.pdf
Lakshadweep,2023,11,10.0,10.0,PSP_Peak_2023-11.pdf
Lakshadweep,2023,12,10.0,10.0,PSP_Peak_2023-12.pdf
Lakshadweep,2024,1,11.0,11.0,PSP_Peak_2024-01.pdf
Lakshadweep,2024,2,12.0,12.0,PSP_Peak_2024-02.pdf
Lakshadweep,2024,3,12.0,12.0,PSP_Peak_2024-03.pdf
Lakshadweep,2024,4,12.0,12.0,PSP_Peak_2024-04.pdf
Lakshadweep,2024,5,13.0,13.0,PSP_Peak_2024-05.pdf
Lakshadweep,2024,6,12.0,12.0,PSP_Peak_2024-06.pdf
Lakshadweep,2024,7,11.0,11.0,PSP_Peak_2024-07.pdf
Lakshadweep,2024,8,11.0,11.0,PSP_Peak_2024-08.pdf
Lakshadweep,2024,9,12.0,12.0,PSP_Peak_2024-09.pdf
Lakshadweep,2024,10,11.0,11.0,PSP_Peak_2024-10.pdf
Lakshadweep,2024,11,11.0,11.0,PSP_Peak_2024-11.pdf
Lakshadweep,2024,12,12.0,12.0,PSP_Peak_2024-12.pdf
Lakshadweep,2025,1,12.0,12.0,PSP_Peak_2025-01.pdf
Lakshadweep,2025,2,12.0,12.0,PSP_Peak_2025-02.pdf
Lakshadweep,2025,3,13.0,13.0,PSP_Peak_2025-03.pdf
Lakshadweep,2025,4,13.0,13.0,PSP_Peak_2025-04.pdf
Lakshadweep,2025,5,14.0,14.0,PSP_Peak_2025-05.pdf
Lakshadweep,2025,6,13.0,13.0,PSP_Peak_2025-06.pdf
Lakshadweep,2025,7,12.0,12.0,PSP_Peak_2025-07.pdf
Lakshadweep,2025,8,12.0,12.0,PSP_Peak_2025-08.pdf
Lakshadweep,2025,9,13.0,13.0,PSP_Peak_2025-09.pdf
Lakshadweep,2025,10,12.0,12.0,PSP_Peak_2025-10.pdf
Lakshadweep,2025,11,12.0,12.0,PSP_Peak_2025-11.pdf
Lakshadweep,2025,12,11.0,11.0,PSP_Peak_2025-12.pdf
Lakshadweep,2026,1,13.0,13.0,PSP_Peak_2026-01.pdf
Lakshadweep,2026,2,13.0,13.0,PSP_Peak_2026-02.pdf
Lakshadweep,2026,3,14.0,14.0,PSP_Peak_2026-03.pdf
Lakshadweep,2026,4,14.0,14.0,PSP_Peak_2026-04.pdf
Lakshadweep,2026,5,14.0,14.0,PSP_Peak_2026-05.pdf
Lakshadweep,2026,6,13.0,13.0,PSP_Peak_2026-06.pdf
Lakshadweep,2026,7,13.0,13.0,PSP_Peak_2026-07.pdf
Lakshadweep,2026,8,13.0,13.0,PSP_Peak_2026-08.pdf
Madhya Pradesh,2015,1,9511.0,9466.0,PSP_Peak_2015-01.pdf
Madhya Pradesh,2015,2,9033.0,9033.0,PSP_Peak_2015-02.pdf
Madhya Pradesh,2015,3,6815.0,6815.0,PSP_Peak_2015-03.pdf
Madhya Pradesh,2015,4,6984.0,6984.0,PSP_Peak_2015-04.pdf
Madhya Pradesh,2015,5,7159.0,7158.0,PSP_Peak_2015-05.pdf
Madhya Pradesh,2015,6,7127.0,7127.0,PSP_Peak_2015-06.pdf
Madhya Pradesh,2015,7,7130.0,7130.0,PSP_Peak_2015-07.pdf
Madhya Pradesh,2015,8,7484.0,7477.0,PSP_Peak_2015-08.pdf
Madhya Pradesh,2015,9,8377.0,8377.0,PSP_Peak_2015-09.pdf
Madhya Pradesh,2015,10,9975.0,9975.0,PSP_Peak_2015-10.pdf
Madhya Pradesh,2015,11,10160.0,10146.0,PSP_Peak_2015-11.pdf
Madhya Pradesh,2015,12,10902.0,10902.0,PSP_Peak_2015-12.pdf
Madhya Pradesh,2016,1,10796.0,10796.0,PSP_Peak_2016-01.pdf
Madhya Pradesh,2016,2,10130.0,10124.0,PSP_Peak_2016-02.pdf
Madhya Pradesh,2016,3,9056.0,9056.0,PSP_Peak_2016-03.pdf
Madhya Pradesh,2016,4,8145.0,8111.0,PSP_Peak_2016-04.pdf
Madhya Pradesh,2016,5,7980.0,7975.0,PSP_Peak_2016-05.pdf
Madhya Pradesh,2016,6,7360.0,7344.0,PSP_Peak_2016-06.pdf
Madhya Pradesh,2016,7,6671.0,6660.0,PSP_Peak_2016-07.pdf
Madhya Pradesh,2016,8,6759.0,6759.0,PSP_Peak_2016-08.pdf
Madhya Pradesh,2016,10,8832.0,8832.0,PSP_Peak_2016-10.pdf
Madhya Pradesh,2016,11,10894.0,10867.0,PSP_Peak_2016-11.pdf
Madhya Pradesh,2016,12,11512.0,11501.0,PSP_Peak_2016-12.pdf
Madhya Pradesh,2017,1,11353.0,11353.0,PSP_Peak_2017-01.pdf
Madhya Pradesh,2017,2,10915.0,10904.0,PSP_Peak_2017-02.pdf
Madhya Pradesh,2017,3,9848.0,9831.0,PSP_Peak_2017-03.pdf
Madhya Pradesh,2017,4,8402.0,8402.0,PSP_Peak_2017-04.pdf
Madhya Pradesh,2017,5,8227.0,8227.0,PSP_Peak_2017-05.pdf
Madhya Pradesh,2017,6,7640.0,7610.0,PSP_Peak_2017-06.pdf
Madhya Pradesh,2017,7,7290.0,7243.0,PSP_Peak_2017-07.pdf
Madhya Pradesh,2017,8,8249.0,8186.0,PSP_Peak_2017-08.pdf
Madhya Pradesh,2017,9,8251.0,8231.0,PSP_Peak_2017-09.pdf
Madhya Pradesh,2017,10,10465.0,10453.0,PSP_Peak_2017-10.pdf
Madhya Pradesh,2017,11,11829.0,11797.0,PSP_Peak_2017-11.pdf
Madhya Pradesh,2017,12,12338.0,12301.0,PSP_Peak_2017-12.pdf
Madhya Pradesh,2018,1,12199.0,12165.0,PSP_Peak_2018-01.pdf
Madhya Pradesh,2018,2,11444.0,11444.0,PSP_Peak_2018-02.pdf
Madhya Pradesh,2018,3,9786.0,9765.0,PSP_Peak_2018-03.pdf
Madhya Pradesh,2018,4,8591.0,8589.0,PSP_Peak_2018-04.pdf
Madhya Pradesh,2018,5,8764.0,8745.0,PSP_Peak_2018-05.pdf
Madhya Pradesh,2018,6,8389.0,8366.0,PSP_Peak_2018-06.pdf
Madhya Pradesh,2018,7,7711.0,7664.0,PSP_Peak_2018-07.pdf
Madhya Pradesh,2018,8,8775.0,8775.0,PSP_Peak_2018-08.pdf
Madhya Pradesh,2018,9,8811.0,8771.0,PSP_Peak_2018-09.pdf
Madhya Pradesh,2018,10,11535.0,11496.0,PSP_Peak_2018-10.pdf
Madhya Pradesh,2018,11,10016.0,10007.0,PSP_Peak_2018-11.pdf
Madhya Pradesh,2018,12,13215.0,13215.0,PSP_Peak_2018-12.pdf
Madhya Pradesh,2019,1,13815.0,13815.0,PSP_Peak_2019-01.pdf
Madhya Pradesh,2019,2,13505.0,13505.0,PSP_Peak_2019-02.pdf
Madhya Pradesh,2019,3,12328.0,12323.0,PSP_Peak_2019-03.pdf
Madhya Pradesh,2019,4,10018.0,10018.0,PSP_Peak_2019-04.pdf
Madhya Pradesh,2019,5,10145.0,10131.0,PSP_Peak_2019-05.pdf
Madhya Pradesh,2019,6,10187.0,10180.0,PSP_Peak_2019-06.pdf
Madhya Pradesh,2019,7,10097.0,10097.0,PSP_Peak_2019-07.pdf
Madhya Pradesh,2019,8,8777.0,8777.0,PSP_Peak_2019-08.pdf
Madhya Pradesh,2019,9,8899.0,8887.0,PSP_Peak_2019-09.pdf
Madhya Pradesh,2019,10,8820.0,8820.0,PSP_Peak_2019-10.pdf
Madhya Pradesh,2019,11,13147.0,13147.0,PSP_Peak_2019-11.pdf
Madhya Pradesh,2019,12,14674.0,14623.0,PSP_Peak_2019-12.pdf
Madhya Pradesh,2020,1,14729.0,14729.0,PSP_Peak_2020-01.pdf
Madhya Pradesh,2020,2,14886.0,14855.0,PSP_Peak_2020-02.pdf
Madhya Pradesh,2020,3,12144.0,12144.0,PSP_Peak_2020-03.pdf
Madhya Pradesh,2020,4,9149.0,9139.0,PSP_Peak_2020-04.pdf
Madhya Pradesh,2020,5,10173.0,10173.0,PSP_Peak_2020-05.pdf
Madhya Pradesh,2020,6,9124.0,9124.0,PSP_Peak_2020-06.pdf
Madhya Pradesh,2020,7,10322.0,10290.0,PSP_Peak_2020-07.pdf
Madhya Pradesh,2020,8,10027.0,10027.0,PSP_Peak_2020-08.pdf
Madhya Pradesh,2020,9,10263.0,10263.0,PSP_Peak_2020-09.pdf
Madhya Pradesh,2020,10,12784.0,12784.0,PSP_Peak_2020-10.pdf
Madhya Pradesh,2020,11,14441.0,14441.0,PSP_Peak_2020-11.pdf
Madhya Pradesh,2020,12,15756.0,15668.0,PSP_Peak_2020-12.pdf
Madhya Pradesh,2021,1,15500.0,15500.0,PSP_Peak_2021-01.pdf
Madhya Pradesh,2021,2,14983.0,14983.0,PSP_Peak_2021-02.pdf
Madhya Pradesh,2021,3,13073.0,13073.0,PSP_Peak_2021-03.pdf
Madhya Pradesh,2021,4,11392.0,11392.0,PSP_Peak_2021-04.pdf
Madhya Pradesh,2021,5,10240.0,10240.0,PSP_Peak_2021-05.pdf
Madhya Pradesh,2021,6,9418.0,9418.0,PSP_Peak_2021-06.pdf
Madhya Pradesh,2021,7,11194.0,11194.0,PSP_Peak_2021-07.pdf
Madhya Pradesh,2021,8,10705.0,10686.0,PSP_Peak_2021-08.pdf
Madhya Pradesh,2021,9,10492.0,10470.0,PSP_Peak_2021-09.pdf
Madhya Pradesh,2021,10,11066.0,11054.0,PSP_Peak_2021-10.pdf
Madhya Pradesh,2021,11,14481.0,14481.0,PSP_Peak_2021-11.pdf
Madhya Pradesh,2021,12,15917.0,15917.0,PSP_Peak_2021-12.pdf
Madhya Pradesh,2022,1,15517.0,15517.0,PSP_Peak_2022-01.pdf
Madhya Pradesh,2022,2,15702.0,15702.0,PSP_Peak_2022-02.pdf
Madhya Pradesh,2022,3,14257.0,14257.0,PSP_Peak_2022-03.pdf
Madhya Pradesh,2022,4,12751.0,12592.0,PSP_Peak_2022-04.pdf
Madhya Pradesh,2022,5,12541.0,12480.0,PSP_Peak_2022-05.pdf
Madhya Pradesh,2022,6,11520.0,11480.0,PSP_Peak_2022-06.pdf
Madhya Pradesh,2022,7,10244.0,10237.0,PSP_Peak_2022-07.pdf
Madhya Pradesh,2022,8,10957.0,10957.0,PSP_Peak_2022-08.pdf
Madhya Pradesh,2022,9,10973.0,10973.0,PSP_Peak_2022-09.pdf
Madhya Pradesh,2022,10,11752.0,11752.0,PSP_Peak_2022-10.pdf
Madhya Pradesh,2022,11,16085.0,16085.0,PSP_Peak_2022-11.pdf
Madhya Pradesh,2022,12,17141.0,17111.0,PSP_Peak_2022-12.pdf
Madhya Pradesh,2023,1,17347.0,17238.0,PSP_Peak_2023-01.pdf
Madhya Pradesh,2023,2,15875.0,15858.0,PSP_Peak_2023-02.pdf
Madhya Pradesh,2023,3,14298.0,14298.0,PSP_Peak_2023-03.pdf
Madhya Pradesh,2023,4,14298.0,14298.0,PSP_Peak_2023-04.pdf
Madhya Pradesh,2023,5,12286.0,12286.0,PSP_Peak_2023-05.pdf
Madhya Pradesh,2023,6,11837.0,11837.0,PSP_Peak_2023-06.pdf
Madhya Pradesh,2023,7,12006.0,12006.0,PSP_Peak_2023-07.pdf
Madhya Pradesh,2023,8,13624.0,13605.0,PSP_Peak_2023-08.pdf
Madhya Pradesh,2023,9,14873.0,14852.0,PSP_Peak_2023-09.pdf
Madhya Pradesh,2023,10,15252.0,15209.0,PSP_Peak_2023-10.pdf
Madhya Pradesh,2023,11,17121.0,17097.0,PSP_Peak_2023-11.pdf
Madhya Pradesh,2023,12,17819.0,17819.0,PSP_Peak_2023-12.pdf
Madhya Pradesh,2024,1,18252.0,17817.0,PSP_Peak_2024-01.pdf
Madhya Pradesh,2024,2,16998.0,16992.0,PSP_Peak_2024-02.pdf
Madhya Pradesh,2024,3,13594.0,13594.0,PSP_Peak_2024-03.pdf
Madhya Pradesh,2024,4,13151.0,13151.0,PSP_Peak_2024-04.pdf
Madhya Pradesh,2024,5,14309.0,14309.0,PSP_Peak_2024-05.pdf
Madhya Pradesh,2024,6,13953.0,13953.0,PSP_Peak_2024-06.pdf
Madhya Pradesh,2024,7,12748.0,12735.0,PSP_Peak_2024-07.pdf
Madhya Pradesh,2024,8,11822.0,11822.0,PSP_Peak_2024-08.pdf
Madhya Pradesh,2024,9,12677.0,12677.0,PSP_Peak_2024-09.pdf
Madhya Pradesh,2024,10,13610.0,13563.0,PSP_Peak_2024-10.pdf
Madhya Pradesh,2024,11,17941.0,17923.0,PSP_Peak_2024-11.pdf
Madhya Pradesh,2024,12,19371.0,19183.0,PSP_Peak_2024-12.pdf
Madhya Pradesh,2025,1,18593.0,18580.0,PSP_Peak_2025-01.pdf
Madhya Pradesh,2025,2,18596.0,18596.0,PSP_Peak_2025-02.pdf
Madhya Pradesh,2025,3,16622.0,16622.0,PSP_Peak_2025-03.pdf
Madhya Pradesh,2025,4,14527.0,14486.0,PSP_Peak_2025-04.pdf
Madhya Pradesh,2025,5,13844.0,13844.0,PSP_Peak_2025-05.pdf
Madhya Pradesh,2025,6,12733.0,12733.0,PSP_Peak_2025-06.pdf
Madhya Pradesh,2025,7,12584.0,12584.0,PSP_Peak_2025-07.pdf
Madhya Pradesh,2025,8,12869.0,12869.0,PSP_Peak_2025-08.pdf
Madhya Pradesh,2025,9,13116.0,13116.0,PSP_Peak_2025-09.pdf
Madhya Pradesh,2025,10,13518.0,13518.0,PSP_Peak_2025-10.pdf
Madhya Pradesh,2025,11,18323.0,18323.0,PSP_Peak_2025-11.pdf
Madhya Pradesh,2025,12,19849.0,19849.0,PSP_Peak_2025-12.pdf
Madhya Pradesh,2026,1,19902.0,19895.0,PSP_Peak_2026-01.pdf
Madhya Pradesh,2026,2,19221.0,19187.0,PSP_Peak_2026-02.pdf
Madhya Pradesh,2026,3,16965.0,16953.0,PSP_Peak_2026-03.pdf
Madhya Pradesh,2026,4,14375.0,14375.0,PSP_Peak_2026-04.pdf
Madhya Pradesh,2026,5,15519.0,15492.0,PSP_Peak_2026-05.pdf
Madhya Pradesh,2026,6,13441.0,13432.0,PSP_Peak_2026-06.pdf
Madhya Pradesh,2026,7,13818.0,13818.0,PSP_Peak_2026-07.pdf
Madhya Pradesh,2026,8,13390.0,13390.0,PSP_Peak_2026-08.pdf
Maharashtra,2015,1,18464.0,17866.0,PSP_Peak_2015-01.pdf
Maharashtra,2015,2,19146.0,18816.0,PSP_Peak_2015-02.pdf
Maharashtra,2015,3,19936.0,19804.0,PSP_Peak_2015-03.pdf
Maharashtra,2015,4,19933.0,19714.0,PSP_Peak_2015-04.pdf
Maharashtra,2015,5,19886.0,19722.0,PSP_Peak_2015-05.pdf
Maharashtra,2015,6,19290.0,19145.0,PSP_Peak_2015-06.pdf
Maharashtra,2015,7,19734.0,19266.0,PSP_Peak_2015-07.pdf
Maharashtra,2015,8,18571.0,18447.0,PSP_Peak_2015-08.pdf
Maharashtra,2015,9,19247.0,18984.0,PSP_Peak_2015-09.pdf
Maharashtra,2015,10,20973.0,20594.0,PSP_Peak_2015-10.pdf
Maharashtra,2015,11,20213.0,19781.0,PSP_Peak_2015-11.pdf
Maharashtra,2015,12,19102.0,19077.0,PSP_Peak_2015-12.pdf
Maharashtra,2016,1,18188.0,18156.0,PSP_Peak_2016-01.pdf
Maharashtra,2016,2,19015.0,18994.0,PSP_Peak_2016-02.pdf
Maharashtra,2016,3,19218.0,19184.0,PSP_Peak_2016-03.pdf
Maharashtra,2016,4,20057.0,20021.0,PSP_Peak_2016-04.pdf
Maharashtra,2016,5,19916.0,19909.0,PSP_Peak_2016-05.pdf
Maharashtra,2016,6,19813.0,19128.0,PSP_Peak_2016-06.pdf
Maharashtra,2016,7,16014.0,15997.0,PSP_Peak_2016-07.pdf
Maharashtra,2016,8,18657.0,18644.0,PSP_Peak_2016-08.pdf
Maharashtra,2016,10,20499.0,20462.0,PSP_Peak_2016-10.pdf
Maharashtra,2016,11,20305.0,20298.0,PSP_Peak_2016-11.pdf
Maharashtra,2016,12,19899.0,19835.0,PSP_Peak_2016-12.pdf
Maharashtra,2017,1,20315.0,20300.0,PSP_Peak_2017-01.pdf
Maharashtra,2017,2,21281.0,21204.0,PSP_Peak_2017-02.pdf
Maharashtra,2017,3,22516.0,22207.0,PSP_Peak_2017-03.pdf
Maharashtra,2017,4,22542.0,22494.0,PSP_Peak_2017-04.pdf
Maharashtra,2017,5,21874.0,21778.0,PSP_Peak_2017-05.pdf
Maharashtra,2017,6,20623.0,20520.0,PSP_Peak_2017-06.pdf
Maharashtra,2017,7,19339.0,19290.0,PSP_Peak_2017-07.pdf
Maharashtra,2017,8,20015.0,19951.0,PSP_Peak_2017-08.pdf
Maharashtra,2017,9,19490.0,19428.0,PSP_Peak_2017-09.pdf
Maharashtra,2017,10,20310.0,18248.0,PSP_Peak_2017-10.pdf
Maharashtra,2017,11,21050.0,21012.0,PSP_Peak_2017-11.pdf
Maharashtra,2017,12,19971.0,19956.0,PSP_Peak_2017-12.pdf
Maharashtra,2018,1,21073.0,21065.0,PSP_Peak_2018-01.pdf
Maharashtra,2018,2,21172.0,21164.0,PSP_Peak_2018-02.pdf
Maharashtra,2018,3,22486.0,22422.0,PSP_Peak_2018-03.pdf
Maharashtra,2018,4,23306.0,23207.0,PSP_Peak_2018-04.pdf
Maharashtra,2018,5,23395.0,23254.0,PSP_Peak_2018-05.pdf
Maharashtra,2018,6,21773.0,21703.0,PSP_Peak_2018-06.pdf
Maharashtra,2018,7,19327.0,19327.0,PSP_Peak_2018-07.pdf
Maharashtra,2018,8,20764.0,20757.0,PSP_Peak_2018-08.pdf
Maharashtra,2018,9,22455.0,22349.0,PSP_Peak_2018-09.pdf
Maharashtra,2018,10,23864.0,23159.0,PSP_Peak_2018-10.pdf
Maharashtra,2018,11,22468.0,22378.0,PSP_Peak_2018-11.pdf
Maharashtra,2018,12,21151.0,21089.0,PSP_Peak_2018-12.pdf
Maharashtra,2019,1,20242.0,20242.0,PSP_Peak_2019-01.pdf
Maharashtra,2019,2,21079.0,21020.0,PSP_Peak_2019-02.pdf
Maharashtra,2019,3,22361.0,22291.0,PSP_Peak_2019-03.pdf
Maharashtra,2019,4,23158.0,23150.0,PSP_Peak_2019-04.pdf
Maharashtra,2019,5,23621.0,23613.0,PSP_Peak_2019-05.pdf
Maharashtra,2019,6,22912.0,22912.0,PSP_Peak_2019-06.pdf
Maharashtra,2019,7,20568.0,20561.0,PSP_Peak_2019-07.pdf
Maharashtra,2019,8,20257.0,20250.0,PSP_Peak_2019-08.pdf
Maharashtra,2019,9,18813.0,18793.0,PSP_Peak_2019-09.pdf
Maharashtra,2019,10,20750.0,20750.0,PSP_Peak_2019-10.pdf
Maharashtra,2019,11,21471.0,21471.0,PSP_Peak_2019-11.pdf
Maharashtra,2019,12,22411.0,22403.0,PSP_Peak_2019-12.pdf
Maharashtra,2020,1,22975.0,22975.0,PSP_Peak_2020-01.pdf
Maharashtra,2020,2,24550.0,24550.0,PSP_Peak_2020-02.pdf
Maharashtra,2020,3,24012.0,24012.0,PSP_Peak_2020-03.pdf
Maharashtra,2020,4,18695.0,18675.0,PSP_Peak_2020-04.pdf
Maharashtra,2020,5,21501.0,21463.0,PSP_Peak_2020-05.pdf
Maharashtra,2020,6,19429.0,19422.0,PSP_Peak_2020-06.pdf
Maharashtra,2020,7,17792.0,17792.0,PSP_Peak_2020-07.pdf
Maharashtra,2020,8,18111.0,18111.0,PSP_Peak_2020-08.pdf
Maharashtra,2020,9,19326.0,19326.0,PSP_Peak_2020-09.pdf
Maharashtra,2020,10,20635.0,20635.0,PSP_Peak_2020-10.pdf
Maharashtra,2020,11,22903.0,22903.0,PSP_Peak_2020-11.pdf
Maharashtra,2020,12,23537.0,23537.0,PSP_Peak_2020-12.pdf
Maharashtra,2021,1,24058.0,24058.0,PSP_Peak_2021-01.pdf
Maharashtra,2021,2,24122.0,24097.0,PSP_Peak_2021-02.pdf
Maharashtra,2021,3,25576.0,25513.0,PSP_Peak_2021-03.pdf
Maharashtra,2021,4,25653.0,25644.0,PSP_Peak_2021-04.pdf
Maharashtra,2021,5,23746.0,23721.0,PSP_Peak_2021-05.pdf
Maharashtra,2021,6,21141.0,21141.0,PSP_Peak_2021-06.pdf
Maharashtra,2021,7,24097.0,24089.0,PSP_Peak_2021-07.pdf
Maharashtra,2021,8,24428.0,24428.0,PSP_Peak_2021-08.pdf
Maharashtra,2021,9,21502.0,21502.0,PSP_Peak_2021-09.pdf
Maharashtra,2021,10,22892.0,22892.0,PSP_Peak_2021-10.pdf
Maharashtra,2021,11,25215.0,25215.0,PSP_Peak_2021-11.pdf
Maharashtra,2021,12,24429.0,24420.0,PSP_Peak_2021-12.pdf
Maharashtra,2022,1,25560.0,25542.0,PSP_Peak_2022-01.pdf
Maharashtra,2022,2,26316.0,26307.0,PSP_Peak_2022-02.pdf
Maharashtra,2022,3,28075.0,28016.0,PSP_Peak_2022-03.pdf
Maharashtra,2022,4,30935.0,28846.0,PSP_Peak_2022-04.pdf
Maharashtra,2022,5,27969.0,27969.0,PSP_Peak_2022-05.pdf
Maharashtra,2022,6,26972.0,26972.0,PSP_Peak_2022-06.pdf
Maharashtra,2022,7,22540.0,22540.0,PSP_Peak_2022-07.pdf
Maharashtra,2022,8,24186.0,24178.0,PSP_Peak_2022-08.pdf
Maharashtra,2022,9,22574.0,22550.0,PSP_Peak_2022-09.pdf
Maharashtra,2022,10,22513.0,22513.0,PSP_Peak_2022-10.pdf
Maharashtra,2022,11,25936.0,25927.0,PSP_Peak_2022-11.pdf
Maharashtra,2022,12,27234.0,27234.0,PSP_Peak_2022-12.pdf
Maharashtra,2023,1,27860.0,27860.0,PSP_Peak_2023-01.pdf
Maharashtra,2023,2,28519.0,28499.0,PSP_Peak_2023-02.pdf
Maharashtra,2023,3,28576.0,28566.0,PSP_Peak_2023-03.pdf
Maharashtra,2023,4,28576.0,28566.0,PSP_Peak_2023-04.pdf
Maharashtra,2023,5,28160.0,28121.0,PSP_Peak_2023-05.pdf
Maharashtra,2023,6,28546.0,28546.0,PSP_Peak_2023-06.pdf
Maharashtra,2023,7,24544.0,24535.0,PSP_Peak_2023-07.pdf
Maharashtra,2023,8,31178.0,27996.0,PSP_Peak_2023-08.pdf
Maharashtra,2023,9,27678.0,27678.0,PSP_Peak_2023-09.pdf
Maharashtra,2023,10,28206.0,28206.0,PSP_Peak_2023-10.pdf
Maharashtra,2023,11,28386.0,28356.0,PSP_Peak_2023-11.pdf
Maharashtra,2023,12,27755.0,27755.0,PSP_Peak_2023-12.pdf
Maharashtra,2024,1,28651.0,28651.0,PSP_Peak_2024-01.pdf
Maharashtra,2024,2,28969.0,28969.0,PSP_Peak_2024-02.pdf
Maharashtra,2024,3,28795.0,28735.0,PSP_Peak_2024-03.pdf
Maharashtra,2024,4,28924.0,28924.0,PSP_Peak_2024-04.pdf
Maharashtra,2024,5,28452.0,28452.0,PSP_Peak_2024-05.pdf
Maharashtra,2024,6,28310.0,28310.0,PSP_Peak_2024-06.pdf
Maharashtra,2024,7,24174.0,24174.0,PSP_Peak_2024-07.pdf
Maharashtra,2024,8,28074.0,25855.0,PSP_Peak_2024-08.pdf
Maharashtra,2024,9,30049.0,26543.0,PSP_Peak_2024-09.pdf
Maharashtra,2024,10,26632.0,26613.0,PSP_Peak_2024-10.pdf
Maharashtra,2024,11,27845.0,27845.0,PSP_Peak_2024-11.pdf
Maharashtra,2024,12,28632.0,28632.0,PSP_Peak_2024-12.pdf
Maharashtra,2025,1,29836.0,29826.0,PSP_Peak_2025-01.pdf
Maharashtra,2025,2,30151.0,30151.0,PSP_Peak_2025-02.pdf
Maharashtra,2025,3,30675.0,30675.0,PSP_Peak_2025-03.pdf
Maharashtra,2025,4,30659.0,30659.0,PSP_Peak_2025-04.pdf
Maharashtra,2025,5,29124.0,29124.0,PSP_Peak_2025-05.pdf
Maharashtra,2025,6,25604.0,25604.0,PSP_Peak_2025-06.pdf
Maharashtra,2025,7,26426.0,26426.0,PSP_Peak_2025-07.pdf
Maharashtra,2025,8,26890.0,26731.0,PSP_Peak_2025-08.pdf
Maharashtra,2025,9,26267.0,26267.0,PSP_Peak_2025-09.pdf
Maharashtra,2025,10,27286.0,27286.0,PSP_Peak_2025-10.pdf
Maharashtra,2025,11,27345.0,27326.0,PSP_Peak_2025-11.pdf
Maharashtra,2025,12,28605.0,28605.0,PSP_Peak_2025-12.pdf
Maharashtra,2026,1,30782.0,30782.0,PSP_Peak_2026-01.pdf
Maharashtra,2026,2,30630.0,30630.0,PSP_Peak_2026-02.pdf
Maharashtra,2026,3,31128.0,31128.0,PSP_Peak_2026-03.pdf
Maharashtra,2026,4,32161.0,32161.0,PSP_Peak_2026-04.pdf
Maharashtra,2026,5,32430.0,32317.0,PSP_Peak_2026-05.pdf
Maharashtra,2026,6,31273.0,31273.0,PSP_Peak_2026-06.pdf
Maharashtra,2026,7,28861.0,28750.0,PSP_Peak_2026-07.pdf
Maharashtra,2026,8,29477.0,29477.0,PSP_Peak_2026-08.pdf
Manipur,2015,1,150.0,144.0,PSP_Peak_2015-01.pdf
Manipur,2015,2,140.0,136.0,PSP_Peak_2015-02.pdf
Manipur,2015,3,148.0,146.0,PSP_Peak_2015-03.pdf
Manipur,2015,4,150.0,148.0,PSP_Peak_2015-04.pdf
Manipur,2015,5,160.0,153.0,PSP_Peak_2015-05.pdf
Manipur,2015,6,149.0,147.0,PSP_Peak_2015-06.pdf
Manipur,2015,7,139.0,139.0,PSP_Peak_2015-07.pdf
Manipur,2015,8,150.0,148.0,PSP_Peak_2015-08.pdf
Manipur,2015,9,146.0,146.0,PSP_Peak_2015-09.pdf
Manipur,2015,10,146.0,146.0,PSP_Peak_2015-10.pdf
Manipur,2015,11,164.0,163.0,PSP_Peak_2015-11.pdf
Manipur,2015,12,167.0,167.0,PSP_Peak_2015-12.pdf
Manipur,2016,1,168.0,166.0,PSP_Peak_2016-01.pdf
Manipur,2016,2,158.0,158.0,PSP_Peak_2016-02.pdf
Manipur,2016,3,155.0,155.0,PSP_Peak_2016-03.pdf
Manipur,2016,4,146.0,146.0,PSP_Peak_2016-04.pdf
Manipur,2016,5,145.0,144.0,PSP_Peak_2016-05.pdf
Manipur,2016,6,152.0,151.0,PSP_Peak_2016-06.pdf
Manipur,2016,7,141.0,141.0,PSP_Peak_2016-07.pdf
Manipur,2016,8,145.0,145.0,PSP_Peak_2016-08.pdf
Manipur,2016,9,151.0,148.0,PSP_Peak_2016-09.pdf
Manipur,2016,10,145.0,145.0,PSP_Peak_2016-10.pdf
Manipur,2016,11,152.0,151.0,PSP_Peak_2016-11.pdf
Manipur,2016,12,161.0,157.0,PSP_Peak_2016-12.pdf
Manipur,2017,1,163.0,163.0,PSP_Peak_2017-01.pdf
Manipur,2017,2,163.0,162.0,PSP_Peak_2017-02.pdf
Manipur,2017,3,160.0,158.0,PSP_Peak_2017-03.pdf
Manipur,2017,4,155.0,154.0,PSP_Peak_2017-04.pdf
Manipur,2017,5,163.0,161.0,PSP_Peak_2017-05.pdf
Manipur,2017,6,156.0,155.0,PSP_Peak_2017-06.pdf
Manipur,2017,7,161.0,158.0,PSP_Peak_2017-07.pdf
Manipur,2017,8,164.0,163.0,PSP_Peak_2017-08.pdf
Manipur,2017,9,166.0,165.0,PSP_Peak_2017-09.pdf
Manipur,2017,10,174.0,170.0,PSP_Peak_2017-10.pdf
Manipur,2017,11,180.0,178.0,PSP_Peak_2017-11.pdf
Manipur,2017,12,194.0,187.0,PSP_Peak_2017-12.pdf
Manipur,2018,1,202.0,195.0,PSP_Peak_2018-01.pdf
Manipur,2018,2,197.0,191.0,PSP_Peak_2018-02.pdf
Manipur,2018,3,185.0,178.0,PSP_Peak_2018-03.pdf
Manipur,2018,4,193.0,186.0,PSP_Peak_2018-04.pdf
Manipur,2018,5,179.0,172.0,PSP_Peak_2018-05.pdf
Manipur,2018,6,179.0,172.0,PSP_Peak_2018-06.pdf
Manipur,2018,7,174.0,171.0,PSP_Peak_2018-07.pdf
Manipur,2018,8,177.0,175.0,PSP_Peak_2018-08.pdf
Manipur,2018,9,184.0,182.0,PSP_Peak_2018-09.pdf
Manipur,2018,10,187.0,185.0,PSP_Peak_2018-10.pdf
Manipur,2018,11,189.0,189.0,PSP_Peak_2018-11.pdf
Manipur,2018,12,214.0,211.0,PSP_Peak_2018-12.pdf
Manipur,2019,1,219.0,216.0,PSP_Peak_2019-01.pdf
Manipur,2019,2,192.0,192.0,PSP_Peak_2019-02.pdf
Manipur,2019,3,204.0,199.0,PSP_Peak_2019-03.pdf
Manipur,2019,4,197.0,188.0,PSP_Peak_2019-04.pdf
Manipur,2019,5,183.0,181.0,PSP_Peak_2019-05.pdf
Manipur,2019,6,188.0,182.0,PSP_Peak_2019-06.pdf
Manipur,2019,7,182.0,175.0,PSP_Peak_2019-07.pdf
Manipur,2019,8,191.0,184.0,PSP_Peak_2019-08.pdf
Manipur,2019,9,189.0,182.0,PSP_Peak_2019-09.pdf
Manipur,2019,10,197.0,183.0,PSP_Peak_2019-10.pdf
Manipur,2019,11,224.0,201.0,PSP_Peak_2019-11.pdf
Manipur,2019,12,216.0,216.0,PSP_Peak_2019-12.pdf
Manipur,2020,1,220.0,218.0,PSP_Peak_2020-01.pdf
Manipur,2020,2,226.0,216.0,PSP_Peak_2020-02.pdf
Manipur,2020,3,210.0,200.0,PSP_Peak_2020-03.pdf
Manipur,2020,4,216.0,188.0,PSP_Peak_2020-04.pdf
Manipur,2020,5,208.0,189.0,PSP_Peak_2020-05.pdf
Manipur,2020,6,220.0,201.0,PSP_Peak_2020-06.pdf
Manipur,2020,7,225.0,197.0,PSP_Peak_2020-07.pdf
Manipur,2020,8,200.0,200.0,PSP_Peak_2020-08.pdf
Manipur,2020,9,242.0,213.0,PSP_Peak_2020-09.pdf
Manipur,2020,10,220.0,214.0,PSP_Peak_2020-10.pdf
Manipur,2020,11,231.0,227.0,PSP_Peak_2020-11.pdf
Manipur,2020,12,252.0,249.0,PSP_Peak_2020-12.pdf
Manipur,2021,1,239.0,239.0,PSP_Peak_2021-01.pdf
Manipur,2021,2,231.0,231.0,PSP_Peak_2021-02.pdf
Manipur,2021,3,216.0,216.0,PSP_Peak_2021-03.pdf
Manipur,2021,4,208.0,208.0,PSP_Peak_2021-04.pdf
Manipur,2021,5,208.0,206.0,PSP_Peak_2021-05.pdf
Manipur,2021,6,212.0,210.0,PSP_Peak_2021-06.pdf
Manipur,2021,7,206.0,206.0,PSP_Peak_2021-07.pdf
Manipur,2021,8,206.0,206.0,PSP_Peak_2021-08.pdf
Manipur,2021,9,210.0,210.0,PSP_Peak_2021-09.pdf
Manipur,2021,10,219.0,217.0,PSP_Peak_2021-10.pdf
Manipur,2021,11,223.0,223.0,PSP_Peak_2021-11.pdf
Manipur,2021,12,245.0,244.0,PSP_Peak_2021-12.pdf
Manipur,2022,1,258.0,258.0,PSP_Peak_2022-01.pdf
Manipur,2022,2,257.0,256.0,PSP_Peak_2022-02.pdf
Manipur,2022,3,225.0,225.0,PSP_Peak_2022-03.pdf
Manipur,2022,4,202.0,202.0,PSP_Peak_2022-04.pdf
Manipur,2022,5,197.0,195.0,PSP_Peak_2022-05.pdf
Manipur,2022,6,201.0,198.0,PSP_Peak_2022-06.pdf
Manipur,2022,7,201.0,201.0,PSP_Peak_2022-07.pdf
Manipur,2022,8,207.0,207.0,PSP_Peak_2022-08.pdf
Manipur,2022,9,203.0,203.0,PSP_Peak_2022-09.pdf
Manipur,2022,10,202.0,202.0,PSP_Peak_2022-10.pdf
Manipur,2022,11,219.0,219.0,PSP_Peak_2022-11.pdf
Manipur,2022,12,247.0,247.0,PSP_Peak_2022-12.pdf
Manipur,2023,1,248.0,248.0,PSP_Peak_2023-01.pdf
Manipur,2023,2,225.0,225.0,PSP_Peak_2023-02.pdf
Manipur,2023,3,212.0,212.0,PSP_Peak_2023-03.pdf
Manipur,2023,4,213.0,213.0,PSP_Peak_2023-04.pdf
Manipur,2023,5,193.0,193.0,PSP_Peak_2023-05.pdf
Manipur,2023,6,185.0,185.0,PSP_Peak_2023-06.pdf
Manipur,2023,7,202.0,202.0,PSP_Peak_2023-07.pdf
Manipur,2023,8,209.0,209.0,PSP_Peak_2023-08.pdf
Manipur,2023,9,209.0,209.0,PSP_Peak_2023-09.pdf
Manipur,2023,10,214.0,214.0,PSP_Peak_2023-10.pdf
Manipur,2023,11,208.0,207.0,PSP_Peak_2023-11.pdf
Manipur,2023,12,236.0,235.0,PSP_Peak_2023-12.pdf
Manipur,2024,1,258.0,248.0,PSP_Peak_2024-01.pdf
Manipur,2024,2,252.0,235.0,PSP_Peak_2024-02.pdf
Manipur,2024,3,226.0,226.0,PSP_Peak_2024-03.pdf
Manipur,2024,4,214.0,214.0,PSP_Peak_2024-04.pdf
Manipur,2024,5,227.0,227.0,PSP_Peak_2024-05.pdf
Manipur,2024,6,225.0,225.0,PSP_Peak_2024-06.pdf
Manipur,2024,7,213.0,213.0,PSP_Peak_2024-07.pdf
Manipur,2024,8,214.0,214.0,PSP_Peak_2024-08.pdf
Manipur,2024,9,236.0,235.0,PSP_Peak_2024-09.pdf
Manipur,2024,10,227.0,226.0,PSP_Peak_2024-10.pdf
Manipur,2024,11,233.0,233.0,PSP_Peak_2024-11.pdf
Manipur,2024,12,269.0,269.0,PSP_Peak_2024-12.pdf
Manipur,2025,1,267.0,267.0,PSP_Peak_2025-01.pdf
Manipur,2025,2,248.0,248.0,PSP_Peak_2025-02.pdf
Manipur,2025,3,213.0,213.0,PSP_Peak_2025-03.pdf
Manipur,2025,4,228.0,228.0,PSP_Peak_2025-04.pdf
Manipur,2025,5,248.0,248.0,PSP_Peak_2025-05.pdf
Manipur,2025,6,242.0,242.0,PSP_Peak_2025-06.pdf
Manipur,2025,7,233.0,233.0,PSP_Peak_2025-07.pdf
Manipur,2025,8,234.0,233.0,PSP_Peak_2025-08.pdf
Manipur,2025,9,240.0,239.0,PSP_Peak_2025-09.pdf
Manipur,2025,10,235.0,235.0,PSP_Peak_2025-10.pdf
Manipur,2025,11,248.0,248.0,PSP_Peak_2025-11.pdf
Manipur,2025,12,266.0,266.0,PSP_Peak_2025-12.pdf
Manipur,2026,1,277.0,277.0,PSP_Peak_2026-01.pdf
Manipur,2026,2,273.0,273.0,PSP_Peak_2026-02.pdf
Manipur,2026,3,252.0,252.0,PSP_Peak_2026-03.pdf
Manipur,2026,4,252.0,252.0,PSP_Peak_2026-04.pdf
Manipur,2026,5,261.0,261.0,PSP_Peak_2026-05.pdf
Manipur,2026,6,264.0,264.0,PSP_Peak_2026-06.pdf
Manipur,2026,7,260.0,260.0,PSP_Peak_2026-07.pdf
Manipur,2026,8,276.0,276.0,PSP_Peak_2026-08.pdf
Meghalaya,2015,1,370.0,343.0,PSP_Peak_2015-01.pdf
Meghalaya,2015,2,320.0,316.0,PSP_Peak_2015-02.pdf
Meghalaya,2015,3,360.0,343.0,PSP_Peak_2015-03.pdf
Meghalaya,2015,4,400.0,312.0,PSP_Peak_2015-04.pdf
Meghalaya,2015,5,400.0,295.0,PSP_Peak_2015-05.pdf
Meghalaya,2015,6,302.0,295.0,PSP_Peak_2015-06.pdf
Meghalaya,2015,7,316.0,316.0,PSP_Peak_2015-07.pdf
Meghalaya,2015,8,322.0,322.0,PSP_Peak_2015-08.pdf
Meghalaya,2015,9,285.0,283.0,PSP_Peak_2015-09.pdf
Meghalaya,2015,10,323.0,322.0,PSP_Peak_2015-10.pdf
Meghalaya,2015,11,336.0,335.0,PSP_Peak_2015-11.pdf
Meghalaya,2015,12,349.0,348.0,PSP_Peak_2015-12.pdf
Meghalaya,2016,1,379.0,377.0,PSP_Peak_2016-01.pdf
Meghalaya,2016,2,322.0,322.0,PSP_Peak_2016-02.pdf
Meghalaya,2016,3,315.0,315.0,PSP_Peak_2016-03.pdf
Meghalaya,2016,4,295.0,295.0,PSP_Peak_2016-04.pdf
Meghalaya,2016,5,282.0,282.0,PSP_Peak_2016-05.pdf
Meghalaya,2016,6,311.0,311.0,PSP_Peak_2016-06.pdf
Meghalaya,2016,7,292.0,292.0,PSP_Peak_2016-07.pdf
Meghalaya,2016,8,296.0,296.0,PSP_Peak_2016-08.pdf
Meghalaya,2016,9,298.0,298.0,PSP_Peak_2016-09.pdf
Meghalaya,2016,10,300.0,300.0,PSP_Peak_2016-10.pdf
Meghalaya,2016,11,312.0,312.0,PSP_Peak_2016-11.pdf
Meghalaya,2016,12,309.0,309.0,PSP_Peak_2016-12.pdf
Meghalaya,2017,1,331.0,331.0,PSP_Peak_2017-01.pdf
Meghalaya,2017,2,300.0,300.0,PSP_Peak_2017-02.pdf
Meghalaya,2017,3,298.0,298.0,PSP_Peak_2017-03.pdf
Meghalaya,2017,4,291.0,291.0,PSP_Peak_2017-04.pdf
Meghalaya,2017,5,304.0,304.0,PSP_Peak_2017-05.pdf
Meghalaya,2017,6,272.0,272.0,PSP_Peak_2017-06.pdf
Meghalaya,2017,7,305.0,303.0,PSP_Peak_2017-07.pdf
Meghalaya,2017,8,297.0,297.0,PSP_Peak_2017-08.pdf
Meghalaya,2017,9,325.0,325.0,PSP_Peak_2017-09.pdf
Meghalaya,2017,10,300.0,300.0,PSP_Peak_2017-10.pdf
Meghalaya,2017,11,339.0,339.0,PSP_Peak_2017-11.pdf
Meghalaya,2017,12,369.0,368.0,PSP_Peak_2017-12.pdf
Meghalaya,2018,1,331.0,331.0,PSP_Peak_2018-01.pdf
Meghalaya,2018,2,312.0,311.0,PSP_Peak_2018-02.pdf
Meghalaya,2018,3,307.0,307.0,PSP_Peak_2018-03.pdf
Meghalaya,2018,4,307.0,307.0,PSP_Peak_2018-04.pdf
Meghalaya,2018,5,371.0,368.0,PSP_Peak_2018-05.pdf
Meghalaya,2018,6,326.0,326.0,PSP_Peak_2018-06.pdf
Meghalaya,2018,7,334.0,332.0,PSP_Peak_2018-07.pdf
Meghalaya,2018,8,325.0,325.0,PSP_Peak_2018-08.pdf
Meghalaya,2018,9,317.0,317.0,PSP_Peak_2018-09.pdf
Meghalaya,2018,10,336.0,336.0,PSP_Peak_2018-10.pdf
Meghalaya,2018,11,352.0,352.0,PSP_Peak_2018-11.pdf
Meghalaya,2018,12,365.0,365.0,PSP_Peak_2018-12.pdf
Meghalaya,2019,1,374.0,372.0,PSP_Peak_2019-01.pdf
Meghalaya,2019,2,355.0,355.0,PSP_Peak_2019-02.pdf
Meghalaya,2019,3,357.0,357.0,PSP_Peak_2019-03.pdf
Meghalaya,2019,4,337.0,337.0,PSP_Peak_2019-04.pdf
Meghalaya,2019,5,329.0,325.0,PSP_Peak_2019-05.pdf
Meghalaya,2019,6,367.0,367.0,PSP_Peak_2019-06.pdf
Meghalaya,2019,7,333.0,332.0,PSP_Peak_2019-07.pdf
Meghalaya,2019,8,333.0,333.0,PSP_Peak_2019-08.pdf
Meghalaya,2019,9,336.0,336.0,PSP_Peak_2019-09.pdf
Meghalaya,2019,10,338.0,338.0,PSP_Peak_2019-10.pdf
Meghalaya,2019,11,363.0,350.0,PSP_Peak_2019-11.pdf
Meghalaya,2019,12,365.0,365.0,PSP_Peak_2019-12.pdf
Meghalaya,2020,1,371.0,371.0,PSP_Peak_2020-01.pdf
Meghalaya,2020,2,370.0,370.0,PSP_Peak_2020-02.pdf
Meghalaya,2020,3,343.0,343.0,PSP_Peak_2020-03.pdf
Meghalaya,2020,4,261.0,261.0,PSP_Peak_2020-04.pdf
Meghalaya,2020,5,322.0,322.0,PSP_Peak_2020-05.pdf
Meghalaya,2020,6,335.0,335.0,PSP_Peak_2020-06.pdf
Meghalaya,2020,7,321.0,321.0,PSP_Peak_2020-07.pdf
Meghalaya,2020,8,321.0,320.0,PSP_Peak_2020-08.pdf
Meghalaya,2020,9,334.0,334.0,PSP_Peak_2020-09.pdf
Meghalaya,2020,10,336.0,336.0,PSP_Peak_2020-10.pdf
Meghalaya,2020,11,353.0,353.0,PSP_Peak_2020-11.pdf
Meghalaya,2020,12,384.0,384.0,PSP_Peak_2020-12.pdf
Meghalaya,2021,1,378.0,376.0,PSP_Peak_2021-01.pdf
Meghalaya,2021,2,377.0,377.0,PSP_Peak_2021-02.pdf
Meghalaya,2021,3,348.0,348.0,PSP_Peak_2021-03.pdf
Meghalaya,2021,4,357.0,357.0,PSP_Peak_2021-04.pdf
Meghalaya,2021,5,329.0,329.0,PSP_Peak_2021-05.pdf
Meghalaya,2021,6,322.0,322.0,PSP_Peak_2021-06.pdf
Meghalaya,2021,7,317.0,317.0,PSP_Peak_2021-07.pdf
Meghalaya,2021,8,331.0,331.0,PSP_Peak_2021-08.pdf
Meghalaya,2021,9,328.0,327.0,PSP_Peak_2021-09.pdf
Meghalaya,2021,10,368.0,368.0,PSP_Peak_2021-10.pdf
Meghalaya,2021,11,378.0,378.0,PSP_Peak_2021-11.pdf
Meghalaya,2021,12,391.0,391.0,PSP_Peak_2021-12.pdf
Meghalaya,2022,1,408.0,408.0,PSP_Peak_2022-01.pdf
Meghalaya,2022,2,405.0,405.0,PSP_Peak_2022-02.pdf
Meghalaya,2022,3,371.0,369.0,PSP_Peak_2022-03.pdf
Meghalaya,2022,4,359.0,359.0,PSP_Peak_2022-04.pdf
Meghalaya,2022,5,343.0,343.0,PSP_Peak_2022-05.pdf
Meghalaya,2022,6,342.0,342.0,PSP_Peak_2022-06.pdf
Meghalaya,2022,7,332.0,332.0,PSP_Peak_2022-07.pdf
Meghalaya,2022,8,349.0,349.0,PSP_Peak_2022-08.pdf
Meghalaya,2022,9,354.0,354.0,PSP_Peak_2022-09.pdf
Meghalaya,2022,10,356.0,356.0,PSP_Peak_2022-10.pdf
Meghalaya,2022,11,381.0,381.0,PSP_Peak_2022-11.pdf
Meghalaya,2022,12,395.0,395.0,PSP_Peak_2022-12.pdf
Meghalaya,2023,1,404.0,404.0,PSP_Peak_2023-01.pdf
Meghalaya,2023,2,394.0,394.0,PSP_Peak_2023-02.pdf
Meghalaya,2023,3,374.0,374.0,PSP_Peak_2023-03.pdf
Meghalaya,2023,4,336.0,336.0,PSP_Peak_2023-04.pdf
Meghalaya,2023,5,352.0,332.0,PSP_Peak_2023-05.pdf
Meghalaya,2023,6,333.0,333.0,PSP_Peak_2023-06.pdf
Meghalaya,2023,7,330.0,330.0,PSP_Peak_2023-07.pdf
Meghalaya,2023,8,322.0,322.0,PSP_Peak_2023-08.pdf
Meghalaya,2023,9,331.0,331.0,PSP_Peak_2023-09.pdf
Meghalaya,2023,10,336.0,334.0,PSP_Peak_2023-10.pdf
Meghalaya,2023,11,363.0,363.0,PSP_Peak_2023-11.pdf
Meghalaya,2023,12,349.0,349.0,PSP_Peak_2023-12.pdf
Meghalaya,2024,1,405.0,405.0,PSP_Peak_2024-01.pdf
Meghalaya,2024,2,399.0,399.0,PSP_Peak_2024-02.pdf
Meghalaya,2024,3,399.0,398.0,PSP_Peak_2024-03.pdf
Meghalaya,2024,4,409.0,408.0,PSP_Peak_2024-04.pdf
Meghalaya,2024,5,396.0,394.0,PSP_Peak_2024-05.pdf
Meghalaya,2024,6,330.0,330.0,PSP_Peak_2024-06.pdf
Meghalaya,2024,7,359.0,359.0,PSP_Peak_2024-07.pdf
Meghalaya,2024,8,346.0,346.0,PSP_Peak_2024-08.pdf
Meghalaya,2024,9,318.0,317.0,PSP_Peak_2024-09.pdf
Meghalaya,2024,10,355.0,354.0,PSP_Peak_2024-10.pdf
Meghalaya,2024,11,370.0,368.0,PSP_Peak_2024-11.pdf
Meghalaya,2024,12,378.0,378.0,PSP_Peak_2024-12.pdf
Meghalaya,2025,1,393.0,393.0,PSP_Peak_2025-01.pdf
Meghalaya,2025,2,352.0,352.0,PSP_Peak_2025-02.pdf
Meghalaya,2025,3,343.0,343.0,PSP_Peak_2025-03.pdf
Meghalaya,2025,4,340.0,340.0,PSP_Peak_2025-04.pdf
Meghalaya,2025,5,340.0,339.0,PSP_Peak_2025-05.pdf
Meghalaya,2025,6,330.0,330.0,PSP_Peak_2025-06.pdf
Meghalaya,2025,7,337.0,337.0,PSP_Peak_2025-07.pdf
Meghalaya,2025,8,350.0,350.0,PSP_Peak_2025-08.pdf
Meghalaya,2025,9,344.0,344.0,PSP_Peak_2025-09.pdf
Meghalaya,2025,10,343.0,343.0,PSP_Peak_2025-10.pdf
Meghalaya,2025,11,358.0,358.0,PSP_Peak_2025-11.pdf
Meghalaya,2025,12,361.0,361.0,PSP_Peak_2025-12.pdf
Meghalaya,2026,1,374.0,374.0,PSP_Peak_2026-01.pdf
Meghalaya,2026,2,368.0,368.0,PSP_Peak_2026-02.pdf
Meghalaya,2026,3,359.0,359.0,PSP_Peak_2026-03.pdf
Meghalaya,2026,4,364.0,363.0,PSP_Peak_2026-04.pdf
Meghalaya,2026,5,368.0,368.0,PSP_Peak_2026-05.pdf
Meghalaya,2026,6,366.0,366.0,PSP_Peak_2026-06.pdf
Meghalaya,2026,7,375.0,375.0,PSP_Peak_2026-07.pdf
Meghalaya,2026,8,385.0,385.0,PSP_Peak_2026-08.pdf
Mizoram,2015,1,90.0,88.0,PSP_Peak_2015-01.pdf
Mizoram,2015,2,89.0,88.0,PSP_Peak_2015-02.pdf
Mizoram,2015,3,84.0,81.0,PSP_Peak_2015-03.pdf
Mizoram,2015,4,85.0,80.0,PSP_Peak_2015-04.pdf
Mizoram,2015,5,85.0,84.0,PSP_Peak_2015-05.pdf
Mizoram,2015,6,82.0,81.0,PSP_Peak_2015-06.pdf
Mizoram,2015,7,78.0,78.0,PSP_Peak_2015-07.pdf
Mizoram,2015,8,85.0,84.0,PSP_Peak_2015-08.pdf
Mizoram,2015,9,90.0,89.0,PSP_Peak_2015-09.pdf
Mizoram,2015,10,81.0,81.0,PSP_Peak_2015-10.pdf
Mizoram,2015,11,90.0,89.0,PSP_Peak_2015-11.pdf
Mizoram,2015,12,97.0,96.0,PSP_Peak_2015-12.pdf
Mizoram,2016,1,102.0,101.0,PSP_Peak_2016-01.pdf
Mizoram,2016,2,101.0,99.0,PSP_Peak_2016-02.pdf
Mizoram,2016,3,86.0,84.0,PSP_Peak_2016-03.pdf
Mizoram,2016,4,83.0,82.0,PSP_Peak_2016-04.pdf
Mizoram,2016,5,88.0,88.0,PSP_Peak_2016-05.pdf
Mizoram,2016,6,81.0,80.0,PSP_Peak_2016-06.pdf
Mizoram,2016,7,80.0,79.0,PSP_Peak_2016-07.pdf
Mizoram,2016,8,83.0,81.0,PSP_Peak_2016-08.pdf
Mizoram,2016,9,92.0,91.0,PSP_Peak_2016-09.pdf
Mizoram,2016,10,95.0,95.0,PSP_Peak_2016-10.pdf
Mizoram,2016,11,97.0,96.0,PSP_Peak_2016-11.pdf
Mizoram,2016,12,97.0,96.0,PSP_Peak_2016-12.pdf
Mizoram,2017,1,98.0,98.0,PSP_Peak_2017-01.pdf
Mizoram,2017,2,95.0,93.0,PSP_Peak_2017-02.pdf
Mizoram,2017,3,96.0,94.0,PSP_Peak_2017-03.pdf
Mizoram,2017,4,86.0,85.0,PSP_Peak_2017-04.pdf
Mizoram,2017,5,86.0,85.0,PSP_Peak_2017-05.pdf
Mizoram,2017,6,82.0,77.0,PSP_Peak_2017-06.pdf
Mizoram,2017,7,84.0,82.0,PSP_Peak_2017-07.pdf
Mizoram,2017,8,84.0,81.0,PSP_Peak_2017-08.pdf
Mizoram,2017,9,87.0,85.0,PSP_Peak_2017-09.pdf
Mizoram,2017,10,88.0,86.0,PSP_Peak_2017-10.pdf
Mizoram,2017,11,95.0,90.0,PSP_Peak_2017-11.pdf
Mizoram,2017,12,104.0,95.0,PSP_Peak_2017-12.pdf
Mizoram,2018,1,105.0,96.0,PSP_Peak_2018-01.pdf
Mizoram,2018,2,103.0,94.0,PSP_Peak_2018-02.pdf
Mizoram,2018,3,100.0,91.0,PSP_Peak_2018-03.pdf
Mizoram,2018,4,98.0,89.0,PSP_Peak_2018-04.pdf
Mizoram,2018,5,96.0,87.0,PSP_Peak_2018-05.pdf
Mizoram,2018,6,103.0,93.0,PSP_Peak_2018-06.pdf
Mizoram,2018,7,101.0,98.0,PSP_Peak_2018-07.pdf
Mizoram,2018,8,99.0,97.0,PSP_Peak_2018-08.pdf
Mizoram,2018,9,95.0,93.0,PSP_Peak_2018-09.pdf
Mizoram,2018,10,99.0,97.0,PSP_Peak_2018-10.pdf
Mizoram,2018,11,102.0,102.0,PSP_Peak_2018-11.pdf
Mizoram,2018,12,112.0,111.0,PSP_Peak_2018-12.pdf
Mizoram,2019,1,121.0,119.0,PSP_Peak_2019-01.pdf
Mizoram,2019,2,102.0,102.0,PSP_Peak_2019-02.pdf
Mizoram,2019,3,108.0,105.0,PSP_Peak_2019-03.pdf
Mizoram,2019,4,116.0,113.0,PSP_Peak_2019-04.pdf
Mizoram,2019,5,102.0,100.0,PSP_Peak_2019-05.pdf
Mizoram,2019,6,101.0,99.0,PSP_Peak_2019-06.pdf
Mizoram,2019,7,102.0,100.0,PSP_Peak_2019-07.pdf
Mizoram,2019,8,93.0,91.0,PSP_Peak_2019-08.pdf
Mizoram,2019,9,93.0,91.0,PSP_Peak_2019-09.pdf
Mizoram,2019,10,102.0,102.0,PSP_Peak_2019-10.pdf
Mizoram,2019,11,107.0,107.0,PSP_Peak_2019-11.pdf
Mizoram,2019,12,125.0,125.0,PSP_Peak_2019-12.pdf
Mizoram,2020,1,127.0,127.0,PSP_Peak_2020-01.pdf
Mizoram,2020,2,133.0,132.0,PSP_Peak_2020-02.pdf
Mizoram,2020,3,111.0,111.0,PSP_Peak_2020-03.pdf
Mizoram,2020,4,102.0,102.0,PSP_Peak_2020-04.pdf
Mizoram,2020,5,106.0,106.0,PSP_Peak_2020-05.pdf
Mizoram,2020,6,101.0,101.0,PSP_Peak_2020-06.pdf
Mizoram,2020,7,102.0,102.0,PSP_Peak_2020-07.pdf
Mizoram,2020,8,102.0,101.0,PSP_Peak_2020-08.pdf
Mizoram,2020,9,108.0,108.0,PSP_Peak_2020-09.pdf
Mizoram,2020,10,109.0,109.0,PSP_Peak_2020-10.pdf
Mizoram,2020,11,121.0,121.0,PSP_Peak_2020-11.pdf
Mizoram,2020,12,127.0,127.0,PSP_Peak_2020-12.pdf
Mizoram,2021,1,128.0,128.0,PSP_Peak_2021-01.pdf
Mizoram,2021,2,132.0,132.0,PSP_Peak_2021-02.pdf
Mizoram,2021,3,109.0,109.0,PSP_Peak_2021-03.pdf
Mizoram,2021,4,111.0,111.0,PSP_Peak_2021-04.pdf
Mizoram,2021,5,107.0,107.0,PSP_Peak_2021-05.pdf
Mizoram,2021,6,105.0,105.0,PSP_Peak_2021-06.pdf
Mizoram,2021,7,102.0,102.0,PSP_Peak_2021-07.pdf
Mizoram,2021,8,107.0,107.0,PSP_Peak_2021-08.pdf
Mizoram,2021,9,116.0,116.0,PSP_Peak_2021-09.pdf
Mizoram,2021,10,128.0,128.0,PSP_Peak_2021-10.pdf
Mizoram,2021,11,131.0,131.0,PSP_Peak_2021-11.pdf
Mizoram,2021,12,144.0,144.0,PSP_Peak_2021-12.pdf
Mizoram,2022,1,156.0,150.0,PSP_Peak_2022-01.pdf
Mizoram,2022,2,169.0,156.0,PSP_Peak_2022-02.pdf
Mizoram,2022,3,124.0,124.0,PSP_Peak_2022-03.pdf
Mizoram,2022,4,118.0,118.0,PSP_Peak_2022-04.pdf
Mizoram,2022,5,117.0,117.0,PSP_Peak_2022-05.pdf
Mizoram,2022,6,118.0,118.0,PSP_Peak_2022-06.pdf
Mizoram,2022,7,119.0,119.0,PSP_Peak_2022-07.pdf
Mizoram,2022,8,119.0,119.0,PSP_Peak_2022-08.pdf
Mizoram,2022,9,127.0,127.0,PSP_Peak_2022-09.pdf
Mizoram,2022,10,127.0,127.0,PSP_Peak_2022-10.pdf
Mizoram,2022,11,135.0,135.0,PSP_Peak_2022-11.pdf
Mizoram,2022,12,143.0,143.0,PSP_Peak_2022-12.pdf
Mizoram,2023,1,159.0,159.0,PSP_Peak_2023-01.pdf
Mizoram,2023,2,139.0,139.0,PSP_Peak_2023-02.pdf
Mizoram,2023,3,129.0,129.0,PSP_Peak_2023-03.pdf
Mizoram,2023,4,127.0,127.0,PSP_Peak_2023-04.pdf
Mizoram,2023,5,122.0,122.0,PSP_Peak_2023-05.pdf
Mizoram,2023,6,125.0,125.0,PSP_Peak_2023-06.pdf
Mizoram,2023,7,122.0,122.0,PSP_Peak_2023-07.pdf
Mizoram,2023,8,126.0,126.0,PSP_Peak_2023-08.pdf
Mizoram,2023,9,129.0,129.0,PSP_Peak_2023-09.pdf
Mizoram,2023,10,141.0,141.0,PSP_Peak_2023-10.pdf
Mizoram,2023,11,144.0,144.0,PSP_Peak_2023-11.pdf
Mizoram,2023,12,140.0,140.0,PSP_Peak_2023-12.pdf
Mizoram,2024,1,162.0,162.0,PSP_Peak_2024-01.pdf
Mizoram,2024,2,155.0,155.0,PSP_Peak_2024-02.pdf
Mizoram,2024,3,136.0,136.0,PSP_Peak_2024-03.pdf
Mizoram,2024,4,130.0,130.0,PSP_Peak_2024-04.pdf
Mizoram,2024,5,130.0,130.0,PSP_Peak_2024-05.pdf
Mizoram,2024,6,126.0,126.0,PSP_Peak_2024-06.pdf
Mizoram,2024,7,130.0,130.0,PSP_Peak_2024-07.pdf
Mizoram,2024,8,152.0,152.0,PSP_Peak_2024-08.pdf
Mizoram,2024,9,148.0,148.0,PSP_Peak_2024-09.pdf
Mizoram,2024,10,136.0,136.0,PSP_Peak_2024-10.pdf
Mizoram,2024,11,145.0,145.0,PSP_Peak_2024-11.pdf
Mizoram,2024,12,162.0,162.0,PSP_Peak_2024-12.pdf
Mizoram,2025,1,168.0,168.0,PSP_Peak_2025-01.pdf
Mizoram,2025,2,160.0,160.0,PSP_Peak_2025-02.pdf
Mizoram,2025,3,151.0,151.0,PSP_Peak_2025-03.pdf
Mizoram,2025,4,139.0,138.0,PSP_Peak_2025-04.pdf
Mizoram,2025,5,138.0,138.0,PSP_Peak_2025-05.pdf
Mizoram,2025,6,128.0,128.0,PSP_Peak_2025-06.pdf
Mizoram,2025,7,136.0,136.0,PSP_Peak_2025-07.pdf
Mizoram,2025,8,144.0,144.0,PSP_Peak_2025-08.pdf
Mizoram,2025,9,140.0,140.0,PSP_Peak_2025-09.pdf
Mizoram,2025,10,141.0,141.0,PSP_Peak_2025-10.pdf
Mizoram,2025,11,153.0,153.0,PSP_Peak_2025-11.pdf
Mizoram,2025,12,165.0,165.0,PSP_Peak_2025-12.pdf
Mizoram,2026,1,182.0,182.0,PSP_Peak_2026-01.pdf
Mizoram,2026,2,156.0,156.0,PSP_Peak_2026-02.pdf
Mizoram,2026,3,148.0,148.0,PSP_Peak_2026-03.pdf
Mizoram,2026,4,151.0,151.0,PSP_Peak_2026-04.pdf
Mizoram,2026,5,153.0,153.0,PSP_Peak_2026-05.pdf
Mizoram,2026,6,155.0,155.0,PSP_Peak_2026-06.pdf
Mizoram,2026,7,151.0,151.0,PSP_Peak_2026-07.pdf
Mizoram,2026,8,152.0,152.0,PSP_Peak_2026-08.pdf
Nagaland,2015,1,130.0,123.0,PSP_Peak_2015-01.pdf
Nagaland,2015,2,120.0,120.0,PSP_Peak_2015-02.pdf
Nagaland,2015,3,130.0,128.0,PSP_Peak_2015-03.pdf
Nagaland,2015,4,120.0,112.0,PSP_Peak_2015-04.pdf
Nagaland,2015,5,120.0,112.0,PSP_Peak_2015-05.pdf
Nagaland,2015,6,123.0,120.0,PSP_Peak_2015-06.pdf
Nagaland,2015,7,140.0,138.0,PSP_Peak_2015-07.pdf
Nagaland,2015,8,133.0,132.0,PSP_Peak_2015-08.pdf
Nagaland,2015,9,121.0,120.0,PSP_Peak_2015-09.pdf
Nagaland,2015,10,122.0,119.0,PSP_Peak_2015-10.pdf
Nagaland,2015,11,121.0,120.0,PSP_Peak_2015-11.pdf
Nagaland,2015,12,140.0,138.0,PSP_Peak_2015-12.pdf
Nagaland,2016,1,122.0,122.0,PSP_Peak_2016-01.pdf
Nagaland,2016,2,119.0,118.0,PSP_Peak_2016-02.pdf
Nagaland,2016,3,114.0,114.0,PSP_Peak_2016-03.pdf
Nagaland,2016,4,110.0,110.0,PSP_Peak_2016-04.pdf
Nagaland,2016,5,107.0,105.0,PSP_Peak_2016-05.pdf
Nagaland,2016,6,119.0,119.0,PSP_Peak_2016-06.pdf
Nagaland,2016,7,120.0,119.0,PSP_Peak_2016-07.pdf
Nagaland,2016,8,117.0,116.0,PSP_Peak_2016-08.pdf
Nagaland,2016,9,123.0,121.0,PSP_Peak_2016-09.pdf
Nagaland,2016,10,130.0,130.0,PSP_Peak_2016-10.pdf
Nagaland,2016,11,128.0,126.0,PSP_Peak_2016-11.pdf
Nagaland,2016,12,127.0,127.0,PSP_Peak_2016-12.pdf
Nagaland,2017,1,122.0,121.0,PSP_Peak_2017-01.pdf
Nagaland,2017,2,148.0,147.0,PSP_Peak_2017-02.pdf
Nagaland,2017,3,123.0,122.0,PSP_Peak_2017-03.pdf
Nagaland,2017,4,121.0,120.0,PSP_Peak_2017-04.pdf
Nagaland,2017,5,132.0,131.0,PSP_Peak_2017-05.pdf
Nagaland,2017,6,147.0,146.0,PSP_Peak_2017-06.pdf
Nagaland,2017,7,140.0,136.0,PSP_Peak_2017-07.pdf
Nagaland,2017,8,138.0,137.0,PSP_Peak_2017-08.pdf
Nagaland,2017,9,147.0,141.0,PSP_Peak_2017-09.pdf
Nagaland,2017,10,137.0,135.0,PSP_Peak_2017-10.pdf
Nagaland,2017,11,132.0,132.0,PSP_Peak_2017-11.pdf
Nagaland,2017,12,155.0,127.0,PSP_Peak_2017-12.pdf
Nagaland,2018,1,152.0,124.0,PSP_Peak_2018-01.pdf
Nagaland,2018,2,150.0,122.0,PSP_Peak_2018-02.pdf
Nagaland,2018,3,148.0,120.0,PSP_Peak_2018-03.pdf
Nagaland,2018,4,156.0,127.0,PSP_Peak_2018-04.pdf
Nagaland,2018,5,147.0,119.0,PSP_Peak_2018-05.pdf
Nagaland,2018,6,129.0,129.0,PSP_Peak_2018-06.pdf
Nagaland,2018,7,133.0,126.0,PSP_Peak_2018-07.pdf
Nagaland,2018,8,134.0,133.0,PSP_Peak_2018-08.pdf
Nagaland,2018,9,142.0,138.0,PSP_Peak_2018-09.pdf
Nagaland,2018,10,134.0,131.0,PSP_Peak_2018-10.pdf
Nagaland,2018,11,139.0,135.0,PSP_Peak_2018-11.pdf
Nagaland,2018,12,135.0,133.0,PSP_Peak_2018-12.pdf
Nagaland,2019,1,140.0,138.0,PSP_Peak_2019-01.pdf
Nagaland,2019,2,130.0,130.0,PSP_Peak_2019-02.pdf
Nagaland,2019,3,127.0,125.0,PSP_Peak_2019-03.pdf
Nagaland,2019,4,157.0,131.0,PSP_Peak_2019-04.pdf
Nagaland,2019,5,130.0,128.0,PSP_Peak_2019-05.pdf
Nagaland,2019,6,144.0,140.0,PSP_Peak_2019-06.pdf
Nagaland,2019,7,168.0,151.0,PSP_Peak_2019-07.pdf
Nagaland,2019,8,186.0,169.0,PSP_Peak_2019-08.pdf
Nagaland,2019,9,173.0,156.0,PSP_Peak_2019-09.pdf
Nagaland,2019,10,151.0,148.0,PSP_Peak_2019-10.pdf
Nagaland,2019,11,149.0,148.0,PSP_Peak_2019-11.pdf
Nagaland,2019,12,167.0,153.0,PSP_Peak_2019-12.pdf
Nagaland,2020,1,181.0,159.0,PSP_Peak_2020-01.pdf
Nagaland,2020,2,164.0,150.0,PSP_Peak_2020-02.pdf
Nagaland,2020,3,157.0,142.0,PSP_Peak_2020-03.pdf
Nagaland,2020,4,142.0,130.0,PSP_Peak_2020-04.pdf
Nagaland,2020,5,136.0,133.0,PSP_Peak_2020-05.pdf
Nagaland,2020,6,151.0,143.0,PSP_Peak_2020-06.pdf
Nagaland,2020,7,147.0,147.0,PSP_Peak_2020-07.pdf
Nagaland,2020,8,149.0,149.0,PSP_Peak_2020-08.pdf
Nagaland,2020,9,154.0,154.0,PSP_Peak_2020-09.pdf
Nagaland,2020,10,160.0,155.0,PSP_Peak_2020-10.pdf
Nagaland,2020,11,151.0,143.0,PSP_Peak_2020-11.pdf
Nagaland,2020,12,155.0,150.0,PSP_Peak_2020-12.pdf
Nagaland,2021,1,134.0,134.0,PSP_Peak_2021-01.pdf
Nagaland,2021,2,152.0,149.0,PSP_Peak_2021-02.pdf
Nagaland,2021,3,150.0,149.0,PSP_Peak_2021-03.pdf
Nagaland,2021,4,153.0,148.0,PSP_Peak_2021-04.pdf
Nagaland,2021,5,150.0,143.0,PSP_Peak_2021-05.pdf
Nagaland,2021,6,158.0,150.0,PSP_Peak_2021-06.pdf
Nagaland,2021,7,149.0,145.0,PSP_Peak_2021-07.pdf
Nagaland,2021,8,168.0,149.0,PSP_Peak_2021-08.pdf
Nagaland,2021,9,173.0,153.0,PSP_Peak_2021-09.pdf
Nagaland,2021,10,155.0,151.0,PSP_Peak_2021-10.pdf
Nagaland,2021,11,152.0,152.0,PSP_Peak_2021-11.pdf
Nagaland,2021,12,155.0,152.0,PSP_Peak_2021-12.pdf
Nagaland,2022,1,144.0,139.0,PSP_Peak_2022-01.pdf
Nagaland,2022,2,157.0,143.0,PSP_Peak_2022-02.pdf
Nagaland,2022,3,149.0,149.0,PSP_Peak_2022-03.pdf
Nagaland,2022,4,138.0,138.0,PSP_Peak_2022-04.pdf
Nagaland,2022,5,145.0,145.0,PSP_Peak_2022-05.pdf
Nagaland,2022,6,150.0,150.0,PSP_Peak_2022-06.pdf
Nagaland,2022,7,159.0,159.0,PSP_Peak_2022-07.pdf
Nagaland,2022,8,162.0,162.0,PSP_Peak_2022-08.pdf
Nagaland,2022,9,162.0,161.0,PSP_Peak_2022-09.pdf
Nagaland,2022,10,168.0,167.0,PSP_Peak_2022-10.pdf
Nagaland,2022,11,165.0,165.0,PSP_Peak_2022-11.pdf
Nagaland,2022,12,152.0,152.0,PSP_Peak_2022-12.pdf
Nagaland,2023,1,139.0,139.0,PSP_Peak_2023-01.pdf
Nagaland,2023,2,148.0,148.0,PSP_Peak_2023-02.pdf
Nagaland,2023,3,156.0,156.0,PSP_Peak_2023-03.pdf
Nagaland,2023,4,150.0,150.0,PSP_Peak_2023-04.pdf
Nagaland,2023,5,152.0,152.0,PSP_Peak_2023-05.pdf
Nagaland,2023,6,167.0,167.0,PSP_Peak_2023-06.pdf
Nagaland,2023,7,167.0,167.0,PSP_Peak_2023-07.pdf
Nagaland,2023,8,174.0,174.0,PSP_Peak_2023-08.pdf
Nagaland,2023,9,172.0,172.0,PSP_Peak_2023-09.pdf
Nagaland,2023,10,166.0,166.0,PSP_Peak_2023-10.pdf
Nagaland,2023,11,147.0,147.0,PSP_Peak_2023-11.pdf
Nagaland,2023,12,162.0,157.0,PSP_Peak_2023-12.pdf
Nagaland,2024,1,163.0,162.0,PSP_Peak_2024-01.pdf
Nagaland,2024,2,156.0,156.0,PSP_Peak_2024-02.pdf
Nagaland,2024,3,158.0,157.0,PSP_Peak_2024-03.pdf
Nagaland,2024,4,166.0,166.0,PSP_Peak_2024-04.pdf
Nagaland,2024,5,177.0,177.0,PSP_Peak_2024-05.pdf
Nagaland,2024,6,184.0,184.0,PSP_Peak_2024-06.pdf
Nagaland,2024,7,189.0,188.0,PSP_Peak_2024-07.pdf
Nagaland,2024,8,183.0,183.0,PSP_Peak_2024-08.pdf
Nagaland,2024,9,184.0,184.0,PSP_Peak_2024-09.pdf
Nagaland,2024,10,176.0,176.0,PSP_Peak_2024-10.pdf
Nagaland,2024,11,178.0,178.0,PSP_Peak_2024-11.pdf
Nagaland,2024,12,173.0,173.0,PSP_Peak_2024-12.pdf
Nagaland,2025,1,171.0,159.0,PSP_Peak_2025-01.pdf
Nagaland,2025,2,173.0,173.0,PSP_Peak_2025-02.pdf
Nagaland,2025,3,164.0,164.0,PSP_Peak_2025-03.pdf
Nagaland,2025,4,176.0,176.0,PSP_Peak_2025-04.pdf
Nagaland,2025,5,187.0,187.0,PSP_Peak_2025-05.pdf
Nagaland,2025,6,202.0,191.0,PSP_Peak_2025-06.pdf
Nagaland,2025,7,193.0,193.0,PSP_Peak_2025-07.pdf
Nagaland,2025,8,190.0,190.0,PSP_Peak_2025-08.pdf
Nagaland,2025,9,191.0,191.0,PSP_Peak_2025-09.pdf
Nagaland,2025,10,188.0,188.0,PSP_Peak_2025-10.pdf
Nagaland,2025,11,176.0,175.0,PSP_Peak_2025-11.pdf
Nagaland,2025,12,187.0,184.0,PSP_Peak_2025-12.pdf
Nagaland,2026,1,177.0,177.0,PSP_Peak_2026-01.pdf
Nagaland,2026,2,193.0,179.0,PSP_Peak_2026-02.pdf
Nagaland,2026,3,175.0,168.0,PSP_Peak_2026-03.pdf
Nagaland,2026,4,174.0,174.0,PSP_Peak_2026-04.pdf
Nagaland,2026,5,191.0,191.0,PSP_Peak_2026-05.pdf
Nagaland,2026,6,204.0,204.0,PSP_Peak_2026-06.pdf
Nagaland,2026,7,208.0,203.0,PSP_Peak_2026-07.pdf
Nagaland,2026,8,210.0,206.0,PSP_Peak_2026-08.pdf
Odisha,2015,1,3389.0,3364.0,PSP_Peak_2015-01.pdf
Odisha,2015,2,3560.0,3525.0,PSP_Peak_2015-02.pdf
Odisha,2015,3,3920.0,3892.0,PSP_Peak_2015-03.pdf
Odisha,2015,4,3872.0,3850.0,PSP_Peak_2015-04.pdf
Odisha,2015,5,3902.0,3880.0,PSP_Peak_2015-05.pdf
Odisha,2015,6,3846.0,3824.0,PSP_Peak_2015-06.pdf
Odisha,2015,7,3866.0,3844.0,PSP_Peak_2015-07.pdf
Odisha,2015,8,3947.0,3929.0,PSP_Peak_2015-08.pdf
Odisha,2015,9,3770.0,3770.0,PSP_Peak_2015-09.pdf
Odisha,2015,10,4015.0,4015.0,PSP_Peak_2015-10.pdf
Odisha,2015,11,3884.0,3884.0,PSP_Peak_2015-11.pdf
Odisha,2015,12,3759.0,3759.0,PSP_Peak_2015-12.pdf
Odisha,2016,1,3739.0,3739.0,PSP_Peak_2016-01.pdf
Odisha,2016,2,3931.0,3931.0,PSP_Peak_2016-02.pdf
Odisha,2016,3,4091.0,4091.0,PSP_Peak_2016-03.pdf
Odisha,2016,4,4012.0,4012.0,PSP_Peak_2016-04.pdf
Odisha,2016,5,3898.0,3898.0,PSP_Peak_2016-05.pdf
Odisha,2016,6,3970.0,3970.0,PSP_Peak_2016-06.pdf
Odisha,2016,7,3989.0,3989.0,PSP_Peak_2016-07.pdf
Odisha,2016,8,3919.0,3919.0,PSP_Peak_2016-08.pdf
Odisha,2016,9,3865.0,3865.0,PSP_Peak_2016-09.pdf
Odisha,2016,10,3920.0,3920.0,PSP_Peak_2016-10.pdf
Odisha,2016,11,3788.0,3788.0,PSP_Peak_2016-11.pdf
Odisha,2016,12,3837.0,3837.0,PSP_Peak_2016-12.pdf
Odisha,2017,1,3720.0,3720.0,PSP_Peak_2017-01.pdf
Odisha,2017,2,3847.0,3847.0,PSP_Peak_2017-02.pdf
Odisha,2017,3,3989.0,3989.0,PSP_Peak_2017-03.pdf
Odisha,2017,4,4227.0,4227.0,PSP_Peak_2017-04.pdf
Odisha,2017,5,4208.0,4208.0,PSP_Peak_2017-05.pdf
Odisha,2017,6,3929.0,3929.0,PSP_Peak_2017-06.pdf
Odisha,2017,7,4154.0,4154.0,PSP_Peak_2017-07.pdf
Odisha,2017,8,4210.0,4210.0,PSP_Peak_2017-08.pdf
Odisha,2017,9,4325.0,4325.0,PSP_Peak_2017-09.pdf
Odisha,2017,10,4370.0,4370.0,PSP_Peak_2017-10.pdf
Odisha,2017,11,4108.0,4108.0,PSP_Peak_2017-11.pdf
Odisha,2017,12,4351.0,4151.0,PSP_Peak_2017-12.pdf
Odisha,2018,1,4181.0,3931.0,PSP_Peak_2018-01.pdf
Odisha,2018,2,4109.0,4109.0,PSP_Peak_2018-02.pdf
Odisha,2018,3,4652.0,4402.0,PSP_Peak_2018-03.pdf
Odisha,2018,4,4348.0,4348.0,PSP_Peak_2018-04.pdf
Odisha,2018,5,4615.0,4615.0,PSP_Peak_2018-05.pdf
Odisha,2018,6,4652.0,4652.0,PSP_Peak_2018-06.pdf
Odisha,2018,7,4526.0,4526.0,PSP_Peak_2018-07.pdf
Odisha,2018,8,5357.0,5357.0,PSP_Peak_2018-08.pdf
Odisha,2018,9,4906.0,4906.0,PSP_Peak_2018-09.pdf
Odisha,2018,10,5230.0,5219.0,PSP_Peak_2018-10.pdf
Odisha,2018,11,4516.0,4516.0,PSP_Peak_2018-11.pdf
Odisha,2018,12,4048.0,4042.0,PSP_Peak_2018-12.pdf
Odisha,2019,1,4198.0,4198.0,PSP_Peak_2019-01.pdf
Odisha,2019,2,4272.0,4264.0,PSP_Peak_2019-02.pdf
Odisha,2019,3,4643.0,4632.0,PSP_Peak_2019-03.pdf
Odisha,2019,4,5142.0,5140.0,PSP_Peak_2019-04.pdf
Odisha,2019,5,4614.0,4606.0,PSP_Peak_2019-05.pdf
Odisha,2019,6,5036.0,4949.0,PSP_Peak_2019-06.pdf
Odisha,2019,7,4861.0,4861.0,PSP_Peak_2019-07.pdf
Odisha,2019,8,4856.0,4856.0,PSP_Peak_2019-08.pdf
Odisha,2019,9,5292.0,5292.0,PSP_Peak_2019-09.pdf
Odisha,2019,10,4656.0,4656.0,PSP_Peak_2019-10.pdf
Odisha,2019,11,4026.0,4026.0,PSP_Peak_2019-11.pdf
Odisha,2019,12,4198.0,4198.0,PSP_Peak_2019-12.pdf
Odisha,2020,1,3615.0,3604.0,PSP_Peak_2020-01.pdf
Odisha,2020,2,4018.0,4017.0,PSP_Peak_2020-02.pdf
Odisha,2020,3,3830.0,3824.0,PSP_Peak_2020-03.pdf
Odisha,2020,4,3636.0,3636.0,PSP_Peak_2020-04.pdf
Odisha,2020,5,4024.0,4024.0,PSP_Peak_2020-05.pdf
Odisha,2020,6,4297.0,4293.0,PSP_Peak_2020-06.pdf
Odisha,2020,7,4480.0,4474.0,PSP_Peak_2020-07.pdf
Odisha,2020,8,4493.0,4476.0,PSP_Peak_2020-08.pdf
Odisha,2020,9,4582.0,4575.0,PSP_Peak_2020-09.pdf
Odisha,2020,10,4984.0,4973.0,PSP_Peak_2020-10.pdf
Odisha,2020,11,4609.0,4609.0,PSP_Peak_2020-11.pdf
Odisha,2020,12,4226.0,4224.0,PSP_Peak_2020-12.pdf
Odisha,2021,1,4310.0,4306.0,PSP_Peak_2021-01.pdf
Odisha,2021,2,4819.0,4803.0,PSP_Peak_2021-02.pdf
Odisha,2021,3,4984.0,4984.0,PSP_Peak_2021-03.pdf
Odisha,2021,4,5355.0,5353.0,PSP_Peak_2021-04.pdf
Odisha,2021,5,5643.0,5643.0,PSP_Peak_2021-05.pdf
Odisha,2021,6,4987.0,4984.0,PSP_Peak_2021-06.pdf
Odisha,2021,7,5561.0,5561.0,PSP_Peak_2021-07.pdf
Odisha,2021,8,5575.0,5552.0,PSP_Peak_2021-08.pdf
Odisha,2021,9,5610.0,5605.0,PSP_Peak_2021-09.pdf
Odisha,2021,10,5463.0,5458.0,PSP_Peak_2021-10.pdf
Odisha,2021,11,5344.0,5342.0,PSP_Peak_2021-11.pdf
Odisha,2021,12,5430.0,5427.0,PSP_Peak_2021-12.pdf
Odisha,2022,1,5115.0,5110.0,PSP_Peak_2022-01.pdf
Odisha,2022,2,5434.0,5434.0,PSP_Peak_2022-02.pdf
Odisha,2022,3,5389.0,5370.0,PSP_Peak_2022-03.pdf
Odisha,2022,4,5714.0,5674.0,PSP_Peak_2022-04.pdf
Odisha,2022,5,6313.0,6313.0,PSP_Peak_2022-05.pdf
Odisha,2022,6,6427.0,6378.0,PSP_Peak_2022-06.pdf
Odisha,2022,7,6259.0,6259.0,PSP_Peak_2022-07.pdf
Odisha,2022,8,6566.0,6391.0,PSP_Peak_2022-08.pdf
Odisha,2022,9,6438.0,6438.0,PSP_Peak_2022-09.pdf
Odisha,2022,10,6063.0,6063.0,PSP_Peak_2022-10.pdf
Odisha,2022,11,5527.0,5527.0,PSP_Peak_2022-11.pdf
Odisha,2022,12,4788.0,4788.0,PSP_Peak_2022-12.pdf
Odisha,2023,1,5221.0,5221.0,PSP_Peak_2023-01.pdf
Odisha,2023,2,5567.0,5563.0,PSP_Peak_2023-02.pdf
Odisha,2023,3,5542.0,5539.0,PSP_Peak_2023-03.pdf
Odisha,2023,4,6237.0,6237.0,PSP_Peak_2023-04.pdf
Odisha,2023,5,6061.0,6061.0,PSP_Peak_2023-05.pdf
Odisha,2023,6,6443.0,6443.0,PSP_Peak_2023-06.pdf
Odisha,2023,7,6090.0,6090.0,PSP_Peak_2023-07.pdf
Odisha,2023,8,6124.0,6124.0,PSP_Peak_2023-08.pdf
Odisha,2023,9,5926.0,5916.0,PSP_Peak_2023-09.pdf
Odisha,2023,10,5826.0,5818.0,PSP_Peak_2023-10.pdf
Odisha,2023,11,5160.0,5147.0,PSP_Peak_2023-11.pdf
Odisha,2023,12,5071.0,5071.0,PSP_Peak_2023-12.pdf
Odisha,2024,1,5041.0,5041.0,PSP_Peak_2024-01.pdf
Odisha,2024,2,5393.0,5389.0,PSP_Peak_2024-02.pdf
Odisha,2024,3,6138.0,6138.0,PSP_Peak_2024-03.pdf
Odisha,2024,4,6609.0,6602.0,PSP_Peak_2024-04.pdf
Odisha,2024,5,6867.0,6861.0,PSP_Peak_2024-05.pdf
Odisha,2024,6,6905.0,6905.0,PSP_Peak_2024-06.pdf
Odisha,2024,7,6200.0,6180.0,PSP_Peak_2024-07.pdf
Odisha,2024,8,5938.0,5926.0,PSP_Peak_2024-08.pdf
Odisha,2024,9,6078.0,6078.0,PSP_Peak_2024-09.pdf
Odisha,2024,10,6229.0,6229.0,PSP_Peak_2024-10.pdf
Odisha,2024,11,5705.0,5705.0,PSP_Peak_2024-11.pdf
Odisha,2024,12,5024.0,5022.0,PSP_Peak_2024-12.pdf
Odisha,2025,1,5203.0,5196.0,PSP_Peak_2025-01.pdf
Odisha,2025,2,5435.0,5414.0,PSP_Peak_2025-02.pdf
Odisha,2025,3,5965.0,5965.0,PSP_Peak_2025-03.pdf
Odisha,2025,4,6371.0,6371.0,PSP_Peak_2025-04.pdf
Odisha,2025,5,6882.0,6882.0,PSP_Peak_2025-05.pdf
Odisha,2025,6,6936.0,6927.0,PSP_Peak_2025-06.pdf
Odisha,2025,7,6964.0,6964.0,PSP_Peak_2025-07.pdf
Odisha,2025,8,7147.0,7129.0,PSP_Peak_2025-08.pdf
Odisha,2025,9,6982.0,6948.0,PSP_Peak_2025-09.pdf
Odisha,2025,10,6329.0,6313.0,PSP_Peak_2025-10.pdf
Odisha,2025,11,6314.0,6313.0,PSP_Peak_2025-11.pdf
Odisha,2025,12,5466.0,5459.0,PSP_Peak_2025-12.pdf
Odisha,2026,1,5500.0,5483.0,PSP_Peak_2026-01.pdf
Odisha,2026,2,5593.0,5593.0,PSP_Peak_2026-02.pdf
Odisha,2026,3,6703.0,6702.0,PSP_Peak_2026-03.pdf
Odisha,2026,4,7598.0,7594.0,PSP_Peak_2026-04.pdf
Odisha,2026,5,8829.0,8823.0,PSP_Peak_2026-05.pdf
Odisha,2026,6,7611.0,7611.0,PSP_Peak_2026-06.pdf
Odisha,2026,7,8012.0,8012.0,PSP_Peak_2026-07.pdf
Odisha,2026,8,7135.0,7135.0,PSP_Peak_2026-08.pdf
Puducherry,2015,1,319.0,318.0,PSP_Peak_2015-01.pdf
Puducherry,2015,2,322.0,322.0,PSP_Peak_2015-02.pdf
Puducherry,2015,3,337.0,335.0,PSP_Peak_2015-03.pdf
Puducherry,2015,4,351.0,350.0,PSP_Peak_2015-04.pdf
Puducherry,2015,5,343.0,342.0,PSP_Peak_2015-05.pdf
Puducherry,2015,6,357.0,350.0,PSP_Peak_2015-06.pdf
Puducherry,2015,7,352.0,344.0,PSP_Peak_2015-07.pdf
Puducherry,2015,8,344.0,343.0,PSP_Peak_2015-08.pdf
Puducherry,2015,9,368.0,335.0,PSP_Peak_2015-09.pdf
Puducherry,2015,10,342.0,332.0,PSP_Peak_2015-10.pdf
Puducherry,2015,11,319.0,319.0,PSP_Peak_2015-11.pdf
Puducherry,2015,12,320.0,309.0,PSP_Peak_2015-12.pdf
Puducherry,2016,1,320.0,319.0,PSP_Peak_2016-01.pdf
Puducherry,2016,2,319.0,319.0,PSP_Peak_2016-02.pdf
Puducherry,2016,3,353.0,352.0,PSP_Peak_2016-03.pdf
Puducherry,2016,4,371.0,360.0,PSP_Peak_2016-04.pdf
Puducherry,2016,5,368.0,368.0,PSP_Peak_2016-05.pdf
Puducherry,2016,6,369.0,367.0,PSP_Peak_2016-06.pdf
Puducherry,2016,7,358.0,358.0,PSP_Peak_2016-07.pdf
Puducherry,2016,8,362.0,361.0,PSP_Peak_2016-08.pdf
Puducherry,2016,9,359.0,358.0,PSP_Peak_2016-09.pdf
Puducherry,2016,10,357.0,346.0,PSP_Peak_2016-10.pdf
Puducherry,2016,11,360.0,348.0,PSP_Peak_2016-11.pdf
Puducherry,2016,12,327.0,326.0,PSP_Peak_2016-12.pdf
Puducherry,2017,1,329.0,329.0,PSP_Peak_2017-01.pdf
Puducherry,2017,2,344.0,344.0,PSP_Peak_2017-02.pdf
Puducherry,2017,3,354.0,354.0,PSP_Peak_2017-03.pdf
Puducherry,2017,4,388.0,387.0,PSP_Peak_2017-04.pdf
Puducherry,2017,5,379.0,379.0,PSP_Peak_2017-05.pdf
Puducherry,2017,6,380.0,379.0,PSP_Peak_2017-06.pdf
Puducherry,2017,7,384.0,378.0,PSP_Peak_2017-07.pdf
Puducherry,2017,8,390.0,366.0,PSP_Peak_2017-08.pdf
Puducherry,2017,9,375.0,367.0,PSP_Peak_2017-09.pdf
Puducherry,2017,10,371.0,369.0,PSP_Peak_2017-10.pdf
Puducherry,2017,11,350.0,350.0,PSP_Peak_2017-11.pdf
Puducherry,2017,12,345.0,345.0,PSP_Peak_2017-12.pdf
Puducherry,2018,1,354.0,346.0,PSP_Peak_2018-01.pdf
Puducherry,2018,2,359.0,358.0,PSP_Peak_2018-02.pdf
Puducherry,2018,3,370.0,370.0,PSP_Peak_2018-03.pdf
Puducherry,2018,4,408.0,388.0,PSP_Peak_2018-04.pdf
Puducherry,2018,5,420.0,400.0,PSP_Peak_2018-05.pdf
Puducherry,2018,6,399.0,395.0,PSP_Peak_2018-06.pdf
Puducherry,2018,7,408.0,389.0,PSP_Peak_2018-07.pdf
Puducherry,2018,8,391.0,382.0,PSP_Peak_2018-08.pdf
Puducherry,2018,9,390.0,372.0,PSP_Peak_2018-09.pdf
Puducherry,2018,10,374.0,368.0,PSP_Peak_2018-10.pdf
Puducherry,2018,11,356.0,354.0,PSP_Peak_2018-11.pdf
Puducherry,2018,12,369.0,368.0,PSP_Peak_2018-12.pdf
Puducherry,2019,1,395.0,395.0,PSP_Peak_2019-01.pdf
Puducherry,2019,2,405.0,404.0,PSP_Peak_2019-02.pdf
Puducherry,2019,3,440.0,421.0,PSP_Peak_2019-03.pdf
Puducherry,2019,4,444.0,444.0,PSP_Peak_2019-04.pdf
Puducherry,2019,5,459.0,442.0,PSP_Peak_2019-05.pdf
Puducherry,2019,6,470.0,470.0,PSP_Peak_2019-06.pdf
Puducherry,2019,7,464.0,464.0,PSP_Peak_2019-07.pdf
Puducherry,2019,8,427.0,427.0,PSP_Peak_2019-08.pdf
Puducherry,2019,9,412.0,412.0,PSP_Peak_2019-09.pdf
Puducherry,2019,10,416.0,415.0,PSP_Peak_2019-10.pdf
Puducherry,2019,11,396.0,396.0,PSP_Peak_2019-11.pdf
Puducherry,2019,12,373.0,373.0,PSP_Peak_2019-12.pdf
Puducherry,2020,1,378.0,378.0,PSP_Peak_2020-01.pdf
Puducherry,2020,2,402.0,401.0,PSP_Peak_2020-02.pdf
Puducherry,2020,3,411.0,411.0,PSP_Peak_2020-03.pdf
Puducherry,2020,4,302.0,302.0,PSP_Peak_2020-04.pdf
Puducherry,2020,5,422.0,422.0,PSP_Peak_2020-05.pdf
Puducherry,2020,6,414.0,414.0,PSP_Peak_2020-06.pdf
Puducherry,2020,7,388.0,388.0,PSP_Peak_2020-07.pdf
Puducherry,2020,8,413.0,413.0,PSP_Peak_2020-08.pdf
Puducherry,2020,9,414.0,411.0,PSP_Peak_2020-09.pdf
Puducherry,2020,10,413.0,413.0,PSP_Peak_2020-10.pdf
Puducherry,2020,11,404.0,404.0,PSP_Peak_2020-11.pdf
Puducherry,2020,12,366.0,365.0,PSP_Peak_2020-12.pdf
Puducherry,2021,1,403.0,403.0,PSP_Peak_2021-01.pdf
Puducherry,2021,2,396.0,396.0,PSP_Peak_2021-02.pdf
Puducherry,2021,3,429.0,429.0,PSP_Peak_2021-03.pdf
Puducherry,2021,4,465.0,465.0,PSP_Peak_2021-04.pdf
Puducherry,2021,5,458.0,457.0,PSP_Peak_2021-05.pdf
Puducherry,2021,6,440.0,440.0,PSP_Peak_2021-06.pdf
Puducherry,2021,7,454.0,454.0,PSP_Peak_2021-07.pdf
Puducherry,2021,8,460.0,460.0,PSP_Peak_2021-08.pdf
Puducherry,2021,9,459.0,456.0,PSP_Peak_2021-09.pdf
Puducherry,2021,10,449.0,446.0,PSP_Peak_2021-10.pdf
Puducherry,2021,11,392.0,392.0,PSP_Peak_2021-11.pdf
Puducherry,2021,12,390.0,389.0,PSP_Peak_2021-12.pdf
Puducherry,2022,1,402.0,401.0,PSP_Peak_2022-01.pdf
Puducherry,2022,2,409.0,409.0,PSP_Peak_2022-02.pdf
Puducherry,2022,3,469.0,467.0,PSP_Peak_2022-03.pdf
Puducherry,2022,4,481.0,481.0,PSP_Peak_2022-04.pdf
Puducherry,2022,5,493.0,493.0,PSP_Peak_2022-05.pdf
Puducherry,2022,6,501.0,501.0,PSP_Peak_2022-06.pdf
Puducherry,2022,7,479.0,479.0,PSP_Peak_2022-07.pdf
Puducherry,2022,8,457.0,457.0,PSP_Peak_2022-08.pdf
Puducherry,2022,9,460.0,460.0,PSP_Peak_2022-09.pdf
Puducherry,2022,10,428.0,428.0,PSP_Peak_2022-10.pdf
Puducherry,2022,11,418.0,418.0,PSP_Peak_2022-11.pdf
Puducherry,2022,12,400.0,400.0,PSP_Peak_2022-12.pdf
Puducherry,2023,1,496.0,495.0,PSP_Peak_2023-01.pdf
Puducherry,2023,2,421.0,421.0,PSP_Peak_2023-02.pdf
Puducherry,2023,3,453.0,453.0,PSP_Peak_2023-03.pdf
Puducherry,2023,4,485.0,485.0,PSP_Peak_2023-04.pdf
Puducherry,2023,5,524.0,524.0,PSP_Peak_2023-05.pdf
Puducherry,2023,6,520.0,520.0,PSP_Peak_2023-06.pdf
Puducherry,2023,7,508.0,508.0,PSP_Peak_2023-07.pdf
Puducherry,2023,8,505.0,505.0,PSP_Peak_2023-08.pdf
Puducherry,2023,9,478.0,478.0,PSP_Peak_2023-09.pdf
Puducherry,2023,10,484.0,484.0,PSP_Peak_2023-10.pdf
Puducherry,2023,11,467.0,467.0,PSP_Peak_2023-11.pdf
Puducherry,2023,12,431.0,431.0,PSP_Peak_2023-12.pdf
Puducherry,2024,1,453.0,453.0,PSP_Peak_2024-01.pdf
Puducherry,2024,2,465.0,465.0,PSP_Peak_2024-02.pdf
Puducherry,2024,3,467.0,467.0,PSP_Peak_2024-03.pdf
Puducherry,2024,4,530.0,530.0,PSP_Peak_2024-04.pdf
Puducherry,2024,5,549.0,549.0,PSP_Peak_2024-05.pdf
Puducherry,2024,6,527.0,527.0,PSP_Peak_2024-06.pdf
Puducherry,2024,7,512.0,512.0,PSP_Peak_2024-07.pdf
Puducherry,2024,8,514.0,514.0,PSP_Peak_2024-08.pdf
Puducherry,2024,9,536.0,532.0,PSP_Peak_2024-09.pdf
Puducherry,2024,10,501.0,501.0,PSP_Peak_2024-10.pdf
Puducherry,2024,11,465.0,465.0,PSP_Peak_2024-11.pdf
Puducherry,2024,12,453.0,453.0,PSP_Peak_2024-12.pdf
Puducherry,2025,1,423.0,422.0,PSP_Peak_2025-01.pdf
Puducherry,2025,2,449.0,449.0,PSP_Peak_2025-02.pdf
Puducherry,2025,3,483.0,483.0,PSP_Peak_2025-03.pdf
Puducherry,2025,4,560.0,552.0,PSP_Peak_2025-04.pdf
Puducherry,2025,5,559.0,557.0,PSP_Peak_2025-05.pdf
Puducherry,2025,6,540.0,540.0,PSP_Peak_2025-06.pdf
Puducherry,2025,7,559.0,559.0,PSP_Peak_2025-07.pdf
Puducherry,2025,8,515.0,515.0,PSP_Peak_2025-08.pdf
Puducherry,2025,9,526.0,506.0,PSP_Peak_2025-09.pdf
Puducherry,2025,10,488.0,488.0,PSP_Peak_2025-10.pdf
Puducherry,2025,11,472.0,472.0,PSP_Peak_2025-11.pdf
Puducherry,2025,12,436.0,436.0,PSP_Peak_2025-12.pdf
Puducherry,2026,1,481.0,481.0,PSP_Peak_2026-01.pdf
Puducherry,2026,2,465.0,465.0,PSP_Peak_2026-02.pdf
Puducherry,2026,3,488.0,488.0,PSP_Peak_2026-03.pdf
Puducherry,2026,4,568.0,568.0,PSP_Peak_2026-04.pdf
Puducherry,2026,5,577.0,577.0,PSP_Peak_2026-05.pdf
Puducherry,2026,6,584.0,579.0,PSP_Peak_2026-06.pdf
Puducherry,2026,7,587.0,587.0,PSP_Peak_2026-07.pdf
Puducherry,2026,8,540.0,540.0,PSP_Peak_2026-08.pdf
Punjab,2015,1,5347.0,5347.0,PSP_Peak_2015-01.pdf
Punjab,2015,2,6053.0,6053.0,PSP_Peak_2015-02.pdf
Punjab,2015,3,5881.0,5881.0,PSP_Peak_2015-03.pdf
Punjab,2015,4,5778.0,5778.0,PSP_Peak_2015-04.pdf
Punjab,2015,5,7567.0,7567.0,PSP_Peak_2015-05.pdf
Punjab,2015,6,10607.0,10607.0,PSP_Peak_2015-06.pdf
Punjab,2015,7,10852.0,10852.0,PSP_Peak_2015-07.pdf
Punjab,2015,8,10571.0,10571.0,PSP_Peak_2015-08.pdf
Punjab,2015,9,10665.0,10665.0,PSP_Peak_2015-09.pdf
Punjab,2015,10,8093.0,8093.0,PSP_Peak_2015-10.pdf
Punjab,2015,11,5333.0,5333.0,PSP_Peak_2015-11.pdf
Punjab,2015,12,6034.0,6034.0,PSP_Peak_2015-12.pdf
Punjab,2016,1,6118.0,6118.0,PSP_Peak_2016-01.pdf
Punjab,2016,2,6095.0,6095.0,PSP_Peak_2016-02.pdf
Punjab,2016,3,5688.0,5688.0,PSP_Peak_2016-03.pdf
Punjab,2016,4,6283.0,6283.0,PSP_Peak_2016-04.pdf
Punjab,2016,5,7997.0,7997.0,PSP_Peak_2016-05.pdf
Punjab,2016,6,10997.0,10997.0,PSP_Peak_2016-06.pdf
Punjab,2016,7,11408.0,11408.0,PSP_Peak_2016-07.pdf
Punjab,2016,8,11204.0,11204.0,PSP_Peak_2016-08.pdf
Punjab,2016,9,10543.0,10543.0,PSP_Peak_2016-09.pdf
Punjab,2016,10,8408.0,8408.0,PSP_Peak_2016-10.pdf
Punjab,2016,11,5548.0,5548.0,PSP_Peak_2016-11.pdf
Punjab,2016,12,6266.0,6266.0,PSP_Peak_2016-12.pdf
Punjab,2017,1,5954.0,5954.0,PSP_Peak_2017-01.pdf
Punjab,2017,2,6475.0,6475.0,PSP_Peak_2017-02.pdf
Punjab,2017,3,6536.0,6536.0,PSP_Peak_2017-03.pdf
Punjab,2017,4,8078.0,8078.0,PSP_Peak_2017-04.pdf
Punjab,2017,5,8229.0,8229.0,PSP_Peak_2017-05.pdf
Punjab,2017,6,11024.0,11024.0,PSP_Peak_2017-06.pdf
Punjab,2017,7,11705.0,11705.0,PSP_Peak_2017-07.pdf
Punjab,2017,8,11074.0,11074.0,PSP_Peak_2017-08.pdf
Punjab,2017,9,9939.0,9939.0,PSP_Peak_2017-09.pdf
Punjab,2017,10,8337.0,8337.0,PSP_Peak_2017-10.pdf
Punjab,2017,11,5713.0,5713.0,PSP_Peak_2017-11.pdf
Punjab,2017,12,6016.0,6016.0,PSP_Peak_2017-12.pdf
Punjab,2018,1,6260.0,6260.0,PSP_Peak_2018-01.pdf
Punjab,2018,2,6277.0,6277.0,PSP_Peak_2018-02.pdf
Punjab,2018,3,6687.0,6687.0,PSP_Peak_2018-03.pdf
Punjab,2018,4,7083.0,7083.0,PSP_Peak_2018-04.pdf
Punjab,2018,5,8920.0,8920.0,PSP_Peak_2018-05.pdf
Punjab,2018,6,12377.0,12377.0,PSP_Peak_2018-06.pdf
Punjab,2018,7,12638.0,12638.0,PSP_Peak_2018-07.pdf
Punjab,2018,8,12012.0,12012.0,PSP_Peak_2018-08.pdf
Punjab,2018,9,11405.0,11405.0,PSP_Peak_2018-09.pdf
Punjab,2018,10,7990.0,7990.0,PSP_Peak_2018-10.pdf
Punjab,2018,11,6071.0,6071.0,PSP_Peak_2018-11.pdf
Punjab,2018,12,6440.0,6440.0,PSP_Peak_2018-12.pdf
Punjab,2019,1,6309.0,6309.0,PSP_Peak_2019-01.pdf
Punjab,2019,2,5719.0,5719.0,PSP_Peak_2019-02.pdf
Punjab,2019,3,6618.0,6618.0,PSP_Peak_2019-03.pdf
Punjab,2019,4,7087.0,7087.0,PSP_Peak_2019-04.pdf
Punjab,2019,5,8850.0,8850.0,PSP_Peak_2019-05.pdf
Punjab,2019,6,13149.0,13149.0,PSP_Peak_2019-06.pdf
Punjab,2019,7,13606.0,13606.0,PSP_Peak_2019-07.pdf
Punjab,2019,8,12009.0,12009.0,PSP_Peak_2019-08.pdf
Punjab,2019,9,11825.0,11825.0,PSP_Peak_2019-09.pdf
Punjab,2019,10,7348.0,7348.0,PSP_Peak_2019-10.pdf
Punjab,2019,11,11980.0,11980.0,PSP_Peak_2019-11.pdf
Punjab,2019,12,13850.0,13464.0,PSP_Peak_2019-12.pdf
Punjab,2020,1,14017.0,14017.0,PSP_Peak_2020-01.pdf
Punjab,2020,2,14277.0,14277.0,PSP_Peak_2020-02.pdf
Punjab,2020,3,13599.0,13599.0,PSP_Peak_2020-03.pdf
Punjab,2020,4,9304.0,9304.0,PSP_Peak_2020-04.pdf
Punjab,2020,5,12050.0,12050.0,PSP_Peak_2020-05.pdf
Punjab,2020,6,12755.0,12755.0,PSP_Peak_2020-06.pdf
Punjab,2020,7,13079.0,13079.0,PSP_Peak_2020-07.pdf
Punjab,2020,8,12211.0,12211.0,PSP_Peak_2020-08.pdf
Punjab,2020,9,12742.0,12742.0,PSP_Peak_2020-09.pdf
Punjab,2020,10,12718.0,12718.0,PSP_Peak_2020-10.pdf
Punjab,2020,11,13050.0,13050.0,PSP_Peak_2020-11.pdf
Punjab,2020,12,14335.0,14335.0,PSP_Peak_2020-12.pdf
Punjab,2021,1,14364.0,14364.0,PSP_Peak_2021-01.pdf
Punjab,2021,2,14441.0,14441.0,PSP_Peak_2021-02.pdf
Punjab,2021,3,14040.0,14040.0,PSP_Peak_2021-03.pdf
Punjab,2021,4,11570.0,11570.0,PSP_Peak_2021-04.pdf
Punjab,2021,5,11531.0,11531.0,PSP_Peak_2021-05.pdf
Punjab,2021,6,12787.0,12787.0,PSP_Peak_2021-06.pdf
Punjab,2021,7,13974.0,13974.0,PSP_Peak_2021-07.pdf
Punjab,2021,8,14690.0,14690.0,PSP_Peak_2021-08.pdf
Punjab,2021,9,12047.0,12047.0,PSP_Peak_2021-09.pdf
Punjab,2021,10,12767.0,12767.0,PSP_Peak_2021-10.pdf
Punjab,2021,11,14253.0,14253.0,PSP_Peak_2021-11.pdf
Punjab,2021,12,15752.0,15752.0,PSP_Peak_2021-12.pdf
Punjab,2022,1,15634.0,15634.0,PSP_Peak_2022-01.pdf
Punjab,2022,2,15784.0,15784.0,PSP_Peak_2022-02.pdf
Punjab,2022,3,15749.0,15749.0,PSP_Peak_2022-03.pdf
Punjab,2022,4,14291.0,14167.0,PSP_Peak_2022-04.pdf
Punjab,2022,5,15949.0,15898.0,PSP_Peak_2022-05.pdf
Punjab,2022,6,16012.0,16012.0,PSP_Peak_2022-06.pdf
Punjab,2022,7,12332.0,12332.0,PSP_Peak_2022-07.pdf
Punjab,2022,8,13808.0,13808.0,PSP_Peak_2022-08.pdf
Punjab,2022,9,15843.0,15843.0,PSP_Peak_2022-09.pdf
Punjab,2022,10,14072.0,14072.0,PSP_Peak_2022-10.pdf
Punjab,2022,11,16023.0,16023.0,PSP_Peak_2022-11.pdf
Punjab,2022,12,16777.0,16612.0,PSP_Peak_2022-12.pdf
Punjab,2023,1,17399.0,17206.0,PSP_Peak_2023-01.pdf
Punjab,2023,2,16754.0,16754.0,PSP_Peak_2023-02.pdf
Punjab,2023,3,15833.0,15637.0,PSP_Peak_2023-03.pdf
Punjab,2023,4,13776.0,13776.0,PSP_Peak_2023-04.pdf
Punjab,2023,5,16470.0,16470.0,PSP_Peak_2023-05.pdf
Punjab,2023,6,15840.0,15840.0,PSP_Peak_2023-06.pdf
Punjab,2023,7,14204.0,14204.0,PSP_Peak_2023-07.pdf
Punjab,2023,8,17420.0,17266.0,PSP_Peak_2023-08.pdf
Punjab,2023,9,17956.0,17840.0,PSP_Peak_2023-09.pdf
Punjab,2023,10,15641.0,15641.0,PSP_Peak_2023-10.pdf
Punjab,2023,11,16409.0,16409.0,PSP_Peak_2023-11.pdf
Punjab,2023,12,17570.0,17570.0,PSP_Peak_2023-12.pdf
Punjab,2024,1,18128.0,18128.0,PSP_Peak_2024-01.pdf
Punjab,2024,2,17867.0,17867.0,PSP_Peak_2024-02.pdf
Punjab,2024,3,17030.0,17030.0,PSP_Peak_2024-03.pdf
Punjab,2024,4,14283.0,14283.0,PSP_Peak_2024-04.pdf
Punjab,2024,5,17567.0,17567.0,PSP_Peak_2024-05.pdf
Punjab,2024,6,17774.0,17774.0,PSP_Peak_2024-06.pdf
Punjab,2024,7,16371.0,16371.0,PSP_Peak_2024-07.pdf
Punjab,2024,8,13409.0,13409.0,PSP_Peak_2024-08.pdf
Punjab,2024,9,16292.0,16292.0,PSP_Peak_2024-09.pdf
Punjab,2024,10,16206.0,16206.0,PSP_Peak_2024-10.pdf
Punjab,2024,11,17434.0,17434.0,PSP_Peak_2024-11.pdf
Punjab,2024,12,18643.0,18643.0,PSP_Peak_2024-12.pdf
Punjab,2025,1,18752.0,18752.0,PSP_Peak_2025-01.pdf
Punjab,2025,2,19165.0,19165.0,PSP_Peak_2025-02.pdf
Punjab,2025,3,17763.0,17763.0,PSP_Peak_2025-03.pdf
Punjab,2025,4,10919.0,10919.0,PSP_Peak_2025-04.pdf
Punjab,2025,5,17336.0,17336.0,PSP_Peak_2025-05.pdf
Punjab,2025,6,18509.0,18509.0,PSP_Peak_2025-06.pdf
Punjab,2025,7,14685.0,14685.0,PSP_Peak_2025-07.pdf
Punjab,2025,8,17607.0,17607.0,PSP_Peak_2025-08.pdf
Punjab,2025,9,16020.0,16020.0,PSP_Peak_2025-09.pdf
Punjab,2025,10,14165.0,14165.0,PSP_Peak_2025-10.pdf
Punjab,2025,11,17859.0,17859.0,PSP_Peak_2025-11.pdf
Punjab,2025,12,19100.0,19100.0,PSP_Peak_2025-12.pdf
Punjab,2026,1,19617.0,19617.0,PSP_Peak_2026-01.pdf
Punjab,2026,2,19037.0,19037.0,PSP_Peak_2026-02.pdf
Punjab,2026,3,17264.0,17264.0,PSP_Peak_2026-03.pdf
Punjab,2026,4,14825.0,14825.0,PSP_Peak_2026-04.pdf
Punjab,2026,5,17333.0,17333.0,PSP_Peak_2026-05.pdf
Punjab,2026,7,18164.0,18164.0,PSP_Peak_2026-07.pdf
Punjab,2026,8,16881.0,16881.0,PSP_Peak_2026-08.pdf
Rajasthan,2015,1,10179.0,10179.0,PSP_Peak_2015-01.pdf
Rajasthan,2015,2,10095.0,10095.0,PSP_Peak_2015-02.pdf
Rajasthan,2015,3,8199.0,8199.0,PSP_Peak_2015-03.pdf
Rajasthan,2015,4,7798.0,7798.0,PSP_Peak_2015-04.pdf
Rajasthan,2015,5,8577.0,8577.0,PSP_Peak_2015-05.pdf
Rajasthan,2015,6,9010.0,9010.0,PSP_Peak_2015-06.pdf
Rajasthan,2015,7,8431.0,8431.0,PSP_Peak_2015-07.pdf
Rajasthan,2015,8,10080.0,10080.0,PSP_Peak_2015-08.pdf
Rajasthan,2015,9,10961.0,10961.0,PSP_Peak_2015-09.pdf
Rajasthan,2015,10,9453.0,9453.0,PSP_Peak_2015-10.pdf
Rajasthan,2015,11,9780.0,9780.0,PSP_Peak_2015-11.pdf
Rajasthan,2015,12,10123.0,10123.0,PSP_Peak_2015-12.pdf
Rajasthan,2016,1,10720.0,10720.0,PSP_Peak_2016-01.pdf
Rajasthan,2016,2,10190.0,10190.0,PSP_Peak_2016-02.pdf
Rajasthan,2016,3,9677.0,9677.0,PSP_Peak_2016-03.pdf
Rajasthan,2016,4,9027.0,9027.0,PSP_Peak_2016-04.pdf
Rajasthan,2016,5,9690.0,9690.0,PSP_Peak_2016-05.pdf
Rajasthan,2016,6,9906.0,9906.0,PSP_Peak_2016-06.pdf
Rajasthan,2016,7,9288.0,9168.0,PSP_Peak_2016-07.pdf
Rajasthan,2016,8,7807.0,7807.0,PSP_Peak_2016-08.pdf
Rajasthan,2016,9,9816.0,9816.0,PSP_Peak_2016-09.pdf
Rajasthan,2016,10,9046.0,9016.0,PSP_Peak_2016-10.pdf
Rajasthan,2016,11,9902.0,9902.0,PSP_Peak_2016-11.pdf
Rajasthan,2016,12,10613.0,10113.0,PSP_Peak_2016-12.pdf
Rajasthan,2017,1,10348.0,10348.0,PSP_Peak_2017-01.pdf
Rajasthan,2017,2,10527.0,10322.0,PSP_Peak_2017-02.pdf
Rajasthan,2017,3,9859.0,9859.0,PSP_Peak_2017-03.pdf
Rajasthan,2017,4,9187.0,9155.0,PSP_Peak_2017-04.pdf
Rajasthan,2017,5,10305.0,10305.0,PSP_Peak_2017-05.pdf
Rajasthan,2017,6,10347.0,10347.0,PSP_Peak_2017-06.pdf
Rajasthan,2017,7,9795.0,9795.0,PSP_Peak_2017-07.pdf
Rajasthan,2017,8,10293.0,10293.0,PSP_Peak_2017-08.pdf
Rajasthan,2017,9,9900.0,9900.0,PSP_Peak_2017-09.pdf
Rajasthan,2017,10,10357.0,10357.0,PSP_Peak_2017-10.pdf
Rajasthan,2017,11,11215.0,11215.0,PSP_Peak_2017-11.pdf
Rajasthan,2017,12,11290.0,11290.0,PSP_Peak_2017-12.pdf
Rajasthan,2018,1,11722.0,11564.0,PSP_Peak_2018-01.pdf
Rajasthan,2018,2,11502.0,11449.0,PSP_Peak_2018-02.pdf
Rajasthan,2018,3,10723.0,10723.0,PSP_Peak_2018-03.pdf
Rajasthan,2018,4,10053.0,10053.0,PSP_Peak_2018-04.pdf
Rajasthan,2018,5,11298.0,11298.0,PSP_Peak_2018-05.pdf
Rajasthan,2018,6,11698.0,11698.0,PSP_Peak_2018-06.pdf
Rajasthan,2018,7,11057.0,11057.0,PSP_Peak_2018-07.pdf
Rajasthan,2018,8,11354.0,11354.0,PSP_Peak_2018-08.pdf
Rajasthan,2018,9,10612.0,10612.0,PSP_Peak_2018-09.pdf
Rajasthan,2018,10,11450.0,11450.0,PSP_Peak_2018-10.pdf
Rajasthan,2018,11,11809.0,11809.0,PSP_Peak_2018-11.pdf
Rajasthan,2018,12,13276.0,13276.0,PSP_Peak_2018-12.pdf
Rajasthan,2019,1,12921.0,12921.0,PSP_Peak_2019-01.pdf
Rajasthan,2019,2,12650.0,12650.0,PSP_Peak_2019-02.pdf
Rajasthan,2019,3,11885.0,11885.0,PSP_Peak_2019-03.pdf
Rajasthan,2019,4,10560.0,10560.0,PSP_Peak_2019-04.pdf
Rajasthan,2019,5,11791.0,11791.0,PSP_Peak_2019-05.pdf
Rajasthan,2019,6,12620.0,12620.0,PSP_Peak_2019-06.pdf
Rajasthan,2019,7,12351.0,12351.0,PSP_Peak_2019-07.pdf
Rajasthan,2019,8,10699.0,10699.0,PSP_Peak_2019-08.pdf
Rajasthan,2019,9,11553.0,11553.0,PSP_Peak_2019-09.pdf
Rajasthan,2019,10,10533.0,10533.0,PSP_Peak_2019-10.pdf
Rajasthan,2019,11,15271.0,15271.0,PSP_Peak_2019-11.pdf
Rajasthan,2019,12,17712.0,17412.0,PSP_Peak_2019-12.pdf
Rajasthan,2020,1,16987.0,16987.0,PSP_Peak_2020-01.pdf
Rajasthan,2020,2,16777.0,16627.0,PSP_Peak_2020-02.pdf
Rajasthan,2020,3,14592.0,14592.0,PSP_Peak_2020-03.pdf
Rajasthan,2020,4,16889.0,16889.0,PSP_Peak_2020-04.pdf
Rajasthan,2020,5,21331.0,21331.0,PSP_Peak_2020-05.pdf
Rajasthan,2020,6,22110.0,22110.0,PSP_Peak_2020-06.pdf
Rajasthan,2020,7,23419.0,23419.0,PSP_Peak_2020-07.pdf
Rajasthan,2020,8,23020.0,22891.0,PSP_Peak_2020-08.pdf
Rajasthan,2020,9,23797.0,23747.0,PSP_Peak_2020-09.pdf
Rajasthan,2020,10,21029.0,21029.0,PSP_Peak_2020-10.pdf
Rajasthan,2020,11,15496.0,15496.0,PSP_Peak_2020-11.pdf
Rajasthan,2020,12,18185.0,18185.0,PSP_Peak_2020-12.pdf
Rajasthan,2021,1,18995.0,18995.0,PSP_Peak_2021-01.pdf
Rajasthan,2021,2,18308.0,18308.0,PSP_Peak_2021-02.pdf
Rajasthan,2021,3,18593.0,18593.0,PSP_Peak_2021-03.pdf
Rajasthan,2021,4,19837.0,19837.0,PSP_Peak_2021-04.pdf
Rajasthan,2021,5,20604.0,20604.0,PSP_Peak_2021-05.pdf
Rajasthan,2021,6,24574.0,24574.0,PSP_Peak_2021-06.pdf
Rajasthan,2021,7,24965.0,24795.0,PSP_Peak_2021-07.pdf
Rajasthan,2021,8,23963.0,23603.0,PSP_Peak_2021-08.pdf
Rajasthan,2021,9,22990.0,22990.0,PSP_Peak_2021-09.pdf
Rajasthan,2021,10,20174.0,20174.0,PSP_Peak_2021-10.pdf
Rajasthan,2021,11,16119.0,16119.0,PSP_Peak_2021-11.pdf
Rajasthan,2021,12,18587.0,18587.0,PSP_Peak_2021-12.pdf
Rajasthan,2022,1,19840.0,19840.0,PSP_Peak_2022-01.pdf
Rajasthan,2022,2,19088.0,19088.0,PSP_Peak_2022-02.pdf
Rajasthan,2022,3,20479.0,20479.0,PSP_Peak_2022-03.pdf
Rajasthan,2022,4,21146.0,21146.0,PSP_Peak_2022-04.pdf
Rajasthan,2022,5,25046.0,25046.0,PSP_Peak_2022-05.pdf
Rajasthan,2022,6,25456.0,25046.0,PSP_Peak_2022-06.pdf
Rajasthan,2022,7,25951.0,25951.0,PSP_Peak_2022-07.pdf
Rajasthan,2022,8,25437.0,25437.0,PSP_Peak_2022-08.pdf
Rajasthan,2022,9,27369.0,26589.0,PSP_Peak_2022-09.pdf
Rajasthan,2022,10,22631.0,22631.0,PSP_Peak_2022-10.pdf
Rajasthan,2022,11,17387.0,17387.0,PSP_Peak_2022-11.pdf
Rajasthan,2022,12,19970.0,19970.0,PSP_Peak_2022-12.pdf
Rajasthan,2023,1,21342.0,21342.0,PSP_Peak_2023-01.pdf
Rajasthan,2023,2,18602.0,18602.0,PSP_Peak_2023-02.pdf
Rajasthan,2023,3,19572.0,19572.0,PSP_Peak_2023-03.pdf
Rajasthan,2023,4,23473.0,23473.0,PSP_Peak_2023-04.pdf
Rajasthan,2023,5,26386.0,26166.0,PSP_Peak_2023-05.pdf
Rajasthan,2023,6,27611.0,27611.0,PSP_Peak_2023-06.pdf
Rajasthan,2023,7,28704.0,28284.0,PSP_Peak_2023-07.pdf
Rajasthan,2023,8,27689.0,27689.0,PSP_Peak_2023-08.pdf
Rajasthan,2023,9,27389.0,27389.0,PSP_Peak_2023-09.pdf
Rajasthan,2023,10,24096.0,24096.0,PSP_Peak_2023-10.pdf
Rajasthan,2023,11,19033.0,19033.0,PSP_Peak_2023-11.pdf
Rajasthan,2023,12,19874.0,19874.0,PSP_Peak_2023-12.pdf
Rajasthan,2024,1,22703.0,22703.0,PSP_Peak_2024-01.pdf
Rajasthan,2024,2,20346.0,19726.0,PSP_Peak_2024-02.pdf
Rajasthan,2024,3,21243.0,21243.0,PSP_Peak_2024-03.pdf
Rajasthan,2024,4,25462.0,25462.0,PSP_Peak_2024-04.pdf
Rajasthan,2024,5,29727.0,29727.0,PSP_Peak_2024-05.pdf
Rajasthan,2024,6,30618.0,30618.0,PSP_Peak_2024-06.pdf
Rajasthan,2024,7,30298.0,30298.0,PSP_Peak_2024-07.pdf
Rajasthan,2024,8,29126.0,29126.0,PSP_Peak_2024-08.pdf
Rajasthan,2024,9,29347.0,29347.0,PSP_Peak_2024-09.pdf
Rajasthan,2024,10,26756.0,26756.0,PSP_Peak_2024-10.pdf
Rajasthan,2024,11,19929.0,19929.0,PSP_Peak_2024-11.pdf
Rajasthan,2024,12,20666.0,20666.0,PSP_Peak_2024-12.pdf
Rajasthan,2025,1,22034.0,22034.0,PSP_Peak_2025-01.pdf
Rajasthan,2025,2,20456.0,20456.0,PSP_Peak_2025-02.pdf
Rajasthan,2025,3,21869.0,21869.0,PSP_Peak_2025-03.pdf
Rajasthan,2025,4,15800.0,15800.0,PSP_Peak_2025-04.pdf
Rajasthan,2025,5,29873.0,29873.0,PSP_Peak_2025-05.pdf
Rajasthan,2025,6,31486.0,31486.0,PSP_Peak_2025-06.pdf
Rajasthan,2025,7,30818.0,30818.0,PSP_Peak_2025-07.pdf
Rajasthan,2025,8,30292.0,30292.0,PSP_Peak_2025-08.pdf
Rajasthan,2025,9,30260.0,30255.0,PSP_Peak_2025-09.pdf
Rajasthan,2025,10,26269.0,26269.0,PSP_Peak_2025-10.pdf
Rajasthan,2025,11,19341.0,19341.0,PSP_Peak_2025-11.pdf
Rajasthan,2025,12,23070.0,23070.0,PSP_Peak_2025-12.pdf
Rajasthan,2026,1,23976.0,23716.0,PSP_Peak_2026-01.pdf
Rajasthan,2026,2,21000.0,21000.0,PSP_Peak_2026-02.pdf
Rajasthan,2026,3,22314.0,22314.0,PSP_Peak_2026-03.pdf
Rajasthan,2026,4,29932.0,29475.0,PSP_Peak_2026-04.pdf
Rajasthan,2026,5,31824.0,31824.0,PSP_Peak_2026-05.pdf
Rajasthan,2026,7,32732.0,32510.0,PSP_Peak_2026-07.pdf
Rajasthan,2026,8,31486.0,31296.0,PSP_Peak_2026-08.pdf
Sikkim,2015,1,83.0,83.0,PSP_Peak_2015-01.pdf
Sikkim,2015,2,83.0,83.0,PSP_Peak_2015-02.pdf
Sikkim,2015,3,77.0,77.0,PSP_Peak_2015-03.pdf
Sikkim,2015,4,77.0,77.0,PSP_Peak_2015-04.pdf
Sikkim,2015,5,77.0,77.0,PSP_Peak_2015-05.pdf
Sikkim,2015,6,83.0,83.0,PSP_Peak_2015-06.pdf
Sikkim,2015,7,83.0,83.0,PSP_Peak_2015-07.pdf
Sikkim,2015,8,83.0,83.0,PSP_Peak_2015-08.pdf
Sikkim,2015,9,83.0,83.0,PSP_Peak_2015-09.pdf
Sikkim,2015,10,95.0,95.0,PSP_Peak_2015-10.pdf
Sikkim,2015,11,95.0,95.0,PSP_Peak_2015-11.pdf
Sikkim,2015,12,108.0,108.0,PSP_Peak_2015-12.pdf
Sikkim,2016,1,109.0,109.0,PSP_Peak_2016-01.pdf
Sikkim,2016,2,109.0,109.0,PSP_Peak_2016-02.pdf
Sikkim,2016,3,109.0,109.0,PSP_Peak_2016-03.pdf
Sikkim,2016,4,112.0,112.0,PSP_Peak_2016-04.pdf
Sikkim,2016,5,93.0,93.0,PSP_Peak_2016-05.pdf
Sikkim,2016,6,93.0,93.0,PSP_Peak_2016-06.pdf
Sikkim,2016,7,97.0,97.0,PSP_Peak_2016-07.pdf
Sikkim,2016,8,97.0,97.0,PSP_Peak_2016-08.pdf
Sikkim,2016,10,92.0,92.0,PSP_Peak_2016-10.pdf
Sikkim,2016,11,92.0,92.0,PSP_Peak_2016-11.pdf
Sikkim,2016,12,91.0,91.0,PSP_Peak_2016-12.pdf
Sikkim,2017,1,91.0,91.0,PSP_Peak_2017-01.pdf
Sikkim,2017,2,91.0,91.0,PSP_Peak_2017-02.pdf
Sikkim,2017,3,91.0,91.0,PSP_Peak_2017-03.pdf
Sikkim,2017,4,91.0,91.0,PSP_Peak_2017-04.pdf
Sikkim,2017,5,78.0,78.0,PSP_Peak_2017-05.pdf
Sikkim,2017,6,78.0,78.0,PSP_Peak_2017-06.pdf
Sikkim,2017,7,78.0,78.0,PSP_Peak_2017-07.pdf
Sikkim,2017,8,86.0,86.0,PSP_Peak_2017-08.pdf
Sikkim,2017,9,87.0,87.0,PSP_Peak_2017-09.pdf
Sikkim,2017,10,90.0,90.0,PSP_Peak_2017-10.pdf
Sikkim,2017,11,96.0,96.0,PSP_Peak_2017-11.pdf
Sikkim,2017,12,94.0,94.0,PSP_Peak_2017-12.pdf
Sikkim,2018,1,94.0,94.0,PSP_Peak_2018-01.pdf
Sikkim,2018,2,96.0,96.0,PSP_Peak_2018-02.pdf
Sikkim,2018,3,88.0,88.0,PSP_Peak_2018-03.pdf
Sikkim,2018,4,90.0,90.0,PSP_Peak_2018-04.pdf
Sikkim,2018,5,88.0,88.0,PSP_Peak_2018-05.pdf
Sikkim,2018,6,78.0,78.0,PSP_Peak_2018-06.pdf
Sikkim,2018,7,81.0,81.0,PSP_Peak_2018-07.pdf
Sikkim,2018,8,89.0,89.0,PSP_Peak_2018-08.pdf
Sikkim,2018,9,78.0,78.0,PSP_Peak_2018-09.pdf
Sikkim,2018,10,93.0,93.0,PSP_Peak_2018-10.pdf
Sikkim,2018,11,101.0,101.0,PSP_Peak_2018-11.pdf
Sikkim,2018,12,106.0,106.0,PSP_Peak_2018-12.pdf
Sikkim,2019,1,106.0,106.0,PSP_Peak_2019-01.pdf
Sikkim,2019,2,104.0,104.0,PSP_Peak_2019-02.pdf
Sikkim,2019,3,104.0,104.0,PSP_Peak_2019-03.pdf
Sikkim,2019,4,98.0,98.0,PSP_Peak_2019-04.pdf
Sikkim,2019,5,93.0,93.0,PSP_Peak_2019-05.pdf
Sikkim,2019,6,90.0,89.0,PSP_Peak_2019-06.pdf
Sikkim,2019,7,85.0,85.0,PSP_Peak_2019-07.pdf
Sikkim,2019,8,90.0,90.0,PSP_Peak_2019-08.pdf
Sikkim,2019,9,93.0,93.0,PSP_Peak_2019-09.pdf
Sikkim,2019,10,96.0,96.0,PSP_Peak_2019-10.pdf
Sikkim,2019,11,102.0,102.0,PSP_Peak_2019-11.pdf
Sikkim,2019,12,111.0,111.0,PSP_Peak_2019-12.pdf
Sikkim,2020,1,115.0,115.0,PSP_Peak_2020-01.pdf
Sikkim,2020,2,114.0,114.0,PSP_Peak_2020-02.pdf
Sikkim,2020,3,109.0,108.0,PSP_Peak_2020-03.pdf
Sikkim,2020,4,94.0,94.0,PSP_Peak_2020-04.pdf
Sikkim,2020,5,88.0,88.0,PSP_Peak_2020-05.pdf
Sikkim,2020,6,84.0,84.0,PSP_Peak_2020-06.pdf
Sikkim,2020,7,86.0,86.0,PSP_Peak_2020-07.pdf
Sikkim,2020,8,78.0,77.0,PSP_Peak_2020-08.pdf
Sikkim,2020,9,91.0,91.0,PSP_Peak_2020-09.pdf
Sikkim,2020,10,96.0,96.0,PSP_Peak_2020-10.pdf
Sikkim,2020,11,110.0,110.0,PSP_Peak_2020-11.pdf
Sikkim,2020,12,115.0,115.0,PSP_Peak_2020-12.pdf
Sikkim,2021,1,119.0,119.0,PSP_Peak_2021-01.pdf
Sikkim,2021,2,117.0,117.0,PSP_Peak_2021-02.pdf
Sikkim,2021,3,120.0,120.0,PSP_Peak_2021-03.pdf
Sikkim,2021,4,105.0,105.0,PSP_Peak_2021-04.pdf
Sikkim,2021,5,98.0,98.0,PSP_Peak_2021-05.pdf
Sikkim,2021,6,90.0,90.0,PSP_Peak_2021-06.pdf
Sikkim,2021,7,96.0,96.0,PSP_Peak_2021-07.pdf
Sikkim,2021,8,99.0,98.0,PSP_Peak_2021-08.pdf
Sikkim,2021,9,102.0,102.0,PSP_Peak_2021-09.pdf
Sikkim,2021,10,104.0,104.0,PSP_Peak_2021-10.pdf
Sikkim,2021,11,118.0,118.0,PSP_Peak_2021-11.pdf
Sikkim,2021,12,133.0,133.0,PSP_Peak_2021-12.pdf
Sikkim,2022,1,133.0,133.0,PSP_Peak_2022-01.pdf
Sikkim,2022,2,132.0,132.0,PSP_Peak_2022-02.pdf
Sikkim,2022,3,122.0,122.0,PSP_Peak_2022-03.pdf
Sikkim,2022,4,116.0,115.0,PSP_Peak_2022-04.pdf
Sikkim,2022,5,106.0,106.0,PSP_Peak_2022-05.pdf
Sikkim,2022,6,98.0,98.0,PSP_Peak_2022-06.pdf
Sikkim,2022,7,91.0,91.0,PSP_Peak_2022-07.pdf
Sikkim,2022,8,98.0,98.0,PSP_Peak_2022-08.pdf
Sikkim,2022,9,103.0,102.0,PSP_Peak_2022-09.pdf
Sikkim,2022,10,102.0,102.0,PSP_Peak_2022-10.pdf
Sikkim,2022,11,116.0,115.0,PSP_Peak_2022-11.pdf
Sikkim,2022,12,124.0,124.0,PSP_Peak_2022-12.pdf
Sikkim,2023,1,123.0,123.0,PSP_Peak_2023-01.pdf
Sikkim,2023,2,121.0,121.0,PSP_Peak_2023-02.pdf
Sikkim,2023,3,113.0,113.0,PSP_Peak_2023-03.pdf
Sikkim,2023,4,106.0,106.0,PSP_Peak_2023-04.pdf
Sikkim,2023,5,106.0,106.0,PSP_Peak_2023-05.pdf
Sikkim,2023,6,98.0,98.0,PSP_Peak_2023-06.pdf
Sikkim,2023,7,89.0,89.0,PSP_Peak_2023-07.pdf
Sikkim,2023,8,93.0,93.0,PSP_Peak_2023-08.pdf
Sikkim,2023,9,94.0,94.0,PSP_Peak_2023-09.pdf
Sikkim,2023,10,80.0,80.0,PSP_Peak_2023-10.pdf
Sikkim,2023,11,107.0,107.0,PSP_Peak_2023-11.pdf
Sikkim,2023,12,109.0,109.0,PSP_Peak_2023-12.pdf
Sikkim,2024,1,128.0,128.0,PSP_Peak_2024-01.pdf
Sikkim,2024,2,133.0,133.0,PSP_Peak_2024-02.pdf
Sikkim,2024,3,119.0,119.0,PSP_Peak_2024-03.pdf
Sikkim,2024,4,111.0,111.0,PSP_Peak_2024-04.pdf
Sikkim,2024,5,104.0,104.0,PSP_Peak_2024-05.pdf
Sikkim,2024,6,99.0,99.0,PSP_Peak_2024-06.pdf
Sikkim,2024,7,90.0,90.0,PSP_Peak_2024-07.pdf
Sikkim,2024,8,116.0,116.0,PSP_Peak_2024-08.pdf
Sikkim,2024,9,95.0,95.0,PSP_Peak_2024-09.pdf
Sikkim,2024,10,101.0,101.0,PSP_Peak_2024-10.pdf
Sikkim,2024,11,112.0,112.0,PSP_Peak_2024-11.pdf
Sikkim,2024,12,126.0,126.0,PSP_Peak_2024-12.pdf
Sikkim,2025,1,138.0,138.0,PSP_Peak_2025-01.pdf
Sikkim,2025,2,137.0,137.0,PSP_Peak_2025-02.pdf
Sikkim,2025,3,121.0,121.0,PSP_Peak_2025-03.pdf
Sikkim,2025,4,104.0,104.0,PSP_Peak_2025-04.pdf
Sikkim,2025,5,98.0,98.0,PSP_Peak_2025-05.pdf
Sikkim,2025,6,102.0,102.0,PSP_Peak_2025-06.pdf
Sikkim,2025,7,95.0,95.0,PSP_Peak_2025-07.pdf
Sikkim,2025,8,88.0,88.0,PSP_Peak_2025-08.pdf
Sikkim,2025,9,90.0,90.0,PSP_Peak_2025-09.pdf
Sikkim,2025,10,90.0,90.0,PSP_Peak_2025-10.pdf
Sikkim,2025,11,103.0,103.0,PSP_Peak_2025-11.pdf
Sikkim,2025,12,118.0,118.0,PSP_Peak_2025-12.pdf
Sikkim,2026,1,126.0,126.0,PSP_Peak_2026-01.pdf
Sikkim,2026,2,125.0,124.0,PSP_Peak_2026-02.pdf
Sikkim,2026,3,114.0,114.0,PSP_Peak_2026-03.pdf
Sikkim,2026,4,118.0,118.0,PSP_Peak_2026-04.pdf
Sikkim,2026,5,100.0,100.0,PSP_Peak_2026-05.pdf
Sikkim,2026,6,101.0,101.0,PSP_Peak_2026-06.pdf
Sikkim,2026,7,89.0,89.0,PSP_Peak_2026-07.pdf
Sikkim,2026,8,113.0,113.0,PSP_Peak_2026-08.pdf
Tamil Nadu,2015,1,12692.0,11838.0,PSP_Peak_2015-01.pdf
Tamil Nadu,2015,2,12939.0,12295.0,PSP_Peak_2015-02.pdf
Tamil Nadu,2015,3,13707.0,12659.0,PSP_Peak_2015-03.pdf
Tamil Nadu,2015,4,13363.0,12380.0,PSP_Peak_2015-04.pdf
Tamil Nadu,2015,5,13010.0,12744.0,PSP_Peak_2015-05.pdf
Tamil Nadu,2015,6,13580.0,12968.0,PSP_Peak_2015-06.pdf
Tamil Nadu,2015,7,13455.0,13448.0,PSP_Peak_2015-07.pdf
Tamil Nadu,2015,8,13522.0,13416.0,PSP_Peak_2015-08.pdf
Tamil Nadu,2015,9,13533.0,13505.0,PSP_Peak_2015-09.pdf
Tamil Nadu,2015,10,12965.0,12929.0,PSP_Peak_2015-10.pdf
Tamil Nadu,2015,11,12188.0,12187.0,PSP_Peak_2015-11.pdf
Tamil Nadu,2015,12,12385.0,12377.0,PSP_Peak_2015-12.pdf
Tamil Nadu,2016,1,13207.0,13207.0,PSP_Peak_2016-01.pdf
Tamil Nadu,2016,2,14190.0,14171.0,PSP_Peak_2016-02.pdf
Tamil Nadu,2016,3,14168.0,14165.0,PSP_Peak_2016-03.pdf
Tamil Nadu,2016,4,14823.0,14823.0,PSP_Peak_2016-04.pdf
Tamil Nadu,2016,5,14706.0,14668.0,PSP_Peak_2016-05.pdf
Tamil Nadu,2016,6,14362.0,14358.0,PSP_Peak_2016-06.pdf
Tamil Nadu,2016,7,14517.0,14467.0,PSP_Peak_2016-07.pdf
Tamil Nadu,2016,8,14237.0,14158.0,PSP_Peak_2016-08.pdf
Tamil Nadu,2016,9,14463.0,14385.0,PSP_Peak_2016-09.pdf
Tamil Nadu,2016,10,14435.0,14435.0,PSP_Peak_2016-10.pdf
Tamil Nadu,2016,11,13902.0,13893.0,PSP_Peak_2016-11.pdf
Tamil Nadu,2016,12,13319.0,13316.0,PSP_Peak_2016-12.pdf
Tamil Nadu,2017,1,13705.0,13685.0,PSP_Peak_2017-01.pdf
Tamil Nadu,2017,2,13647.0,13640.0,PSP_Peak_2017-02.pdf
Tamil Nadu,2017,3,14250.0,14223.0,PSP_Peak_2017-03.pdf
Tamil Nadu,2017,4,15001.0,14975.0,PSP_Peak_2017-04.pdf
Tamil Nadu,2017,5,14749.0,14743.0,PSP_Peak_2017-05.pdf
Tamil Nadu,2017,6,14316.0,14274.0,PSP_Peak_2017-06.pdf
Tamil Nadu,2017,7,14689.0,14663.0,PSP_Peak_2017-07.pdf
Tamil Nadu,2017,8,13818.0,13780.0,PSP_Peak_2017-08.pdf
Tamil Nadu,2017,9,13927.0,13879.0,PSP_Peak_2017-09.pdf
Tamil Nadu,2017,10,13522.0,13485.0,PSP_Peak_2017-10.pdf
Tamil Nadu,2017,11,14244.0,14222.0,PSP_Peak_2017-11.pdf
Tamil Nadu,2017,12,13659.0,13648.0,PSP_Peak_2017-12.pdf
Tamil Nadu,2018,1,14131.0,14098.0,PSP_Peak_2018-01.pdf
Tamil Nadu,2018,2,14440.0,14388.0,PSP_Peak_2018-02.pdf
Tamil Nadu,2018,3,14819.0,14757.0,PSP_Peak_2018-03.pdf
Tamil Nadu,2018,4,14981.0,14981.0,PSP_Peak_2018-04.pdf
Tamil Nadu,2018,5,14731.0,14702.0,PSP_Peak_2018-05.pdf
Tamil Nadu,2018,6,14870.0,14851.0,PSP_Peak_2018-06.pdf
Tamil Nadu,2018,7,15029.0,14929.0,PSP_Peak_2018-07.pdf
Tamil Nadu,2018,8,14734.0,14701.0,PSP_Peak_2018-08.pdf
Tamil Nadu,2018,9,14556.0,14553.0,PSP_Peak_2018-09.pdf
Tamil Nadu,2018,10,14368.0,14333.0,PSP_Peak_2018-10.pdf
Tamil Nadu,2018,11,13893.0,13827.0,PSP_Peak_2018-11.pdf
Tamil Nadu,2018,12,14038.0,13986.0,PSP_Peak_2018-12.pdf
Tamil Nadu,2019,1,13998.0,13952.0,PSP_Peak_2019-01.pdf
Tamil Nadu,2019,2,15041.0,15023.0,PSP_Peak_2019-02.pdf
Tamil Nadu,2019,3,15483.0,15448.0,PSP_Peak_2019-03.pdf
Tamil Nadu,2019,4,15680.0,15659.0,PSP_Peak_2019-04.pdf
Tamil Nadu,2019,5,15544.0,15522.0,PSP_Peak_2019-05.pdf
Tamil Nadu,2019,6,15727.0,15668.0,PSP_Peak_2019-06.pdf
Tamil Nadu,2019,7,15537.0,15534.0,PSP_Peak_2019-07.pdf
Tamil Nadu,2019,8,14571.0,14513.0,PSP_Peak_2019-08.pdf
Tamil Nadu,2019,9,14988.0,14964.0,PSP_Peak_2019-09.pdf
Tamil Nadu,2019,10,14335.0,14319.0,PSP_Peak_2019-10.pdf
Tamil Nadu,2019,11,13829.0,13829.0,PSP_Peak_2019-11.pdf
Tamil Nadu,2019,12,13710.0,13710.0,PSP_Peak_2019-12.pdf
Tamil Nadu,2020,1,14371.0,14336.0,PSP_Peak_2020-01.pdf
Tamil Nadu,2020,2,14768.0,14755.0,PSP_Peak_2020-02.pdf
Tamil Nadu,2020,3,15347.0,15347.0,PSP_Peak_2020-03.pdf
Tamil Nadu,2020,4,11435.0,11398.0,PSP_Peak_2020-04.pdf
Tamil Nadu,2020,5,14062.0,14021.0,PSP_Peak_2020-05.pdf
Tamil Nadu,2020,6,14591.0,14591.0,PSP_Peak_2020-06.pdf
Tamil Nadu,2020,7,13284.0,13284.0,PSP_Peak_2020-07.pdf
Tamil Nadu,2020,8,14212.0,14208.0,PSP_Peak_2020-08.pdf
Tamil Nadu,2020,9,14301.0,14283.0,PSP_Peak_2020-09.pdf
Tamil Nadu,2020,10,14758.0,14741.0,PSP_Peak_2020-10.pdf
Tamil Nadu,2020,11,15174.0,15064.0,PSP_Peak_2020-11.pdf
Tamil Nadu,2020,12,14004.0,14004.0,PSP_Peak_2020-12.pdf
Tamil Nadu,2021,1,13908.0,13908.0,PSP_Peak_2021-01.pdf
Tamil Nadu,2021,2,15004.0,15004.0,PSP_Peak_2021-02.pdf
Tamil Nadu,2021,3,16263.0,16263.0,PSP_Peak_2021-03.pdf
Tamil Nadu,2021,4,16541.0,16519.0,PSP_Peak_2021-04.pdf
Tamil Nadu,2021,5,15696.0,15696.0,PSP_Peak_2021-05.pdf
Tamil Nadu,2021,6,15820.0,15820.0,PSP_Peak_2021-06.pdf
Tamil Nadu,2021,7,15332.0,15332.0,PSP_Peak_2021-07.pdf
Tamil Nadu,2021,8,15730.0,15718.0,PSP_Peak_2021-08.pdf
Tamil Nadu,2021,9,15610.0,15523.0,PSP_Peak_2021-09.pdf
Tamil Nadu,2021,10,14462.0,14443.0,PSP_Peak_2021-10.pdf
Tamil Nadu,2021,11,13205.0,13199.0,PSP_Peak_2021-11.pdf
Tamil Nadu,2021,12,14219.0,14219.0,PSP_Peak_2021-12.pdf
Tamil Nadu,2022,1,14987.0,14979.0,PSP_Peak_2022-01.pdf
Tamil Nadu,2022,2,15990.0,15990.0,PSP_Peak_2022-02.pdf
Tamil Nadu,2022,3,16891.0,16891.0,PSP_Peak_2022-03.pdf
Tamil Nadu,2022,4,17306.0,17248.0,PSP_Peak_2022-04.pdf
Tamil Nadu,2022,5,16636.0,16636.0,PSP_Peak_2022-05.pdf
Tamil Nadu,2022,6,16929.0,16929.0,PSP_Peak_2022-06.pdf
Tamil Nadu,2022,7,15989.0,15969.0,PSP_Peak_2022-07.pdf
Tamil Nadu,2022,8,16411.0,16411.0,PSP_Peak_2022-08.pdf
Tamil Nadu,2022,9,16110.0,16073.0,PSP_Peak_2022-09.pdf
Tamil Nadu,2022,10,15217.0,15216.0,PSP_Peak_2022-10.pdf
Tamil Nadu,2022,11,14856.0,14856.0,PSP_Peak_2022-11.pdf
Tamil Nadu,2022,12,15305.0,15305.0,PSP_Peak_2022-12.pdf
Tamil Nadu,2023,1,15720.0,15717.0,PSP_Peak_2023-01.pdf
Tamil Nadu,2023,2,16459.0,16459.0,PSP_Peak_2023-02.pdf
Tamil Nadu,2023,3,17729.0,17729.0,PSP_Peak_2023-03.pdf
Tamil Nadu,2023,4,19045.0,19045.0,PSP_Peak_2023-04.pdf
Tamil Nadu,2023,5,18361.0,18314.0,PSP_Peak_2023-05.pdf
Tamil Nadu,2023,6,18220.0,18220.0,PSP_Peak_2023-06.pdf
Tamil Nadu,2023,7,17458.0,17458.0,PSP_Peak_2023-07.pdf
Tamil Nadu,2023,8,17890.0,17878.0,PSP_Peak_2023-08.pdf
Tamil Nadu,2023,9,16860.0,16770.0,PSP_Peak_2023-09.pdf
Tamil Nadu,2023,10,17079.0,17079.0,PSP_Peak_2023-10.pdf
Tamil Nadu,2023,11,15732.0,15732.0,PSP_Peak_2023-11.pdf
Tamil Nadu,2023,12,15558.0,15558.0,PSP_Peak_2023-12.pdf
Tamil Nadu,2024,1,16621.0,16621.0,PSP_Peak_2024-01.pdf
Tamil Nadu,2024,2,17996.0,17996.0,PSP_Peak_2024-02.pdf
Tamil Nadu,2024,3,19041.0,19041.0,PSP_Peak_2024-03.pdf
Tamil Nadu,2024,4,20326.0,20326.0,PSP_Peak_2024-04.pdf
Tamil Nadu,2024,5,20784.0,20784.0,PSP_Peak_2024-05.pdf
Tamil Nadu,2024,6,18501.0,18498.0,PSP_Peak_2024-06.pdf
Tamil Nadu,2024,7,18197.0,18197.0,PSP_Peak_2024-07.pdf
Tamil Nadu,2024,8,17843.0,17843.0,PSP_Peak_2024-08.pdf
Tamil Nadu,2024,9,19171.0,19171.0,PSP_Peak_2024-09.pdf
Tamil Nadu,2024,10,17835.0,17835.0,PSP_Peak_2024-10.pdf
Tamil Nadu,2024,11,16570.0,16570.0,PSP_Peak_2024-11.pdf
Tamil Nadu,2024,12,15997.0,15997.0,PSP_Peak_2024-12.pdf
Tamil Nadu,2025,1,16992.0,16992.0,PSP_Peak_2025-01.pdf
Tamil Nadu,2025,2,18322.0,18248.0,PSP_Peak_2025-02.pdf
Tamil Nadu,2025,3,19679.0,19679.0,PSP_Peak_2025-03.pdf
Tamil Nadu,2025,4,19864.0,19864.0,PSP_Peak_2025-04.pdf
Tamil Nadu,2025,5,19167.0,19156.0,PSP_Peak_2025-05.pdf
Tamil Nadu,2025,6,19665.0,19665.0,PSP_Peak_2025-06.pdf
Tamil Nadu,2025,7,19878.0,19878.0,PSP_Peak_2025-07.pdf
Tamil Nadu,2025,8,19047.0,19047.0,PSP_Peak_2025-08.pdf
Tamil Nadu,2025,9,18405.0,18386.0,PSP_Peak_2025-09.pdf
Tamil Nadu,2025,10,17618.0,17618.0,PSP_Peak_2025-10.pdf
Tamil Nadu,2025,11,17747.0,17739.0,PSP_Peak_2025-11.pdf
Tamil Nadu,2025,12,17687.0,17598.0,PSP_Peak_2025-12.pdf
Tamil Nadu,2026,1,17348.0,17325.0,PSP_Peak_2026-01.pdf
Tamil Nadu,2026,2,18949.0,18949.0,PSP_Peak_2026-02.pdf
Tamil Nadu,2026,3,19932.0,19932.0,PSP_Peak_2026-03.pdf
Tamil Nadu,2026,4,21000.0,21000.0,PSP_Peak_2026-04.pdf
Tamil Nadu,2026,5,19425.0,19425.0,PSP_Peak_2026-05.pdf
Tamil Nadu,2026,6,20664.0,20664.0,PSP_Peak_2026-06.pdf
Tamil Nadu,2026,7,21471.0,21402.0,PSP_Peak_2026-07.pdf
Tamil Nadu,2026,8,21313.0,21313.0,PSP_Peak_2026-08.pdf
Telangana,2015,1,6859.0,6682.0,PSP_Peak_2015-01.pdf
Telangana,2015,2,6602.0,6401.0,PSP_Peak_2015-02.pdf
Telangana,2015,3,6920.0,6755.0,PSP_Peak_2015-03.pdf
Telangana,2015,4,6813.0,6661.0,PSP_Peak_2015-04.pdf
Telangana,2015,5,6116.0,5947.0,PSP_Peak_2015-05.pdf
Telangana,2015,6,5923.0,5912.0,PSP_Peak_2015-06.pdf
Telangana,2015,7,6468.0,6468.0,PSP_Peak_2015-07.pdf
Telangana,2015,8,6603.0,6589.0,PSP_Peak_2015-08.pdf
Telangana,2015,9,6588.0,6586.0,PSP_Peak_2015-09.pdf
Telangana,2015,10,6854.0,6849.0,PSP_Peak_2015-10.pdf
Telangana,2015,11,6484.0,6479.0,PSP_Peak_2015-11.pdf
Telangana,2015,12,6158.0,6138.0,PSP_Peak_2015-12.pdf
Telangana,2016,1,6370.0,6348.0,PSP_Peak_2016-01.pdf
Telangana,2016,2,6415.0,6412.0,PSP_Peak_2016-02.pdf
Telangana,2016,3,6656.0,6651.0,PSP_Peak_2016-03.pdf
Telangana,2016,4,6935.0,6894.0,PSP_Peak_2016-04.pdf
Telangana,2016,5,6340.0,6290.0,PSP_Peak_2016-05.pdf
Telangana,2016,6,6114.0,6082.0,PSP_Peak_2016-06.pdf
Telangana,2016,7,6890.0,6890.0,PSP_Peak_2016-07.pdf
Telangana,2016,8,8236.0,8223.0,PSP_Peak_2016-08.pdf
Telangana,2016,9,8284.0,8284.0,PSP_Peak_2016-09.pdf
Telangana,2016,10,7800.0,7789.0,PSP_Peak_2016-10.pdf
Telangana,2016,11,7568.0,7561.0,PSP_Peak_2016-11.pdf
Telangana,2016,12,7848.0,7831.0,PSP_Peak_2016-12.pdf
Telangana,2017,1,8407.0,8391.0,PSP_Peak_2017-01.pdf
Telangana,2017,2,8948.0,8944.0,PSP_Peak_2017-02.pdf
Telangana,2017,3,9187.0,9187.0,PSP_Peak_2017-03.pdf
Telangana,2017,4,9009.0,9001.0,PSP_Peak_2017-04.pdf
Telangana,2017,5,7412.0,7396.0,PSP_Peak_2017-05.pdf
Telangana,2017,6,7229.0,7207.0,PSP_Peak_2017-06.pdf
Telangana,2017,7,9334.0,9326.0,PSP_Peak_2017-07.pdf
Telangana,2017,8,9414.0,9397.0,PSP_Peak_2017-08.pdf
Telangana,2017,9,9522.0,9500.0,PSP_Peak_2017-09.pdf
Telangana,2017,10,7557.0,7538.0,PSP_Peak_2017-10.pdf
Telangana,2017,11,7761.0,7750.0,PSP_Peak_2017-11.pdf
Telangana,2017,12,9452.0,9424.0,PSP_Peak_2017-12.pdf
Telangana,2018,1,9417.0,9399.0,PSP_Peak_2018-01.pdf
Telangana,2018,2,10124.0,10109.0,PSP_Peak_2018-02.pdf
Telangana,2018,3,10298.0,10284.0,PSP_Peak_2018-03.pdf
Telangana,2018,4,9125.0,9125.0,PSP_Peak_2018-04.pdf
Telangana,2018,5,7780.0,7752.0,PSP_Peak_2018-05.pdf
Telangana,2018,6,7647.0,7616.0,PSP_Peak_2018-06.pdf
Telangana,2018,7,10429.0,10429.0,PSP_Peak_2018-07.pdf
Telangana,2018,8,10219.0,10198.0,PSP_Peak_2018-08.pdf
Telangana,2018,9,10815.0,10815.0,PSP_Peak_2018-09.pdf
Telangana,2018,10,10611.0,10600.0,PSP_Peak_2018-10.pdf
Telangana,2018,11,9735.0,9735.0,PSP_Peak_2018-11.pdf
Telangana,2018,12,9063.0,9019.0,PSP_Peak_2018-12.pdf
Telangana,2019,1,9323.0,9323.0,PSP_Peak_2019-01.pdf
Telangana,2019,2,10281.0,10196.0,PSP_Peak_2019-02.pdf
Telangana,2019,3,10489.0,10489.0,PSP_Peak_2019-03.pdf
Telangana,2019,4,10269.0,10202.0,PSP_Peak_2019-04.pdf
Telangana,2019,5,8703.0,8684.0,PSP_Peak_2019-05.pdf
Telangana,2019,6,8375.0,8355.0,PSP_Peak_2019-06.pdf
Telangana,2019,7,9472.0,9468.0,PSP_Peak_2019-07.pdf
Telangana,2019,8,11703.0,11703.0,PSP_Peak_2019-08.pdf
Telangana,2019,9,9749.0,9749.0,PSP_Peak_2019-09.pdf
Telangana,2019,10,8532.0,8532.0,PSP_Peak_2019-10.pdf
Telangana,2019,11,9408.0,9408.0,PSP_Peak_2019-11.pdf
Telangana,2019,12,11200.0,11182.0,PSP_Peak_2019-12.pdf
Telangana,2020,1,11378.0,11359.0,PSP_Peak_2020-01.pdf
Telangana,2020,2,13168.0,13168.0,PSP_Peak_2020-02.pdf
Telangana,2020,3,12941.0,12941.0,PSP_Peak_2020-03.pdf
Telangana,2020,4,10014.0,10014.0,PSP_Peak_2020-04.pdf
Telangana,2020,5,9134.0,9114.0,PSP_Peak_2020-05.pdf
Telangana,2020,6,8743.0,8723.0,PSP_Peak_2020-06.pdf
Telangana,2020,7,11188.0,11177.0,PSP_Peak_2020-07.pdf
Telangana,2020,8,12922.0,12908.0,PSP_Peak_2020-08.pdf
Telangana,2020,9,11739.0,11704.0,PSP_Peak_2020-09.pdf
Telangana,2020,10,9824.0,9791.0,PSP_Peak_2020-10.pdf
Telangana,2020,11,7427.0,7427.0,PSP_Peak_2020-11.pdf
Telangana,2020,12,11336.0,11316.0,PSP_Peak_2020-12.pdf
Telangana,2021,1,13252.0,13252.0,PSP_Peak_2021-01.pdf
Telangana,2021,2,13452.0,13452.0,PSP_Peak_2021-02.pdf
Telangana,2021,3,13688.0,13688.0,PSP_Peak_2021-03.pdf
Telangana,2021,4,13622.0,13595.0,PSP_Peak_2021-04.pdf
Telangana,2021,5,8202.0,8202.0,PSP_Peak_2021-05.pdf
Telangana,2021,6,11130.0,11130.0,PSP_Peak_2021-06.pdf
Telangana,2021,7,11512.0,11512.0,PSP_Peak_2021-07.pdf
Telangana,2021,8,12855.0,12855.0,PSP_Peak_2021-08.pdf
Telangana,2021,9,12454.0,12432.0,PSP_Peak_2021-09.pdf
Telangana,2021,10,10763.0,10759.0,PSP_Peak_2021-10.pdf
Telangana,2021,11,8365.0,8353.0,PSP_Peak_2021-11.pdf
Telangana,2021,12,10960.0,10935.0,PSP_Peak_2021-12.pdf
Telangana,2022,1,11897.0,11840.0,PSP_Peak_2022-01.pdf
Telangana,2022,2,13178.0,13178.0,PSP_Peak_2022-02.pdf
Telangana,2022,3,14163.0,14160.0,PSP_Peak_2022-03.pdf
Telangana,2022,4,13636.0,13636.0,PSP_Peak_2022-04.pdf
Telangana,2022,5,10519.0,10519.0,PSP_Peak_2022-05.pdf
Telangana,2022,6,9898.0,9806.0,PSP_Peak_2022-06.pdf
Telangana,2022,7,12468.0,12468.0,PSP_Peak_2022-07.pdf
Telangana,2022,8,13695.0,13079.0,PSP_Peak_2022-08.pdf
Telangana,2022,9,13191.0,13191.0,PSP_Peak_2022-09.pdf
Telangana,2022,10,11847.0,11821.0,PSP_Peak_2022-10.pdf
Telangana,2022,11,9953.0,9953.0,PSP_Peak_2022-11.pdf
Telangana,2022,12,14017.0,14017.0,PSP_Peak_2022-12.pdf
Telangana,2023,1,13906.0,13906.0,PSP_Peak_2023-01.pdf
Telangana,2023,2,14794.0,14794.0,PSP_Peak_2023-02.pdf
Telangana,2023,3,15497.0,15497.0,PSP_Peak_2023-03.pdf
Telangana,2023,4,14591.0,14499.0,PSP_Peak_2023-04.pdf
Telangana,2023,5,9879.0,9867.0,PSP_Peak_2023-05.pdf
Telangana,2023,6,11417.0,11417.0,PSP_Peak_2023-06.pdf
Telangana,2023,7,12610.0,12610.0,PSP_Peak_2023-07.pdf
Telangana,2023,8,14816.0,14816.0,PSP_Peak_2023-08.pdf
Telangana,2023,9,15380.0,15370.0,PSP_Peak_2023-09.pdf
Telangana,2023,10,15266.0,15266.0,PSP_Peak_2023-10.pdf
Telangana,2023,11,11857.0,11857.0,PSP_Peak_2023-11.pdf
Telangana,2023,12,12666.0,12666.0,PSP_Peak_2023-12.pdf
Telangana,2024,1,13810.0,13810.0,PSP_Peak_2024-01.pdf
Telangana,2024,2,15164.0,15164.0,PSP_Peak_2024-02.pdf
Telangana,2024,3,15622.0,15622.0,PSP_Peak_2024-03.pdf
Telangana,2024,4,13916.0,13884.0,PSP_Peak_2024-04.pdf
Telangana,2024,5,11257.0,11257.0,PSP_Peak_2024-05.pdf
Telangana,2024,6,11244.0,11244.0,PSP_Peak_2024-06.pdf
Telangana,2024,7,13541.0,13541.0,PSP_Peak_2024-07.pdf
Telangana,2024,8,15573.0,15573.0,PSP_Peak_2024-08.pdf
Telangana,2024,9,15470.0,15470.0,PSP_Peak_2024-09.pdf
Telangana,2024,10,14003.0,14003.0,PSP_Peak_2024-10.pdf
Telangana,2024,11,11209.0,11180.0,PSP_Peak_2024-11.pdf
Telangana,2024,12,14375.0,14375.0,PSP_Peak_2024-12.pdf
Telangana,2025,1,15205.0,15205.0,PSP_Peak_2025-01.pdf
Telangana,2025,2,16601.0,16601.0,PSP_Peak_2025-02.pdf
Telangana,2025,3,17162.0,17162.0,PSP_Peak_2025-03.pdf
Telangana,2025,4,14925.0,14925.0,PSP_Peak_2025-04.pdf
Telangana,2025,5,10803.0,10803.0,PSP_Peak_2025-05.pdf
Telangana,2025,6,11814.0,11808.0,PSP_Peak_2025-06.pdf
Telangana,2025,7,15443.0,15443.0,PSP_Peak_2025-07.pdf
Telangana,2025,8,16613.0,16613.0,PSP_Peak_2025-08.pdf
Telangana,2025,9,15906.0,15906.0,PSP_Peak_2025-09.pdf
Telangana,2025,10,12998.0,12998.0,PSP_Peak_2025-10.pdf
Telangana,2025,11,11201.0,11188.0,PSP_Peak_2025-11.pdf
Telangana,2025,12,14657.0,14653.0,PSP_Peak_2025-12.pdf
Telangana,2026,1,16048.0,16048.0,PSP_Peak_2026-01.pdf
Telangana,2026,2,17083.0,17083.0,PSP_Peak_2026-02.pdf
Telangana,2026,3,18548.0,18548.0,PSP_Peak_2026-03.pdf
Telangana,2026,4,17005.0,17002.0,PSP_Peak_2026-04.pdf
Telangana,2026,5,12717.0,12706.0,PSP_Peak_2026-05.pdf
Telangana,2026,6,12685.0,12685.0,PSP_Peak_2026-06.pdf
Telangana,2026,7,16658.0,16650.0,PSP_Peak_2026-07.pdf
Telangana,2026,8,17288.0,17263.0,PSP_Peak_2026-08.pdf
Tripura,2015,1,245.0,210.0,PSP_Peak_2015-01.pdf
Tripura,2015,2,235.0,212.0,PSP_Peak_2015-02.pdf
Tripura,2015,3,260.0,233.0,PSP_Peak_2015-03.pdf
Tripura,2015,4,265.0,238.0,PSP_Peak_2015-04.pdf
Tripura,2015,5,300.0,254.0,PSP_Peak_2015-05.pdf
Tripura,2015,6,249.0,249.0,PSP_Peak_2015-06.pdf
Tripura,2015,7,250.0,250.0,PSP_Peak_2015-07.pdf
Tripura,2015,8,262.0,261.0,PSP_Peak_2015-08.pdf
Tripura,2015,9,269.0,268.0,PSP_Peak_2015-09.pdf
Tripura,2015,10,269.0,269.0,PSP_Peak_2015-10.pdf
Tripura,2015,11,243.0,242.0,PSP_Peak_2015-11.pdf
Tripura,2015,12,221.0,221.0,PSP_Peak_2015-12.pdf
Tripura,2016,1,219.0,219.0,PSP_Peak_2016-01.pdf
Tripura,2016,2,227.0,227.0,PSP_Peak_2016-02.pdf
Tripura,2016,3,251.0,248.0,PSP_Peak_2016-03.pdf
Tripura,2016,4,272.0,264.0,PSP_Peak_2016-04.pdf
Tripura,2016,5,252.0,249.0,PSP_Peak_2016-05.pdf
Tripura,2016,7,259.0,258.0,PSP_Peak_2016-07.pdf
Tripura,2016,8,265.0,265.0,PSP_Peak_2016-08.pdf
Tripura,2016,9,277.0,277.0,PSP_Peak_2016-09.pdf
Tripura,2016,10,284.0,284.0,PSP_Peak_2016-10.pdf
Tripura,2016,11,266.0,266.0,PSP_Peak_2016-11.pdf
Tripura,2016,12,230.0,230.0,PSP_Peak_2016-12.pdf
Tripura,2017,1,224.0,223.0,PSP_Peak_2017-01.pdf
Tripura,2017,2,223.0,223.0,PSP_Peak_2017-02.pdf
Tripura,2017,3,228.0,228.0,PSP_Peak_2017-03.pdf
Tripura,2017,4,252.0,252.0,PSP_Peak_2017-04.pdf
Tripura,2017,5,280.0,276.0,PSP_Peak_2017-05.pdf
Tripura,2017,6,304.0,304.0,PSP_Peak_2017-06.pdf
Tripura,2017,7,307.0,302.0,PSP_Peak_2017-07.pdf
Tripura,2017,8,312.0,307.0,PSP_Peak_2017-08.pdf
Tripura,2017,9,342.0,342.0,PSP_Peak_2017-09.pdf
Tripura,2017,10,339.0,327.0,PSP_Peak_2017-10.pdf
Tripura,2017,11,276.0,276.0,PSP_Peak_2017-11.pdf
Tripura,2017,12,259.0,259.0,PSP_Peak_2017-12.pdf
Tripura,2018,1,262.0,262.0,PSP_Peak_2018-01.pdf
Tripura,2018,2,274.0,273.0,PSP_Peak_2018-02.pdf
Tripura,2018,3,293.0,292.0,PSP_Peak_2018-03.pdf
Tripura,2018,4,269.0,265.0,PSP_Peak_2018-04.pdf
Tripura,2018,5,276.0,276.0,PSP_Peak_2018-05.pdf
Tripura,2018,6,281.0,276.0,PSP_Peak_2018-06.pdf
Tripura,2018,7,298.0,288.0,PSP_Peak_2018-07.pdf
Tripura,2018,8,292.0,287.0,PSP_Peak_2018-08.pdf
Tripura,2018,9,296.0,293.0,PSP_Peak_2018-09.pdf
Tripura,2018,10,269.0,269.0,PSP_Peak_2018-10.pdf
Tripura,2018,11,259.0,258.0,PSP_Peak_2018-11.pdf
Tripura,2018,12,240.0,228.0,PSP_Peak_2018-12.pdf
Tripura,2019,1,224.0,223.0,PSP_Peak_2019-01.pdf
Tripura,2019,2,231.0,231.0,PSP_Peak_2019-02.pdf
Tripura,2019,3,249.0,249.0,PSP_Peak_2019-03.pdf
Tripura,2019,4,292.0,291.0,PSP_Peak_2019-04.pdf
Tripura,2019,5,297.0,295.0,PSP_Peak_2019-05.pdf
Tripura,2019,6,320.0,311.0,PSP_Peak_2019-06.pdf
Tripura,2019,7,298.0,297.0,PSP_Peak_2019-07.pdf
Tripura,2019,8,301.0,300.0,PSP_Peak_2019-08.pdf
Tripura,2019,9,299.0,298.0,PSP_Peak_2019-09.pdf
Tripura,2019,10,291.0,291.0,PSP_Peak_2019-10.pdf
Tripura,2019,11,258.0,257.0,PSP_Peak_2019-11.pdf
Tripura,2019,12,224.0,224.0,PSP_Peak_2019-12.pdf
Tripura,2020,1,229.0,229.0,PSP_Peak_2020-01.pdf
Tripura,2020,2,222.0,222.0,PSP_Peak_2020-02.pdf
Tripura,2020,3,254.0,252.0,PSP_Peak_2020-03.pdf
Tripura,2020,4,259.0,259.0,PSP_Peak_2020-04.pdf
Tripura,2020,5,284.0,284.0,PSP_Peak_2020-05.pdf
Tripura,2020,6,287.0,287.0,PSP_Peak_2020-06.pdf
Tripura,2020,7,288.0,288.0,PSP_Peak_2020-07.pdf
Tripura,2020,8,301.0,301.0,PSP_Peak_2020-08.pdf
Tripura,2020,9,317.0,315.0,PSP_Peak_2020-09.pdf
Tripura,2020,10,314.0,314.0,PSP_Peak_2020-10.pdf
Tripura,2020,11,270.0,270.0,PSP_Peak_2020-11.pdf
Tripura,2020,12,239.0,239.0,PSP_Peak_2020-12.pdf
Tripura,2021,1,228.0,228.0,PSP_Peak_2021-01.pdf
Tripura,2021,2,241.0,241.0,PSP_Peak_2021-02.pdf
Tripura,2021,3,256.0,256.0,PSP_Peak_2021-03.pdf
Tripura,2021,4,300.0,300.0,PSP_Peak_2021-04.pdf
Tripura,2021,5,307.0,306.0,PSP_Peak_2021-05.pdf
Tripura,2021,6,287.0,287.0,PSP_Peak_2021-06.pdf
Tripura,2021,7,297.0,296.0,PSP_Peak_2021-07.pdf
Tripura,2021,8,303.0,303.0,PSP_Peak_2021-08.pdf
Tripura,2021,9,305.0,305.0,PSP_Peak_2021-09.pdf
Tripura,2021,10,328.0,327.0,PSP_Peak_2021-10.pdf
Tripura,2021,11,253.0,253.0,PSP_Peak_2021-11.pdf
Tripura,2021,12,227.0,227.0,PSP_Peak_2021-12.pdf
Tripura,2022,1,224.0,224.0,PSP_Peak_2022-01.pdf
Tripura,2022,2,227.0,227.0,PSP_Peak_2022-02.pdf
Tripura,2022,3,286.0,285.0,PSP_Peak_2022-03.pdf
Tripura,2022,4,316.0,316.0,PSP_Peak_2022-04.pdf
Tripura,2022,5,303.0,303.0,PSP_Peak_2022-05.pdf
Tripura,2022,6,306.0,306.0,PSP_Peak_2022-06.pdf
Tripura,2022,7,319.0,319.0,PSP_Peak_2022-07.pdf
Tripura,2022,8,324.0,324.0,PSP_Peak_2022-08.pdf
Tripura,2022,9,333.0,333.0,PSP_Peak_2022-09.pdf
Tripura,2022,10,321.0,321.0,PSP_Peak_2022-10.pdf
Tripura,2022,11,282.0,282.0,PSP_Peak_2022-11.pdf
Tripura,2022,12,241.0,241.0,PSP_Peak_2022-12.pdf
Tripura,2023,1,249.0,248.0,PSP_Peak_2023-01.pdf
Tripura,2023,2,252.0,252.0,PSP_Peak_2023-02.pdf
Tripura,2023,3,264.0,264.0,PSP_Peak_2023-03.pdf
Tripura,2023,4,338.0,338.0,PSP_Peak_2023-04.pdf
Tripura,2023,5,345.0,345.0,PSP_Peak_2023-05.pdf
Tripura,2023,6,362.0,362.0,PSP_Peak_2023-06.pdf
Tripura,2023,7,343.0,343.0,PSP_Peak_2023-07.pdf
Tripura,2023,8,330.0,330.0,PSP_Peak_2023-08.pdf
Tripura,2023,9,346.0,344.0,PSP_Peak_2023-09.pdf
Tripura,2023,10,349.0,349.0,PSP_Peak_2023-10.pdf
Tripura,2023,11,303.0,299.0,PSP_Peak_2023-11.pdf
Tripura,2023,12,240.0,239.0,PSP_Peak_2023-12.pdf
Tripura,2024,1,354.0,354.0,PSP_Peak_2024-01.pdf
Tripura,2024,2,262.0,261.0,PSP_Peak_2024-02.pdf
Tripura,2024,3,288.0,288.0,PSP_Peak_2024-03.pdf
Tripura,2024,4,363.0,363.0,PSP_Peak_2024-04.pdf
Tripura,2024,5,386.0,386.0,PSP_Peak_2024-05.pdf
Tripura,2024,6,353.0,353.0,PSP_Peak_2024-06.pdf
Tripura,2024,7,359.0,359.0,PSP_Peak_2024-07.pdf
Tripura,2024,8,344.0,341.0,PSP_Peak_2024-08.pdf
Tripura,2024,9,376.0,376.0,PSP_Peak_2024-09.pdf
Tripura,2024,10,333.0,333.0,PSP_Peak_2024-10.pdf
Tripura,2024,11,310.0,310.0,PSP_Peak_2024-11.pdf
Tripura,2024,12,239.0,239.0,PSP_Peak_2024-12.pdf
Tripura,2025,1,234.0,234.0,PSP_Peak_2025-01.pdf
Tripura,2025,2,252.0,252.0,PSP_Peak_2025-02.pdf
Tripura,2025,3,318.0,317.0,PSP_Peak_2025-03.pdf
Tripura,2025,4,335.0,334.0,PSP_Peak_2025-04.pdf
Tripura,2025,5,348.0,347.0,PSP_Peak_2025-05.pdf
Tripura,2025,6,366.0,366.0,PSP_Peak_2025-06.pdf
Tripura,2025,7,374.0,374.0,PSP_Peak_2025-07.pdf
Tripura,2025,8,362.0,362.0,PSP_Peak_2025-08.pdf
Tripura,2025,9,377.0,377.0,PSP_Peak_2025-09.pdf
Tripura,2025,10,347.0,347.0,PSP_Peak_2025-10.pdf
Tripura,2025,11,311.0,310.0,PSP_Peak_2025-11.pdf
Tripura,2025,12,241.0,240.0,PSP_Peak_2025-12.pdf
Tripura,2026,1,237.0,237.0,PSP_Peak_2026-01.pdf
Tripura,2026,2,246.0,246.0,PSP_Peak_2026-02.pdf
Tripura,2026,3,289.0,289.0,PSP_Peak_2026-03.pdf
Tripura,2026,4,366.0,366.0,PSP_Peak_2026-04.pdf
Tripura,2026,5,355.0,355.0,PSP_Peak_2026-05.pdf
Tripura,2026,6,366.0,366.0,PSP_Peak_2026-06.pdf
Tripura,2026,7,372.0,372.0,PSP_Peak_2026-07.pdf
Tripura,2026,8,371.0,371.0,PSP_Peak_2026-08.pdf
Uttar Pradesh,2015,1,12024.0,11644.0,PSP_Peak_2015-01.pdf
Uttar Pradesh,2015,2,12362.0,11387.0,PSP_Peak_2015-02.pdf
Uttar Pradesh,2015,3,12400.0,12040.0,PSP_Peak_2015-03.pdf
Uttar Pradesh,2015,4,12967.0,12347.0,PSP_Peak_2015-04.pdf
Uttar Pradesh,2015,5,14696.0,12991.0,PSP_Peak_2015-05.pdf
Uttar Pradesh,2015,6,15391.0,13521.0,PSP_Peak_2015-06.pdf
Uttar Pradesh,2015,7,16438.0,13373.0,PSP_Peak_2015-07.pdf
Uttar Pradesh,2015,8,16872.0,12929.0,PSP_Peak_2015-08.pdf
Uttar Pradesh,2015,9,16988.0,13493.0,PSP_Peak_2015-09.pdf
Uttar Pradesh,2015,10,16759.0,13134.0,PSP_Peak_2015-10.pdf
Uttar Pradesh,2015,11,14682.0,14503.0,PSP_Peak_2015-11.pdf
Uttar Pradesh,2015,12,13763.0,11991.0,PSP_Peak_2015-12.pdf
Uttar Pradesh,2016,1,13862.0,11625.0,PSP_Peak_2016-01.pdf
Uttar Pradesh,2016,2,13463.0,12558.0,PSP_Peak_2016-02.pdf
Uttar Pradesh,2016,3,14595.0,13964.0,PSP_Peak_2016-03.pdf
Uttar Pradesh,2016,4,16341.0,14197.0,PSP_Peak_2016-04.pdf
Uttar Pradesh,2016,5,16498.0,14970.0,PSP_Peak_2016-05.pdf
Uttar Pradesh,2016,7,16123.0,15154.0,PSP_Peak_2016-07.pdf
Uttar Pradesh,2016,8,15614.0,14690.0,PSP_Peak_2016-08.pdf
Uttar Pradesh,2016,9,17183.0,15457.0,PSP_Peak_2016-09.pdf
Uttar Pradesh,2016,10,15673.0,15398.0,PSP_Peak_2016-10.pdf
Uttar Pradesh,2016,11,14424.0,14424.0,PSP_Peak_2016-11.pdf
Uttar Pradesh,2016,12,13748.0,13673.0,PSP_Peak_2016-12.pdf
Uttar Pradesh,2017,1,14344.0,14344.0,PSP_Peak_2017-01.pdf
Uttar Pradesh,2017,2,14133.0,14133.0,PSP_Peak_2017-02.pdf
Uttar Pradesh,2017,3,16110.0,16110.0,PSP_Peak_2017-03.pdf
Uttar Pradesh,2017,4,17332.0,17332.0,PSP_Peak_2017-04.pdf
Uttar Pradesh,2017,5,18646.0,17819.0,PSP_Peak_2017-05.pdf
Uttar Pradesh,2017,6,18827.0,18061.0,PSP_Peak_2017-06.pdf
Uttar Pradesh,2017,7,18704.0,17394.0,PSP_Peak_2017-07.pdf
Uttar Pradesh,2017,8,20274.0,17719.0,PSP_Peak_2017-08.pdf
Uttar Pradesh,2017,9,20007.0,17902.0,PSP_Peak_2017-09.pdf
Uttar Pradesh,2017,10,17966.0,17966.0,PSP_Peak_2017-10.pdf
Uttar Pradesh,2017,11,14292.0,13247.0,PSP_Peak_2017-11.pdf
Uttar Pradesh,2017,12,14762.0,14427.0,PSP_Peak_2017-12.pdf
Uttar Pradesh,2018,1,15104.0,14989.0,PSP_Peak_2018-01.pdf
Uttar Pradesh,2018,2,15388.0,15015.0,PSP_Peak_2018-02.pdf
Uttar Pradesh,2018,3,15789.0,15223.0,PSP_Peak_2018-03.pdf
Uttar Pradesh,2018,4,16945.0,16697.0,PSP_Peak_2018-04.pdf
Uttar Pradesh,2018,5,19456.0,19284.0,PSP_Peak_2018-05.pdf
Uttar Pradesh,2018,6,20498.0,20062.0,PSP_Peak_2018-06.pdf
Uttar Pradesh,2018,7,19880.0,19353.0,PSP_Peak_2018-07.pdf
Uttar Pradesh,2018,8,19086.0,19086.0,PSP_Peak_2018-08.pdf
Uttar Pradesh,2018,9,18346.0,18121.0,PSP_Peak_2018-09.pdf
Uttar Pradesh,2018,10,17434.0,16745.0,PSP_Peak_2018-10.pdf
Uttar Pradesh,2018,11,15627.0,15627.0,PSP_Peak_2018-11.pdf
Uttar Pradesh,2018,12,14706.0,14706.0,PSP_Peak_2018-12.pdf
Uttar Pradesh,2019,1,14928.0,14928.0,PSP_Peak_2019-01.pdf
Uttar Pradesh,2019,2,14908.0,14908.0,PSP_Peak_2019-02.pdf
Uttar Pradesh,2019,3,16220.0,16220.0,PSP_Peak_2019-03.pdf
Uttar Pradesh,2019,4,19935.0,19935.0,PSP_Peak_2019-04.pdf
Uttar Pradesh,2019,5,22487.0,22057.0,PSP_Peak_2019-05.pdf
Uttar Pradesh,2019,6,21988.0,21407.0,PSP_Peak_2019-06.pdf
Uttar Pradesh,2019,7,22599.0,21254.0,PSP_Peak_2019-07.pdf
Uttar Pradesh,2019,8,21812.0,21632.0,PSP_Peak_2019-08.pdf
Uttar Pradesh,2019,9,21895.0,21419.0,PSP_Peak_2019-09.pdf
Uttar Pradesh,2019,10,17707.0,17347.0,PSP_Peak_2019-10.pdf
Uttar Pradesh,2019,11,1818.0,1818.0,PSP_Peak_2019-11.pdf
Uttar Pradesh,2019,12,2233.0,2233.0,PSP_Peak_2019-12.pdf
Uttar Pradesh,2020,1,2208.0,2208.0,PSP_Peak_2020-01.pdf
Uttar Pradesh,2020,2,2233.0,2233.0,PSP_Peak_2020-02.pdf
Uttar Pradesh,2020,3,1892.0,1892.0,PSP_Peak_2020-03.pdf
Uttar Pradesh,2020,4,1233.0,1233.0,PSP_Peak_2020-04.pdf
Uttar Pradesh,2020,5,1797.0,1797.0,PSP_Peak_2020-05.pdf
Uttar Pradesh,2020,6,1942.0,1942.0,PSP_Peak_2020-06.pdf
Uttar Pradesh,2020,7,2030.0,2030.0,PSP_Peak_2020-07.pdf
Uttar Pradesh,2020,8,1997.0,1997.0,PSP_Peak_2020-08.pdf
Uttar Pradesh,2020,9,2076.0,2076.0,PSP_Peak_2020-09.pdf
Uttar Pradesh,2020,10,1917.0,1917.0,PSP_Peak_2020-10.pdf
Uttar Pradesh,2020,11,1988.0,1988.0,PSP_Peak_2020-11.pdf
Uttar Pradesh,2020,12,2287.0,2287.0,PSP_Peak_2020-12.pdf
Uttar Pradesh,2021,1,2372.0,2372.0,PSP_Peak_2021-01.pdf
Uttar Pradesh,2021,2,2340.0,2340.0,PSP_Peak_2021-02.pdf
Uttar Pradesh,2021,3,2068.0,2068.0,PSP_Peak_2021-03.pdf
Uttar Pradesh,2021,4,1917.0,1917.0,PSP_Peak_2021-04.pdf
Uttar Pradesh,2021,5,1798.0,1798.0,PSP_Peak_2021-05.pdf
Uttar Pradesh,2021,6,2189.0,2189.0,PSP_Peak_2021-06.pdf
Uttar Pradesh,2021,7,2269.0,2269.0,PSP_Peak_2021-07.pdf
Uttar Pradesh,2021,8,2269.0,2269.0,PSP_Peak_2021-08.pdf
Uttar Pradesh,2021,9,2074.0,2074.0,PSP_Peak_2021-09.pdf
Uttar Pradesh,2021,10,2066.0,2066.0,PSP_Peak_2021-10.pdf
Uttar Pradesh,2021,11,1967.0,1967.0,PSP_Peak_2021-11.pdf
Uttar Pradesh,2021,12,2318.0,2318.0,PSP_Peak_2021-12.pdf
Uttar Pradesh,2022,1,2468.0,2468.0,PSP_Peak_2022-01.pdf
Uttar Pradesh,2022,2,2379.0,2379.0,PSP_Peak_2022-02.pdf
Uttar Pradesh,2022,3,2162.0,2162.0,PSP_Peak_2022-03.pdf
Uttar Pradesh,2022,4,2329.0,2329.0,PSP_Peak_2022-04.pdf
Uttar Pradesh,2022,5,2354.0,2354.0,PSP_Peak_2022-05.pdf
Uttar Pradesh,2022,6,2594.0,2594.0,PSP_Peak_2022-06.pdf
Uttar Pradesh,2022,7,2342.0,2342.0,PSP_Peak_2022-07.pdf
Uttar Pradesh,2022,8,2339.0,2339.0,PSP_Peak_2022-08.pdf
Uttar Pradesh,2022,9,2313.0,2313.0,PSP_Peak_2022-09.pdf
Uttar Pradesh,2022,10,2092.0,2092.0,PSP_Peak_2022-10.pdf
Uttar Pradesh,2022,11,2141.0,2141.0,PSP_Peak_2022-11.pdf
Uttar Pradesh,2022,12,2374.0,2224.0,PSP_Peak_2022-12.pdf
Uttar Pradesh,2023,1,2492.0,2492.0,PSP_Peak_2023-01.pdf
Uttar Pradesh,2023,2,2368.0,2218.0,PSP_Peak_2023-02.pdf
Uttar Pradesh,2023,3,2185.0,2185.0,PSP_Peak_2023-03.pdf
Uttar Pradesh,2023,4,2228.0,2228.0,PSP_Peak_2023-04.pdf
Uttar Pradesh,2023,5,2415.0,2415.0,PSP_Peak_2023-05.pdf
Uttar Pradesh,2023,6,2536.0,2436.0,PSP_Peak_2023-06.pdf
Uttar Pradesh,2023,7,2298.0,2223.0,PSP_Peak_2023-07.pdf
Uttar Pradesh,2023,8,2303.0,2228.0,PSP_Peak_2023-08.pdf
Uttar Pradesh,2023,9,2368.0,2293.0,PSP_Peak_2023-09.pdf
Uttar Pradesh,2023,10,2259.0,2259.0,PSP_Peak_2023-10.pdf
Uttar Pradesh,2023,11,2141.0,2141.0,PSP_Peak_2023-11.pdf
Uttar Pradesh,2023,12,2417.0,2417.0,PSP_Peak_2023-12.pdf
Uttar Pradesh,2024,1,2635.0,2405.0,PSP_Peak_2024-01.pdf
Uttar Pradesh,2024,2,2523.0,2328.0,PSP_Peak_2024-02.pdf
Uttar Pradesh,2024,3,2260.0,2260.0,PSP_Peak_2024-03.pdf
Uttar Pradesh,2024,4,2357.0,2357.0,PSP_Peak_2024-04.pdf
Uttar Pradesh,2024,5,2781.0,2781.0,PSP_Peak_2024-05.pdf
Uttar Pradesh,2024,6,2863.0,2863.0,PSP_Peak_2024-06.pdf
Uttar Pradesh,2024,7,2545.0,2545.0,PSP_Peak_2024-07.pdf
Uttar Pradesh,2024,8,2482.0,2452.0,PSP_Peak_2024-08.pdf
Uttar Pradesh,2024,9,2564.0,2489.0,PSP_Peak_2024-09.pdf
Uttar Pradesh,2024,10,2412.0,2412.0,PSP_Peak_2024-10.pdf
Uttar Pradesh,2024,11,2249.0,2249.0,PSP_Peak_2024-11.pdf
Uttar Pradesh,2024,12,2504.0,2504.0,PSP_Peak_2024-12.pdf
Uttar Pradesh,2025,1,2568.0,2568.0,PSP_Peak_2025-01.pdf
Uttar Pradesh,2025,2,2477.0,2477.0,PSP_Peak_2025-02.pdf
Uttar Pradesh,2025,3,2202.0,2202.0,PSP_Peak_2025-03.pdf
Uttar Pradesh,2025,4,26278.0,26278.0,PSP_Peak_2025-04.pdf
Uttar Pradesh,2025,5,2668.0,2668.0,PSP_Peak_2025-05.pdf
Uttar Pradesh,2025,6,2910.0,2910.0,PSP_Peak_2025-06.pdf
Uttar Pradesh,2025,7,2673.0,2673.0,PSP_Peak_2025-07.pdf
Uttar Pradesh,2025,8,2510.0,2355.0,PSP_Peak_2025-08.pdf
Uttar Pradesh,2025,9,2677.0,2677.0,PSP_Peak_2025-09.pdf
Uttar Pradesh,2025,10,2466.0,2466.0,PSP_Peak_2025-10.pdf
Uttar Pradesh,2025,11,2297.0,2297.0,PSP_Peak_2025-11.pdf
Uttar Pradesh,2025,12,2631.0,2631.0,PSP_Peak_2025-12.pdf
Uttar Pradesh,2026,1,2766.0,2766.0,PSP_Peak_2026-01.pdf
Uttar Pradesh,2026,2,2594.0,2594.0,PSP_Peak_2026-02.pdf
Uttar Pradesh,2026,3,2315.0,2315.0,PSP_Peak_2026-03.pdf
Uttar Pradesh,2026,4,2691.0,2536.0,PSP_Peak_2026-04.pdf
Uttar Pradesh,2026,5,2982.0,2982.0,PSP_Peak_2026-05.pdf
Uttar Pradesh,2026,7,2976.0,2821.0,PSP_Peak_2026-07.pdf
Uttar Pradesh,2026,8,2879.0,2499.0,PSP_Peak_2026-08.pdf
Uttarakhand,2015,1,1930.0,1930.0,PSP_Peak_2015-01.pdf
Uttarakhand,2015,2,1910.0,1910.0,PSP_Peak_2015-02.pdf
Uttarakhand,2015,3,1751.0,1751.0,PSP_Peak_2015-03.pdf
Uttarakhand,2015,4,1837.0,1762.0,PSP_Peak_2015-04.pdf
Uttarakhand,2015,5,1965.0,1925.0,PSP_Peak_2015-05.pdf
Uttarakhand,2015,6,1986.0,1946.0,PSP_Peak_2015-06.pdf
Uttarakhand,2015,7,1948.0,1948.0,PSP_Peak_2015-07.pdf
Uttarakhand,2015,8,1928.0,1853.0,PSP_Peak_2015-08.pdf
Uttarakhand,2015,9,1948.0,1948.0,PSP_Peak_2015-09.pdf
Uttarakhand,2015,10,1865.0,1865.0,PSP_Peak_2015-10.pdf
Uttarakhand,2015,11,1805.0,1805.0,PSP_Peak_2015-11.pdf
Uttarakhand,2015,12,2025.0,2025.0,PSP_Peak_2015-12.pdf
Uttarakhand,2016,1,2034.0,2034.0,PSP_Peak_2016-01.pdf
Uttarakhand,2016,2,1964.0,1964.0,PSP_Peak_2016-02.pdf
Uttarakhand,2016,3,1817.0,1817.0,PSP_Peak_2016-03.pdf
Uttarakhand,2016,4,1911.0,1911.0,PSP_Peak_2016-04.pdf
Uttarakhand,2016,5,2013.0,1938.0,PSP_Peak_2016-05.pdf
Uttarakhand,2016,7,1972.0,1907.0,PSP_Peak_2016-07.pdf
Uttarakhand,2016,8,1963.0,1888.0,PSP_Peak_2016-08.pdf
Uttarakhand,2016,9,1942.0,1942.0,PSP_Peak_2016-09.pdf
Uttarakhand,2016,10,1972.0,1972.0,PSP_Peak_2016-10.pdf
Uttarakhand,2016,11,1785.0,1785.0,PSP_Peak_2016-11.pdf
Uttarakhand,2016,12,1857.0,1857.0,PSP_Peak_2016-12.pdf
Uttarakhand,2017,1,2037.0,2037.0,PSP_Peak_2017-01.pdf
Uttarakhand,2017,2,1973.0,1973.0,PSP_Peak_2017-02.pdf
Uttarakhand,2017,3,1843.0,1843.0,PSP_Peak_2017-03.pdf
Uttarakhand,2017,4,1917.0,1917.0,PSP_Peak_2017-04.pdf
Uttarakhand,2017,5,1992.0,1992.0,PSP_Peak_2017-05.pdf
Uttarakhand,2017,6,2027.0,2027.0,PSP_Peak_2017-06.pdf
Uttarakhand,2017,7,1971.0,1971.0,PSP_Peak_2017-07.pdf
Uttarakhand,2017,8,1987.0,1987.0,PSP_Peak_2017-08.pdf
Uttarakhand,2017,9,2033.0,2033.0,PSP_Peak_2017-09.pdf
Uttarakhand,2017,10,1920.0,1920.0,PSP_Peak_2017-10.pdf
Uttarakhand,2017,11,1886.0,1886.0,PSP_Peak_2017-11.pdf
Uttarakhand,2017,12,2025.0,2025.0,PSP_Peak_2017-12.pdf
Uttarakhand,2018,1,2149.0,2149.0,PSP_Peak_2018-01.pdf
Uttarakhand,2018,2,2134.0,2134.0,PSP_Peak_2018-02.pdf
Uttarakhand,2018,3,1886.0,1886.0,PSP_Peak_2018-03.pdf
Uttarakhand,2018,4,1953.0,1953.0,PSP_Peak_2018-04.pdf
Uttarakhand,2018,5,2097.0,2097.0,PSP_Peak_2018-05.pdf
Uttarakhand,2018,6,2134.0,2134.0,PSP_Peak_2018-06.pdf
Uttarakhand,2018,7,2143.0,2143.0,PSP_Peak_2018-07.pdf
Uttarakhand,2018,8,2096.0,2096.0,PSP_Peak_2018-08.pdf
Uttarakhand,2018,9,1996.0,1996.0,PSP_Peak_2018-09.pdf
Uttarakhand,2018,10,1943.0,1943.0,PSP_Peak_2018-10.pdf
Uttarakhand,2018,11,1897.0,1897.0,PSP_Peak_2018-11.pdf
Uttarakhand,2018,12,2158.0,2158.0,PSP_Peak_2018-12.pdf
Uttarakhand,2019,1,2216.0,2216.0,PSP_Peak_2019-01.pdf
Uttarakhand,2019,2,2182.0,2182.0,PSP_Peak_2019-02.pdf
Uttarakhand,2019,3,2002.0,2002.0,PSP_Peak_2019-03.pdf
Uttarakhand,2019,4,1922.0,1922.0,PSP_Peak_2019-04.pdf
Uttarakhand,2019,5,2155.0,2155.0,PSP_Peak_2019-05.pdf
Uttarakhand,2019,6,2164.0,2164.0,PSP_Peak_2019-06.pdf
Uttarakhand,2019,7,2158.0,2158.0,PSP_Peak_2019-07.pdf
Uttarakhand,2019,8,2077.0,2077.0,PSP_Peak_2019-08.pdf
Uttarakhand,2019,9,2048.0,2048.0,PSP_Peak_2019-09.pdf
Uttarakhand,2019,10,1797.0,1797.0,PSP_Peak_2019-10.pdf
Uttarakhand,2019,11,44755.0,44189.0,PSP_Peak_2019-11.pdf
Uttarakhand,2019,12,52234.0,51159.0,PSP_Peak_2019-12.pdf
Uttarakhand,2020,1,51338.0,50780.0,PSP_Peak_2020-01.pdf
Uttarakhand,2020,2,51107.0,50519.0,PSP_Peak_2020-02.pdf
Uttarakhand,2020,3,46133.0,45531.0,PSP_Peak_2020-03.pdf
Uttarakhand,2020,4,41228.0,40680.0,PSP_Peak_2020-04.pdf
Uttarakhand,2020,5,57116.0,56620.0,PSP_Peak_2020-05.pdf
Uttarakhand,2020,6,65336.0,64885.0,PSP_Peak_2020-06.pdf
Uttarakhand,2020,7,68288.0,67578.0,PSP_Peak_2020-07.pdf
Uttarakhand,2020,8,64836.0,64836.0,PSP_Peak_2020-08.pdf
Uttarakhand,2020,9,67891.0,67806.0,PSP_Peak_2020-09.pdf
Uttarakhand,2020,10,58213.0,57975.0,PSP_Peak_2020-10.pdf
Uttarakhand,2020,11,48652.0,48083.0,PSP_Peak_2020-11.pdf
Uttarakhand,2020,12,56500.0,55345.0,PSP_Peak_2020-12.pdf
Uttarakhand,2021,1,57013.0,56513.0,PSP_Peak_2021-01.pdf
Uttarakhand,2021,2,57013.0,56513.0,PSP_Peak_2021-02.pdf
Uttarakhand,2021,3,53076.0,52576.0,PSP_Peak_2021-03.pdf
Uttarakhand,2021,4,52202.0,51852.0,PSP_Peak_2021-04.pdf
Uttarakhand,2021,5,53035.0,52885.0,PSP_Peak_2021-05.pdf
Uttarakhand,2021,6,73116.0,70691.0,PSP_Peak_2021-06.pdf
Uttarakhand,2021,7,73305.0,72935.0,PSP_Peak_2021-07.pdf
Uttarakhand,2021,8,73305.0,72935.0,PSP_Peak_2021-08.pdf
Uttarakhand,2021,9,63731.0,63326.0,PSP_Peak_2021-09.pdf
Uttarakhand,2021,10,58641.0,57491.0,PSP_Peak_2021-10.pdf
Uttarakhand,2021,11,50344.0,49319.0,PSP_Peak_2021-11.pdf
Uttarakhand,2021,12,55696.0,55546.0,PSP_Peak_2021-12.pdf
Uttarakhand,2022,1,56363.0,56213.0,PSP_Peak_2022-01.pdf
Uttarakhand,2022,2,56363.0,56213.0,PSP_Peak_2022-02.pdf
Uttarakhand,2022,3,54940.0,53577.0,PSP_Peak_2022-03.pdf
Uttarakhand,2022,4,63270.0,62217.0,PSP_Peak_2022-04.pdf
Uttarakhand,2022,5,68399.0,68399.0,PSP_Peak_2022-05.pdf
Uttarakhand,2022,6,77337.0,76561.0,PSP_Peak_2022-06.pdf
Uttarakhand,2022,7,74748.0,74143.0,PSP_Peak_2022-07.pdf
Uttarakhand,2022,8,74748.0,74143.0,PSP_Peak_2022-08.pdf
Uttarakhand,2022,9,76474.0,75674.0,PSP_Peak_2022-09.pdf
Uttarakhand,2022,10,60710.0,60710.0,PSP_Peak_2022-10.pdf
Uttarakhand,2022,11,54006.0,54006.0,PSP_Peak_2022-11.pdf
Uttarakhand,2022,12,59995.0,59004.0,PSP_Peak_2022-12.pdf
Uttarakhand,2023,1,63621.0,63236.0,PSP_Peak_2023-01.pdf
Uttarakhand,2023,2,59194.0,59101.0,PSP_Peak_2023-02.pdf
Uttarakhand,2023,3,56200.0,56004.0,PSP_Peak_2023-03.pdf
Uttarakhand,2023,4,61740.0,60996.0,PSP_Peak_2023-04.pdf
Uttarakhand,2023,5,72625.0,72625.0,PSP_Peak_2023-05.pdf
Uttarakhand,2023,6,77341.0,77341.0,PSP_Peak_2023-06.pdf
Uttarakhand,2023,7,77145.0,77145.0,PSP_Peak_2023-07.pdf
Uttarakhand,2023,8,80980.0,80548.0,PSP_Peak_2023-08.pdf
Uttarakhand,2023,9,80680.0,80500.0,PSP_Peak_2023-09.pdf
Uttarakhand,2023,10,67382.0,67025.0,PSP_Peak_2023-10.pdf
Uttarakhand,2023,11,56366.0,56126.0,PSP_Peak_2023-11.pdf
Uttarakhand,2023,12,61380.0,61380.0,PSP_Peak_2023-12.pdf
Uttarakhand,2024,1,208.0,208.0,PSP_Peak_2024-01.pdf
Uttarakhand,2024,2,63481.0,63481.0,PSP_Peak_2024-02.pdf
Uttarakhand,2024,3,60002.0,60002.0,PSP_Peak_2024-03.pdf
Uttarakhand,2024,4,62884.0,62884.0,PSP_Peak_2024-04.pdf
Uttarakhand,2024,5,86305.0,86305.0,PSP_Peak_2024-05.pdf
Uttarakhand,2024,6,91592.0,90747.0,PSP_Peak_2024-06.pdf
Uttarakhand,2024,7,87468.0,87320.0,PSP_Peak_2024-07.pdf
Uttarakhand,2024,8,77380.0,77099.0,PSP_Peak_2024-08.pdf
Uttarakhand,2024,9,80678.0,80678.0,PSP_Peak_2024-09.pdf
Uttarakhand,2024,10,73686.0,73686.0,PSP_Peak_2024-10.pdf
Uttarakhand,2024,11,61028.0,60956.0,PSP_Peak_2024-11.pdf
Uttarakhand,2024,12,68491.0,68491.0,PSP_Peak_2024-12.pdf
Uttarakhand,2025,1,228.0,228.0,PSP_Peak_2025-01.pdf
Uttarakhand,2025,2,68573.0,68573.0,PSP_Peak_2025-02.pdf
Uttarakhand,2025,3,65384.0,65384.0,PSP_Peak_2025-03.pdf
Uttarakhand,2025,4,2460.0,2305.0,PSP_Peak_2025-04.pdf
Uttarakhand,2025,5,82387.0,81787.0,PSP_Peak_2025-05.pdf
Uttarakhand,2025,6,91335.0,90772.0,PSP_Peak_2025-06.pdf
Uttarakhand,2025,7,81583.0,81583.0,PSP_Peak_2025-07.pdf
Uttarakhand,2025,8,80688.0,80688.0,PSP_Peak_2025-08.pdf
Uttarakhand,2025,9,81539.0,81539.0,PSP_Peak_2025-09.pdf
Uttarakhand,2025,10,74215.0,74215.0,PSP_Peak_2025-10.pdf
Uttarakhand,2025,11,63755.0,63755.0,PSP_Peak_2025-11.pdf
Uttarakhand,2025,12,71633.0,71633.0,PSP_Peak_2025-12.pdf
Uttarakhand,2026,1,234.0,234.0,PSP_Peak_2026-01.pdf
Uttarakhand,2026,2,227.0,227.0,PSP_Peak_2026-02.pdf
Uttarakhand,2026,3,246.0,246.0,PSP_Peak_2026-03.pdf
Uttarakhand,2026,4,234.0,234.0,PSP_Peak_2026-04.pdf
Uttarakhand,2026,5,87675.0,87675.0,PSP_Peak_2026-05.pdf
Uttarakhand,2026,7,95048.0,95048.0,PSP_Peak_2026-07.pdf
Uttarakhand,2026,8,239.0,239.0,PSP_Peak_2026-08.pdf
West Bengal,2015,1,6332.0,6317.0,PSP_Peak_2015-01.pdf
West Bengal,2015,2,6736.0,6721.0,PSP_Peak_2015-02.pdf
West Bengal,2015,3,7347.0,7332.0,PSP_Peak_2015-03.pdf
West Bengal,2015,4,7532.0,7517.0,PSP_Peak_2015-04.pdf
West Bengal,2015,5,7644.0,7629.0,PSP_Peak_2015-05.pdf
West Bengal,2015,6,7873.0,7853.0,PSP_Peak_2015-06.pdf
West Bengal,2015,7,7621.0,7601.0,PSP_Peak_2015-07.pdf
West Bengal,2015,8,7397.0,7355.0,PSP_Peak_2015-08.pdf
West Bengal,2015,9,7702.0,7659.0,PSP_Peak_2015-09.pdf
West Bengal,2015,10,7798.0,7755.0,PSP_Peak_2015-10.pdf
West Bengal,2015,11,6935.0,6935.0,PSP_Peak_2015-11.pdf
West Bengal,2015,12,6483.0,6478.0,PSP_Peak_2015-12.pdf
West Bengal,2016,1,6261.0,6240.0,PSP_Peak_2016-01.pdf
West Bengal,2016,2,6887.0,6858.0,PSP_Peak_2016-02.pdf
West Bengal,2016,3,7491.0,7443.0,PSP_Peak_2016-03.pdf
West Bengal,2016,4,7649.0,7602.0,PSP_Peak_2016-04.pdf
West Bengal,2016,5,7665.0,7641.0,PSP_Peak_2016-05.pdf
West Bengal,2016,6,7564.0,7542.0,PSP_Peak_2016-06.pdf
West Bengal,2016,7,7453.0,7434.0,PSP_Peak_2016-07.pdf
West Bengal,2016,8,7657.0,7625.0,PSP_Peak_2016-08.pdf
West Bengal,2016,10,7931.0,7886.0,PSP_Peak_2016-10.pdf
West Bengal,2016,11,7416.0,7402.0,PSP_Peak_2016-11.pdf
West Bengal,2016,12,6210.0,6207.0,PSP_Peak_2016-12.pdf
West Bengal,2017,1,6630.0,6604.0,PSP_Peak_2017-01.pdf
West Bengal,2017,2,7041.0,7036.0,PSP_Peak_2017-02.pdf
West Bengal,2017,3,7864.0,7840.0,PSP_Peak_2017-03.pdf
West Bengal,2017,4,7820.0,7793.0,PSP_Peak_2017-04.pdf
West Bengal,2017,5,7515.0,7495.0,PSP_Peak_2017-05.pdf
West Bengal,2017,6,7782.0,7768.0,PSP_Peak_2017-06.pdf
West Bengal,2017,7,7685.0,7671.0,PSP_Peak_2017-07.pdf
West Bengal,2017,8,7787.0,7757.0,PSP_Peak_2017-08.pdf
West Bengal,2017,9,8137.0,8114.0,PSP_Peak_2017-09.pdf
West Bengal,2017,10,7785.0,7777.0,PSP_Peak_2017-10.pdf
West Bengal,2017,11,6612.0,6610.0,PSP_Peak_2017-11.pdf
West Bengal,2017,12,6048.0,6045.0,PSP_Peak_2017-12.pdf
West Bengal,2018,1,6369.0,6357.0,PSP_Peak_2018-01.pdf
West Bengal,2018,2,6882.0,6879.0,PSP_Peak_2018-02.pdf
West Bengal,2018,3,8095.0,8083.0,PSP_Peak_2018-03.pdf
West Bengal,2018,4,8906.0,8899.0,PSP_Peak_2018-04.pdf
West Bengal,2018,5,8391.0,8385.0,PSP_Peak_2018-05.pdf
West Bengal,2018,6,8633.0,8603.0,PSP_Peak_2018-06.pdf
West Bengal,2018,7,9130.0,9123.0,PSP_Peak_2018-07.pdf
West Bengal,2018,8,8510.0,8415.0,PSP_Peak_2018-08.pdf
West Bengal,2018,9,8644.0,8639.0,PSP_Peak_2018-09.pdf
West Bengal,2018,10,8859.0,8850.0,PSP_Peak_2018-10.pdf
West Bengal,2018,11,7664.0,7551.0,PSP_Peak_2018-11.pdf
West Bengal,2018,12,6247.0,6225.0,PSP_Peak_2018-12.pdf
West Bengal,2019,1,6555.0,6538.0,PSP_Peak_2019-01.pdf
West Bengal,2019,2,7033.0,7024.0,PSP_Peak_2019-02.pdf
West Bengal,2019,3,6770.0,6618.0,PSP_Peak_2019-03.pdf
West Bengal,2019,4,8745.0,8699.0,PSP_Peak_2019-04.pdf
West Bengal,2019,5,9096.0,9022.0,PSP_Peak_2019-05.pdf
West Bengal,2019,6,9263.0,9088.0,PSP_Peak_2019-06.pdf
West Bengal,2019,7,9048.0,9019.0,PSP_Peak_2019-07.pdf
West Bengal,2019,8,8728.0,8720.0,PSP_Peak_2019-08.pdf
West Bengal,2019,9,8842.0,8818.0,PSP_Peak_2019-09.pdf
West Bengal,2019,10,8219.0,8219.0,PSP_Peak_2019-10.pdf
West Bengal,2019,11,6806.0,6801.0,PSP_Peak_2019-11.pdf
West Bengal,2019,12,6021.0,6021.0,PSP_Peak_2019-12.pdf
West Bengal,2020,1,6331.0,6316.0,PSP_Peak_2020-01.pdf
West Bengal,2020,2,6484.0,6482.0,PSP_Peak_2020-02.pdf
West Bengal,2020,3,7149.0,7149.0,PSP_Peak_2020-03.pdf
West Bengal,2020,4,7115.0,7109.0,PSP_Peak_2020-04.pdf
West Bengal,2020,5,7562.0,7553.0,PSP_Peak_2020-05.pdf
West Bengal,2020,6,8089.0,8073.0,PSP_Peak_2020-06.pdf
West Bengal,2020,7,8386.0,8362.0,PSP_Peak_2020-07.pdf
West Bengal,2020,8,8498.0,8480.0,PSP_Peak_2020-08.pdf
West Bengal,2020,9,8711.0,8678.0,PSP_Peak_2020-09.pdf
West Bengal,2020,10,8687.0,8681.0,PSP_Peak_2020-10.pdf
West Bengal,2020,11,7352.0,7350.0,PSP_Peak_2020-11.pdf
West Bengal,2020,12,6362.0,6354.0,PSP_Peak_2020-12.pdf
West Bengal,2021,1,6776.0,6776.0,PSP_Peak_2021-01.pdf
West Bengal,2021,2,7016.0,7008.0,PSP_Peak_2021-02.pdf
West Bengal,2021,3,8846.0,8846.0,PSP_Peak_2021-03.pdf
West Bengal,2021,4,9089.0,9087.0,PSP_Peak_2021-04.pdf
West Bengal,2021,5,8696.0,8684.0,PSP_Peak_2021-05.pdf
West Bengal,2021,6,8534.0,8523.0,PSP_Peak_2021-06.pdf
West Bengal,2021,7,8859.0,8839.0,PSP_Peak_2021-07.pdf
West Bengal,2021,8,8798.0,8781.0,PSP_Peak_2021-08.pdf
West Bengal,2021,9,8801.0,8801.0,PSP_Peak_2021-09.pdf
West Bengal,2021,10,8897.0,8854.0,PSP_Peak_2021-10.pdf
West Bengal,2021,11,6775.0,6767.0,PSP_Peak_2021-11.pdf
West Bengal,2021,12,6349.0,6343.0,PSP_Peak_2021-12.pdf
West Bengal,2022,1,6652.0,6652.0,PSP_Peak_2022-01.pdf
West Bengal,2022,2,6545.0,6543.0,PSP_Peak_2022-02.pdf
West Bengal,2022,3,8920.0,8900.0,PSP_Peak_2022-03.pdf
West Bengal,2022,4,10125.0,9900.0,PSP_Peak_2022-04.pdf
West Bengal,2022,5,8837.0,8822.0,PSP_Peak_2022-05.pdf
West Bengal,2022,6,9592.0,9564.0,PSP_Peak_2022-06.pdf
West Bengal,2022,7,9559.0,9558.0,PSP_Peak_2022-07.pdf
West Bengal,2022,8,9694.0,9690.0,PSP_Peak_2022-08.pdf
West Bengal,2022,9,9619.0,9614.0,PSP_Peak_2022-09.pdf
West Bengal,2022,10,9106.0,9101.0,PSP_Peak_2022-10.pdf
West Bengal,2022,11,7595.0,7595.0,PSP_Peak_2022-11.pdf
West Bengal,2022,12,6616.0,6533.0,PSP_Peak_2022-12.pdf
West Bengal,2023,1,7112.0,7108.0,PSP_Peak_2023-01.pdf
West Bengal,2023,2,7789.0,7789.0,PSP_Peak_2023-02.pdf
West Bengal,2023,3,8803.0,8803.0,PSP_Peak_2023-03.pdf
West Bengal,2023,4,11418.0,11414.0,PSP_Peak_2023-04.pdf
West Bengal,2023,5,10838.0,10834.0,PSP_Peak_2023-05.pdf
West Bengal,2023,6,11626.0,11626.0,PSP_Peak_2023-06.pdf
West Bengal,2023,7,10696.0,10696.0,PSP_Peak_2023-07.pdf
West Bengal,2023,8,11037.0,11037.0,PSP_Peak_2023-08.pdf
West Bengal,2023,9,10377.0,10377.0,PSP_Peak_2023-09.pdf
West Bengal,2023,10,9958.0,9958.0,PSP_Peak_2023-10.pdf
West Bengal,2023,11,8559.0,8524.0,PSP_Peak_2023-11.pdf
West Bengal,2023,12,6903.0,6903.0,PSP_Peak_2023-12.pdf
West Bengal,2024,1,7268.0,7268.0,PSP_Peak_2024-01.pdf
West Bengal,2024,2,7608.0,7608.0,PSP_Peak_2024-02.pdf
West Bengal,2024,3,9956.0,9956.0,PSP_Peak_2024-03.pdf
West Bengal,2024,4,12645.0,12640.0,PSP_Peak_2024-04.pdf
West Bengal,2024,5,12192.0,12187.0,PSP_Peak_2024-05.pdf
West Bengal,2024,6,12187.0,12187.0,PSP_Peak_2024-06.pdf
West Bengal,2024,7,11457.0,11457.0,PSP_Peak_2024-07.pdf
West Bengal,2024,8,10784.0,10764.0,PSP_Peak_2024-08.pdf
West Bengal,2024,9,11804.0,11804.0,PSP_Peak_2024-09.pdf
West Bengal,2024,10,11250.0,11249.0,PSP_Peak_2024-10.pdf
West Bengal,2024,11,8765.0,8765.0,PSP_Peak_2024-11.pdf
West Bengal,2024,12,7197.0,7196.0,PSP_Peak_2024-12.pdf
West Bengal,2025,1,7789.0,7787.0,PSP_Peak_2025-01.pdf
West Bengal,2025,2,8270.0,8270.0,PSP_Peak_2025-02.pdf
West Bengal,2025,3,10675.0,10675.0,PSP_Peak_2025-03.pdf
West Bengal,2025,4,12312.0,12312.0,PSP_Peak_2025-04.pdf
West Bengal,2025,5,12693.0,12693.0,PSP_Peak_2025-05.pdf
West Bengal,2025,6,13108.0,13108.0,PSP_Peak_2025-06.pdf
West Bengal,2025,7,12953.0,12940.0,PSP_Peak_2025-07.pdf
West Bengal,2025,8,11451.0,11451.0,PSP_Peak_2025-08.pdf
West Bengal,2025,9,11868.0,11868.0,PSP_Peak_2025-09.pdf
West Bengal,2025,10,10283.0,10283.0,PSP_Peak_2025-10.pdf
West Bengal,2025,11,9070.0,9069.0,PSP_Peak_2025-11.pdf
West Bengal,2025,12,7812.0,7812.0,PSP_Peak_2025-12.pdf
West Bengal,2026,1,8252.0,8251.0,PSP_Peak_2026-01.pdf
West Bengal,2026,2,8694.0,8693.0,PSP_Peak_2026-02.pdf
West Bengal,2026,3,10321.0,10321.0,PSP_Peak_2026-03.pdf
West Bengal,2026,4,13023.0,12946.0,PSP_Peak_2026-04.pdf
West Bengal,2026,5,13340.0,13340.0,PSP_Peak_2026-05.pdf
West Bengal,2026,6,13570.0,13570.0,PSP_Peak_2026-06.pdf
West Bengal,2026,7,12324.0,12324.0,PSP_Peak_2026-07.pdf
West Bengal,2026,8,12745.0,12745.0,PSP_Peak_2026-08.pdf
